country,party,name,uid,date,tweet_id,party_id,party_official,ches_party_id,tweet_text
Belgium,Socialistische partij anders,Jiroflée Karin,2411241452,2020-06-19 14:33:42,1273987324397961218,460,"Socialistische Partij Anders ",103,"📰 Zo stemde @DeKamerBE een 📜 van @KarinJiroflee(@sp_a) dat 🏥 verbiedt #ereloonsupplementen en andere niet gedekte kosten aan te rekenen aan patiënten gehospitaliseerd voor #COVID19. MR, @openvld en @cdenv steunden het wetsvoorstel niet.https://t.co/XowXg1fINL"
Austria,Social Democratic Party,Herr Julia Elisabeth,854535318,2021-05-05 06:45:54,1389833717783355393,479,Social Democratic Party,1301,"Im EU-Hauptausschuss des Parlaments wollte ein SPÖ-Antrag Arbeitsminister Kocher verpflichten, der EU-Initiative für höhere Mindestlöhne und mehr kollektivvertragliche Abdeckung zuzustimmen. ÖVP und Grüne stimmten gegen den Antrag. Kocher wird die gegen die Initiative stimmen."
Spain,VOX,Hermann TERTSCH,257332880,2021-05-28 14:54:40,1398291640675098626,541,VOX,527,"Ayer @ottosonnenh ex vicepresidente de Ecuador, que por cierto tiene las ideas muy claras, firmó la Carta de Madrid en defensa de la libertad y la democracia en la Iberosfera. Un honor para @hermanntertsch y para mí apadrinar el acto. pic.twitter.com/WfDGetcTjn"
Poland,Platforma Obywatelska,Radosław SIKORSKI,117029568,2021-04-02 03:17:08,1377822379213156354,175,Platforma Obywatelska,2603,"Jednolity rynek nie jest możliwy bez unifikacji prawodawstwa, pierwszeństwa prawa UE nad prawem krajowym."
Ireland,Labour Party,alan kelly,116422140,2020-10-02 16:34:58,1312068568100548609,47,Labour Party,703,Watch back the powerful statement by @PhelanVicky delivered by @alankellylabour in the #Dáil on #DyingWithDignityBill. 📝👉 https://t.co/3AqN7YbEZ4 pic.twitter.com/LqMfczBUl7
Italy,FRATELLI DITALIA,CROSETTO Guido,413916151,2020-09-08 19:35:26,1303416676759855109,104,FRATELLI DITALIA,844,"Sono incompatibile con chi professa violenza, la manifesta, la usa.Sono inconciliabile con chi odia qualcun altro perché diverso.Disprezzo chi pensa che l’avversario si prevarichi con la forza.Rispetto le idee e le persone e pretendo rispetto.La mia destra è questa, non altro"
Germany,Alliance 90/The Greens,dieter janecek,52024480,2021-06-16 10:00:04,1405102870194753540,423,Alliance 90/The Greens,304,„fehlgeleitet“ habe ich geschrieben
Greece,MeRa25,Bakadima Foteini,350800867,2021-06-07 05:05:46,1401767317441220613,569,MeRa25,417,"Με μια γωνιά της καρδιάς να γράφει, Βασίλης Μάγγος, πάντα παρών (The Walk to Paradise Garden, 1946.Photographer:W. Eugene Smith) pic.twitter.com/ax2EqKbAEO"
Slovenia,Slovenian Democratic Party Deputy Group,janez janša,258856900,2020-10-27 16:15:37,1321123393995968513,25,Slovenian Democratic Party Deputy Group,2902,"Neodvisna, javna televizija ubogljivo posluša neko politično opredeljeno zasebno pravno pisarno, ki programskemu svetu ne pusti razrešiti direktorja. Sem smo prišli. https://t.co/52Pv8c2GNc"
Spain,PSC-PSOE,"Perea i Conillas, María Mercè  ",214794461,2021-07-05 05:56:10,1411926861693730816,389,PSOE,501,JOVENES VIEJUNOS: ¡A LA FUERZA AHORCAN! https://t.co/QpRdbXe1fN Os interesa leer este artículo🌹
Spain,PSOE,"Senderos Oraá, Daniel  ",2790857133,2021-07-05 06:54:18,1411941490041966593,389,PSOE,501,¿Qué es la “#Basuraleza”?Def.1 Residuos generados por el ser humano y abandonados en la naturaleza.Def.2 Conjuntos de elementos generados por el hombre que alteran el equilibrio de los ecosistemas.Def.3 Agente del cambio global que afecta a las especies y espacios naturales. pic.twitter.com/64fvdJCP29
Greece,N.D. (New Democracy),georgios koumoutsakos,633098410,2020-04-17 18:52:41,1251222065786556418,137,N.D. (New Democracy),402,"Τις φετινές άδειες Εκκλησίες μας τις αισθάνομαι πιο γεμάτες, πιο κατανυκτικές, πιο ζεστές από ποτέ.Απόψε, αυτήν τη Μεγάλη Παρασκευή, σε αυτές τις δύσκολες ώρες, το ""Ω γλυκύ μου έαρ"" ακούγεται πιο δυνατά.Βαθιά στην ψυχή της Ελλάδας. pic.twitter.com/BwGdEzDCSk"
Spain,Cs,"Tirado Ochoa, Vicente",1096467320468312066,2021-08-03 14:41:03,1422568200542248966,387,Cs,526,Teresa Portela MEDALLA DE PLATA en el K1 200 de piragüismo y logra para #España la octava medalla en #Tokyo2020.#ElCorazóndeEspaña #VamosEspaña pic.twitter.com/nd1lxDwi2U
Poland,United Left,Śmiszek Krzysztof,3025432383,2021-07-01 11:21:15,1410559118641975297,575,United Left,2620,"Ambasada USA w 🇵🇱 przygotowała poruszający film o sytuacji osób LGBT w Polsce💬 @K_Smiszek: Wstydzę się tego, że to nie mój rząd prowadzi kampanie społeczne, które miałyby na celu podniesienie świadomości, jeżeli chodzi o prawa osób ze społeczności LGBT.https://t.co/vWZNWxvLhH pic.twitter.com/Nex3VdJmoT"
France,En Marche,Jean-Charles Larsonneur,864560669814816771,2021-01-02 22:22:27,1345495700797345794,149,En Marche,626,"Profonde tristesse à l’annonce des décès au combat du SGT Yvonne HUYNH et du BRI Loïc RISSER dans le cadre de l’opération #Barkhane. Pensées émues de toute l’@armeedeterre pour leurs familles, leurs proches ainsi que pour leur camarade blessé.#FiersDeNosSoldats 🇫🇷 pic.twitter.com/PQclXF6Erf"
Poland,Civic Platform,cezary tomczyk,52367150,2020-01-22 19:49:51,1220071092871745537,482,Civic Platform,2603,Dziękuję Warszawo! Jest moc! 💪✌🇵🇱#NowaPlatforma #NowaEnergia pic.twitter.com/KP2qTIDJDr
Spain,PP,"Bas Corugeira, Javier  ",1103313372479672320,2021-06-01 08:48:09,1399648955235979267,392,PP,502,“La ministra Montero debe explicar las consecuencias que conlleva la revisión a la baja del crecimiento económico. Debe informarnos de las medidas que piensa adoptar para reconducir esta situación y para evitar que se ponga en riesgo el estado del bienestar”. 👉 @javierbasco pic.twitter.com/pbg30arVhu
Spain,PP,"Pastor Julián, Ana María  ",307570052,2021-07-06 05:48:42,1412287367323471877,387,Cs,526,pic.twitter.com/Q7zxT8ZsD0
Spain,Vox,"Sánchez del Real, Víctor Manuel  ",53517943,2020-05-23 12:02:51,1264164891461640193,541,VOX,527,#BADAJOZ AHORA#Faselibertad#GobiernoDimision pic.twitter.com/d11PenQesg
Spain,UP,sofía fernández castañón,3495603017,2021-07-09 21:06:19,1413605456711454720,390,UP,523,Muchísima gracias! Qué bien que te haya gustado!
Poland,Civic Coalition,Kropiwnicki Robert,1323372872,2020-06-23 12:10:12,1275400762076651520,482,Civic Platform,2603,Premier Morawiecki rozpoczął zacieranie śladów w sprawie wyborów z 10.05. Chce unieważnić swoje decyzje z 16.04. Poczta pozostanie z kosztami ok 70 mln zł. Może to zapłacić 80 tys pracowników i klienci. pic.twitter.com/z2No2LY1sq
Poland,Wiosna,Robert BIEDROŃ,466781777,2020-05-20 10:15:31,1263050715582390272,549,Wiosna,2621,Składamy wniosek do @NIKgovPL o przeprowadzenie kontroli w @PremierRP oraz w @NCBR_pl ws. zakupu maseczek bez certyfikatów. pic.twitter.com/jChBtpKaLz
Spain,PP,jaime eduardo de olano vela,1637483929,2020-04-10 13:00:19,1248596675423342593,387,Cs,526,"El Gobierno sigue dejando en la cuneta a la inmensa mayoría de los autónomos,sigue sin escuchar y dándole la espalda..👉no elimina las cuotas a quienes no trabajan y pierden ingresos👉no reduce el nivel de caída de ingresos(75%)en marzo para acceder a la nueva ayuda por cese pic.twitter.com/oUp8n3aV6d"
Austria,Social Democratic Party,Silvan Rudolf,953241222776328193,2021-01-21 12:55:45,1352238454231478272,479,Social Democratic Party,1301,"Ein großer Tag für alle, die für den Erhalt des Unfallkrankenhauses Lorenz Böhler der Allgemeinen Unfallversicherung in Brigittenau gekämpft haben! https://t.co/oE7uiUINUl"
Belgium,"Christen-Democratisch en Vlaams ",hendrik bogaert,18424692,2020-05-22 10:30:12,1263779186969362433,345,Christen-Democratisch & Vlaams,109,Je leest mn tweet verkeerd denk ik ☺️
Spain,Vox,"Contreras Peláez, Francisco José  ",192834709,2021-01-15 10:36:38,1350029118423883776,541,VOX,527,"Como le acabo de decir a @Carlodi67 : Es que, si queremos sobrevivir, hay que retirar todos esos mensajes y sustituirlos por otros que favorezcan la conservación de la sociedad. (Por eso estamos tú y yo aquí...)."
Finland,National Coalition Party,juhana vartiainen,229602587,2020-04-14 09:38:27,1249995422875168768,163,National Coalition Party,1402,Ihan omista politiikkaratkaisuista tämä on kiinni.
Germany,CDU,Matthias Hauer,1158585210,2020-02-22 14:28:57,1231224360540811264,420,CDU/CSU,301,Lieber bei #Neuwahlen ein paar Prozentpunkte verlieren als die Glaubwürdigkeit der Partei zu opfern. #CDU #Thueringen #Ramelow
Spain,Cs,"Borrego Cortés, Isabel María",803628460350509056,2020-04-15 18:08:02,1250486052046942208,387,Cs,526,"Inútil, indigno, irresponsable, incompetente, desleal... me insultan por apoyar la alarma cuando le abandonan sus socios. 4 minutos de teléfono me ha dedicado Sánchez en 24 días. ¿Esa es la lealtad y unidad que impone con una mano mientras suelta su clásico dóberman con la otra? pic.twitter.com/1NOXuaH1Rs"
Spain,Cs,"Vázquez Blanco, Ana Belén",397867366,2020-02-15 18:28:06,1228747830753361920,387,Cs,526,El horror que el gobierno de Baleares quiere tapar: Se prostituyen por unos zapatos https://t.co/ekmi0nV3Xt
Germany,AfD,Götz Frömming,809895794,2020-04-23 14:13:24,1253326109128536073,427,AfD,310,"""Für besondere Verärgerung sorgt in der Union die Tatsache, dass „bei fast der Hälfte der eingereisten unbegleiteten Jugendlichen“ der 1.1.2006 als Geburtsdatum eingetragen ist. Das Datum passt zur Altersgrenze (14 Jahre), die für den Status als Minderjähriger entscheidend ist"". https://t.co/NbgKvysD9N"
Spain,VOX,Hermann TERTSCH,257332880,2021-02-11 12:59:51,1359849632818483202,541,VOX,527,‼️ #ÚLTIMAHORA VOX aprueba con la Junta andaluza impulsar el Pin Parental.Andalucía y Murcia quedan libres de las imposiciones ideológicas en las aulas y queda garantizado la libertad de los padres a elegir la educación de sus hijos.#VOXÚtil 💪🇪🇸https://t.co/VM8x8lMGhG
Slovenia,Slovenian Democratic Party Deputy Group,danijel krivec,394674420,2021-01-09 08:27:24,1347822269125505026,25,Slovenian Democratic Party Deputy Group,2902,"Bojan Požar sinoči na SLO3, pri @IPirkovic: Saj Tanja ne vodi politike stranke, ona samo tvita.Kaj že očitajo predsedniku vlade? Matjaž Han tega nikoli ne pozabi povedat. To nekateri ravnatelji nato prenašajo tudi na učitelje. In kurijo. https://t.co/oTGuLvdlzx"
Poland,Civic Platform,maria małgorzata janyska,2724920673,2020-01-12 19:48:16,1216446816767684608,482,Civic Platform,2603,WOŚP gra 😊❤️👍 https://t.co/LpKRJLISWy
Greece,Nea Demokratia,Elissavet VOZEMBERG-VRIONIDI,385358076,2020-10-02 16:01:38,1312060181027663872,200,Nea Demokratia,402,Θα ήθελα η αντιπολίτευση να ασκεί πολιτική με επιχειρήματα! Οι θέσεις της Ελλάδας αποτυπώθηκαν στο τελικό κείμενο. Στα εθνικά θέματα δεν θα έπρεπε να υπάρχει μικρόψυχη κριτική! @_Alpha989
Spain,"ERC-CATSÍ ",gabriel rufián romero,2904896141,2021-01-10 18:12:57,1348332012705353747,402,"ERC-CATSÍ ",511,"Pues ya es Ingeniero de Caminos, Canales y Puertos. https://t.co/euK2UVGcUq"
Ireland,Solidarity - People Before Profit,Paul Murphy,270850017,2021-06-26 12:38:09,1408766533564829701,128,Solidarity - People Before Profit,709,Very large demo outside the Dail calling for #MakeNMHours. We need our National Maternity Hospital and all our healthcare to be fully public as part of a National Health Service. pic.twitter.com/0pTLpVnFbJ
France,Parti socialiste,Sylvie GUILLAUME,167328296,2020-03-05 13:33:00,1235558936113102848,228,Parti socialiste,602,Les groupes conservateur @PPE et libéral @RenewEurope du Parlement ont bloqué un accord qui aurait permis un véritable changement dans la conduite des politiques économiques en réponse aux enjeux écologiques et sociaux @AuroreLalucq @TheProgressives https://t.co/JYbSjngDiQ
Ireland,Fianna Fáil,Brendan Smith,430714461,2021-07-09 18:44:58,1413569887444819969,126,Fianna Fáil,701,Best of luck to all the Cavan U20 players and management team v Down in #KingspanBreffni this evening. https://t.co/55LMhi879U
Ireland,Sinn Féin,donnchadh á laoghaire,20936855,2021-07-19 20:39:53,1417222684417699843,7,Sinn Féin,707,"🏠 Building more homes is a priority for Sinn Féin. Today, our Minister @DeirdreHargey visited the site of 119 new homes being built in Derry at @SeanDolans GAC. We'll continue working to deliver the biggest house building programme 🏠 pic.twitter.com/UtFlja8H47"
Sweden,Mod,"Beckman, Lars ",298744792,2020-08-08 10:17:13,1292042172838092801,42,Mod,1602,Roligt ändå att vänsterextrema våldsbejakande @StiftelsenExpo gör reklam för vår lilla bokmässa🇸🇪👌🏻#svpol
Ireland,Fine Gael,joe mchugh,236912210,2021-05-18 19:31:01,1394737308277030912,127,Fine Gael,702,Beo anois @7LATG4 ag labhairt faoi #Mica #DúnnanGall ; discussion now on @TG4TV about #Mica in #Donegal pic.twitter.com/SFKOEoBQaa
Spain,Vox,"Espinosa de los Monteros de Simón, Iván  ",48976307,2021-06-24 11:28:14,1408024162044727298,541,VOX,527,Llegan los líderes de @vox_es al Tribunal Supremo para explicar su recurso contra los indultos. @libertaddigital @esRadio pic.twitter.com/ISxif1IcO2
Spain,Vox,"Méndez Monasterio, Lourdes  ",1108432169054208001,2020-07-29 07:56:04,1288382770671124482,541,VOX,527,"Así responde el ministro de Exteriores de Hungría, Péter Szijjártó, a la periodista progre de turno.👏👏👏 pic.twitter.com/mGZHh1ALov"
Finland,National Coalition Party,juhana vartiainen,229602587,2020-04-22 04:44:40,1252820593373663241,163,National Coalition Party,1402,Kiinnostaa. Seuraa sinäkin. https://t.co/9vArxR7O8B
Poland,Prawo i Sprawiedliwość,Zbigniew KUŹMIUK,357514379,2020-03-03 16:42:50,1234881932690935808,223,Prawo i Sprawiedliwość,2605,"https://t.co/nbXbptHkr7 Podniesienie wieku emerytalnego kobietom aż o 7 lat to „kradzież” emerytalnych uprawnień. A Pani @M_K_Blonska opowiada, że to była mądra i dobra decyzja. To najbardziej antyspołeczna reforma nielicząca się z ludźmi. Taka też byłaby to prezydentura..."
Sweden,Mod,"Beckman, Lars ",298744792,2020-08-14 17:31:37,1294325817833660416,42,Mod,1602,En sänkt marginalskatt skulle kunna skapa arbete motsvarande mer än15 000 årsarbetskrafter inom industrin. Detta motsvarar exempelvis nio anläggningar som Domnarvets järnverk. @teknikforetagenoch @svenaringsliv på @DNDebatthttps://t.co/KNI7zXzqGx
Italy,PARTITO DEMOCRATICO,PAITA Raffaella,455562995,2020-10-13 10:20:04,1315960488161873921,108,PARTITO DEMOCRATICO,802,"Per tutta l’estate #Toti ha detto “basta moralismo sulla movida”. Oggi propone di tornare alla didattica a distanza e chiudere le #scuole. Se questo avverrà, sarà anche a causa della sua irresponsabilità e incoerenza di posizioni. #Liguria pic.twitter.com/uzjAYCrtwS"
Poland,Civic Platform,paweł olszewski,280119771,2021-08-10 16:51:20,1425137700085157895,482,Civic Platform,2603,.@donaldtusk na Radzie Krajowej: Ten rząd nadaje się już w tej chwili tylko do jednego: do dymisji. My prędzej czy później do tego doprowadzimy.
Spain,PP,"Movellán Lombilla, Diego  ",96331240,2021-04-05 18:26:17,1379138338909790211,392,PP,502,🔴 Exigimos el cese de #Marlaska en el Consejo de Ministros de mañana.👉🏽 @abeltran_ana pic.twitter.com/jI0xZfUZYW
Italy,MOVIMENTO 5 STELLE,FIORAMONTI Lorenzo,839373926,2021-07-27 08:39:05,1419940392124944395,105,MOVIMENTO 5 STELLE,845,"Peccato che, se riusciremo ad evitare il collasso del clima planetario e quindi l'estinzione del genere umano, si salveranno anche i negazionisti, i quali invece fanno di tutto per bloccare il cambiamento."
Netherlands,People's Party for Freedom and Democracy,foort van oosten,247887593,2020-09-30 09:29:52,1311236812090769408,66,People's Party for Freedom and Democracy,1003,Vragen over de nieuwe maatregelen rondom het coronavirus? Stel ze vanavond live tussen 19 en 20 uur aan burgemeester Foort van Oosten en wethouder Wouter Struijk op #LinqFM. Bel tijdens de uitzending naar (0181) 773 349 of mail jouw vraag vooraf naar Linqmedia pic.twitter.com/86R1dA7DfG
Ireland,Fianna Fáil,james lawless,18492194,2021-06-12 14:06:54,1403715434537435146,126,Fianna Fáil,701,"Got first stage vaxxed! Well done to all the superb staff at the @punchestownrace vaccination centre, highly efficient and fast moving operation. Playing huge part in the country’s recovery and reopening. Feeling safer already! pic.twitter.com/hfpAKFXEYD"
Germany,FDP,Marie-Agnes Strack-Zimmermann,3047392319,2021-03-14 21:30:02,1371212047694888965,428,FDP,303,Gute Nacht. Morgen dann weiter im Text. Wird ja hier auch nicht einfacher. https://t.co/op9TRUQ3LO
Sweden,Lft,"Andersson, Ulla ",156348820,2020-11-11 07:30:14,1326426995845107712,40,Lft,1601,"Coronaviruset har muterat hos minkar, vilket kan göra vaccinet mindre verksamt. I trånga utrymmen ökar risken för virusspridning. Därför föreslår vi detta idag. https://t.co/jSa5p3PCoJ"
Greece,N.D. (New Democracy),Georgiadis Spyridon - Adonis,70340615,2021-04-24 07:35:16,1385859875230658570,137,N.D. (New Democracy),402,Καμμία δεν θα είχε τύχη αλλά όλες θα προκαλούσαν ταλαιπωρία στους ανθρώπους αυτούς. Σταματήστε τον λαϊκισμό. Η Κυβέρνηση Σύριζα εδώ ασυλία στον ΟΑΣΘ και στο ΤΧΣ για εξαιρετικά μικρότερους κινδύνους.
Poland,Modern,monika rosa,2775254939,2020-07-30 07:21:48,1288736534494150656,488,Modern,2618,Dzisiaj w Sosnowcu .Powiedzieliśmy Stop. Wypowiedzeniu Konwencji Stambulskiej i przemocy domowej! Stop ordo luris! #Sosnowiec pic.twitter.com/cWmefnHzLS
Greece,N.D. (New Democracy),Chatzivasileiou Anastasios (Tasos),474756525,2020-09-23 18:41:43,1308838977420627971,137,N.D. (New Democracy),402,"Στην τηλεδιάσκεψη κορυφής του @EPP τόνισα πως η συμφωνία για την επανέναρξη των διερευνητικών επαφών Ελλάδας-Τουρκίας αποτελεί θετικό βήμα επαναπροσέγγισης, ωστόσο χρειάζεται συνέχεια και συνέπεια στην αποκλιμάκωση και ανάγκη να τερματιστούν οι προκλήσεις στην κυπριακή ΑΟΖ. pic.twitter.com/1q0OrLFKJD"
United Kingdom,Labour Party,THERESA GRIFFIN,829060856,2020-10-02 10:37:16,1311978551885922304,193,Labour Party,1102,"Trump testing positive should be a wake-up call for the anti-mask brigade. This virus is deadly and wealth/status doesn’t grant immunity.Don’t wish him ill, I worked on the front line and saw patients struggle to take their final breath. I wouldn’t wish that suffering on anyone"
Germany,CDU,Matthias Hauer,1158585210,2021-06-24 18:22:39,1408128453531086852,420,CDU/CSU,301,Es ist von uns gegangen. 😢🐷 #Kapitalistenschwein pic.twitter.com/JW0cbIbaX2
Germany,Alliance 90/The Greens,Katrin Göring-Eckardt,626287930,2021-02-01 10:15:53,1356184487684673537,423,Alliance 90/The Greens,304,"Ich verurteile die Machtübernahme durch das Militär in #Myanmar aufs Schärfste. Alle Verhafteten, inkl Präs Win Myint+Staatsrätin Aaung San Suu Kyi müssen freigelassen werden. Wir unterstützen die Menschen in ihrem Willen nach #Demokratie+Menschenrechten.https://t.co/BrtmqQYtwG"
Netherlands,Democrats 66,steven van weyenberg,126360384,2021-01-09 11:29:19,1347868046581489664,70,Democrats 66,1004,Wilders radicaliseert verder. Hij plaatst zich buiten onze Grondwet en vernedert honderdduizenden Nederlanders. Laten we hier allemaal een streep trekken: Wilders kan niet meer regeren of gedogen #D66 https://t.co/tsj42Kde6g
Denmark,The Social Democratic Party,Trine Bramsen,130160241,2020-09-26 10:08:46,1309797052541534210,412,The Social Democratic Party,201,For præcis et år siden satte jeg en stribe initiativer igang på Forsvarsministeriets område. Vi er ikke i mål endnu. Men det er blevet stærkt ledelsesfokus - og vi er i fuld gang med arbejdet - ikke bare snakken #dkpol https://t.co/XvLI9jj2px
Netherlands,Party for the Animals,lammert van raan,19860633,2020-02-14 20:55:23,1228422506480119809,65,Party for the Animals,1018,Spijker op de kop door ⁦@mariannethieme⁩ en ⁦@ewaldeng⁩(Had je andere omschrijving van mij verwacht?...:-)) https://t.co/Rvzx1K19uS
Germany,Alliance 90/The Greens,renate künast,1425265488,2020-01-27 20:07:47,1221887546545840128,423,Alliance 90/The Greens,304,Dann lesen Sie doch bitte. Und verstehen - wenn’s geht.
Slovenia,Social Democrats Deputy Group,matjaž nemec,587377745,2020-05-29 12:47:17,1266350400111665153,29,Social Democrats Deputy Group,2902,"Congratulations @tfajon, the first woman to lead @strankaSD. Looking forward to continuing our common work together in these very challenging times both for Slovenia and Europe. pic.twitter.com/znf8NIN0rI"
Spain,"ERC-CATSÍ ",jordi salvador i duch,326105216,2020-12-18 17:39:33,1339988687896141825,402,"ERC-CATSÍ ",511,Gràcies per tantes i tantes raons... 😘 https://t.co/j1HXjquIAn
Poland,Law and Justice,anna milczanowska,713048482622341120,2020-06-20 15:10:51,1274359063359434752,483,Law and Justice,2605,Rafał proszę Cię ‼ W jednej krótkiej wypowiedzi minimum dwa kłamstwa z pomocą suflera #Nitras 🧐 Do Ciebie Rafał jak do dziecka #RafałNieKłam i widocznie po polsku nie rozumiesz.... https://t.co/d9AobhVTm9#WyboryPrezydenckie2020
Ireland,Fine Gael,simon harris,21117425,2020-06-20 11:05:34,1274297332511760387,127,Fine Gael,702,At 12 noon Sunday 21st June Gardaí at stations around the country will observe a 1 minute silence for our deceased colleague Detective Garda Colm Horkan and we invite members of the public to join us in expressing their condolences. #ColmRIP pic.twitter.com/iaZmm7xmWN
Ireland,Solidarity - People Before Profit,Paul Murphy,270850017,2021-07-19 11:35:54,1417085786055397381,128,Solidarity - People Before Profit,709,Three of most intense polluting sectors are: AviationDairying Oil-fired heatingRTÉ weather (TV) sponsor: Glanbia RTÉ weather (radio) sponsor: Grant BoilersNewsTalk weather (radio) sponsor: RyanairWeird how firms driving #climate breakdown all sponsor Weather?
Ireland,Fine Gael,regina doherty,32845471,2020-01-25 17:02:39,1221116181798686722,127,Fine Gael,702,Taoiseach @LeoVaradkar and Mayor Paul Bell on the Bridge of Peace this afternoon. pic.twitter.com/wdeH7KpDjD
Spain,PSOE,"Pons Sampietro, Pere Joan",22079985,2020-03-05 00:14:40,1235358028515414016,389,PSOE,501,#Galería La periodista Anabel Díez recibe el II Premio Josefina Carabias por su trayectoria profesional como periodista política y parlamentaria.  📷 Fotonoticia: https://t.co/JgVmQGch7b pic.twitter.com/A0DFLN1mv7
Spain,Vox,"Ortega Smith-Molina, Francisco Javier  ",1118941682,2021-07-22 19:38:20,1418294359280205833,541,VOX,527,"Nosotros, sí condenamos toda la violencia, con independencia de quién sea el autor o de quién sea la víctima. Otros, al contrario, solo actúan con hipocresía, sectarismo y arbitrariedad. pic.twitter.com/7opYmP1iXw"
Denmark,The Social Democratic Party,jesper petersen,1495154216,2020-09-16 07:12:56,1306128923298758656,412,The Social Democratic Party,201,"Spændende. Håber, I lykkes med forehavendet."
Poland,Civic Coalition,Borys Piotr,1718217162,2021-04-20 06:56:23,1384400535747502082,574,Civic Coalition,2619,"Szok. Doprowadzono do zagrożenia życia i zdrowia! Wirtualna Polska dotarła do stenogramów rozmów, z których wynika, że prezydent lub ktoś z jego otoczenia naciskał na pilotów. A ci w konsekwencji złamali przepisy podczas lotu z Zielonej Góry do Warszawy. https://t.co/XC9Irwjm2S"
United Kingdom,The Brexit Party,Belinda DE LUCY,1124345151642587136,2020-04-10 15:37:17,1248636176552124416,511,The Brexit Party,1110,"Good point I lived with 9 in my last year at Uni, with no garden. I’m sad how some are so quick to judge and think the very worst of people. Vast majority are taking rules v seriously."
Italy,PARTITO DEMOCRATICO,FASSINO Piero,100218289,2021-05-19 15:00:57,1395031731267424261,108,PARTITO DEMOCRATICO,802,"PACE's @pierofassino urges Israelis and Palestinians: ""We must act to stop the military escalation and give the law its voice back"". Full statement:https://t.co/B13kI8qrs9"
Slovenia,Slovenian Democratic Party Deputy Group,janez janša,258856900,2020-01-01 06:41:39,1212262592716128256,25,Slovenian Democratic Party Deputy Group,2902,"Ekipa, ki daje #Slovenija na prvo mesto, bo tudi v 2020 delala #Zate.#ZA ohranitev našega načina življenja, slovenske kulture in samobitnosti ter evropske civilizacije, temelječe na desetih božjih zapovedih in razsvetljenstvu.Srečno, ponosna  #Slovenija2020@strankaSDS pic.twitter.com/YZjz5q3rq3"
Slovenia,Slovenian Democratic Party Deputy Group,janez janša,258856900,2020-01-01 06:42:58,1212262923680337920,25,Slovenian Democratic Party Deputy Group,2902,"I am alarmed that Pastor Wang Yi, leader of Chengdu’s Early Rain house church, was tried in secret and sentenced to nine years in prison on trumped-up charges. Beijing must release him and end its intensifying repression of Christians and members of all other religious groups."
Slovenia,Slovenian Democratic Party Deputy Group,janez janša,258856900,2020-01-01 06:46:24,1212263789246263300,25,Slovenian Democratic Party Deputy Group,2902,The attack today was orchestrated by terrorists – Abu Mahdi al Muhandis and Qays al-Khazali – and abetted by Iranian proxies – Hadi al Amari and Faleh al-Fayyad. All are pictured below outside our embassy. pic.twitter.com/2QfGGrfmDd
Slovenia,Slovenian Democratic Party Deputy Group,janez janša,258856900,2020-01-01 06:46:47,1212263885748756485,25,Slovenian Democratic Party Deputy Group,2902,"Iran's Islamic theocracy has repeatedly threatened to destroy Israel, sponsors global terrorism, and would leverage the deterrence effect of a nuclear weapon to advance their anti-Western and anti-American interests. pic.twitter.com/s7GbUTfUT3"
Slovenia,Slovenian Democratic Party Deputy Group,janez janša,258856900,2020-01-01 06:48:14,1212264250846175232,25,Slovenian Democratic Party Deputy Group,2902,Today’s attack against the U.S. Embassy should not be confused with the legitimate efforts of the Iraqi protestors who have been in the streets since October working for the people of Iraq to end the corruption exported there by the Iranian regime.
Slovenia,Slovenian Democratic Party Deputy Group,janez janša,258856900,2020-01-01 15:50:56,1212400825412272128,25,Slovenian Democratic Party Deputy Group,2902,"Za @RTV_Slovenija #Novoleto2020 ne predstavlja začetek in rojstvo nečesa novega, ampak vedno znova vračanje k starim vzorcem in udinjanje nekdanjemu in sedanjemu režimu. Ravno l1972 je #UDBA ubila največ disidentov, to leto so tudi sredi LJ likvidirali #Crnogorac#sramota https://t.co/fIN0wR5cmv"
Slovenia,Slovenian Democratic Party Deputy Group,janez janša,258856900,2020-01-01 15:51:38,1212401001761853446,25,Slovenian Democratic Party Deputy Group,2902,Slika prikazuje letošnje silvestrovanje Tita v Ljubljani. Zdaj pa že razrešite Štromajerja. pic.twitter.com/lWdMRdRwPj
Slovenia,Slovenian Democratic Party Deputy Group,janez janša,258856900,2020-01-01 15:52:58,1212401338082103297,25,Slovenian Democratic Party Deputy Group,2902,"Pismo Pahorju, Židanu in Šarcu: “Igranje trubačev na predvečer državnega praznika v centru Ljubljane je zame ponižanje. Če jim je bilo dovoljenje izdano, ste sokrivi izdaje!” https://t.co/M6oChJW6B6 via @Nova24TV"
Slovenia,Slovenian Democratic Party Deputy Group,janez janša,258856900,2020-01-01 15:53:17,1212401414372245504,25,Slovenian Democratic Party Deputy Group,2902,"V enem filmu (Irishman ali Two Popes) je na televiziji slisati mislim, da nekaj podobnega kot: ""Stalin je Leninov novi obraz"". Sem se koj spomnil na ""nase"" nove obraze..."
Slovenia,Slovenian Democratic Party Deputy Group,janez janša,258856900,2020-01-01 15:53:56,1212401579057385473,25,Slovenian Democratic Party Deputy Group,2902,Norosti Marjana Šarca se nadaljujejo tudi v letu 2020! Neverjetno koga naj bi postavil na mesto državnega sekretarja za koordinacijo med ministrstvi! https://t.co/uhHXn2gY1G pic.twitter.com/gPDKfggLRt
Germany,Freie Demokratische Partei,MICHAEL THEURER,1108382916,2021-01-13 17:03:10,1349401617465028610,177,Freie Demokratische Partei,303,"Danach als Minister, weil er nicht wie angekündigt nach NRW gegangen ist."
Spain,Vox,"Del Valle Rodríguez, Emilio Jesús  ",1122839391096004608,2020-11-27 17:08:36,1332370752067297287,541,VOX,527,"""El Foro de Madrid tiene que dar lugar a estructuras permanentes de trabajo""@Santi_ABASCAL en #DisensoSaoPaulo Pueden visualizar aquí la intervención completa: https://t.co/L9tfMphcaD pic.twitter.com/M4N9FryFIE"
Poland,Civic Platform,marta golbik,3823794201,2020-04-18 21:38:30,1251626181549490183,482,Civic Platform,2603,"🖥 #POwmediach 19.04:@RKropiwnicki - @tvp_info (9:45),@MKierwinski - @PolsatNewsPL (10:00),@Leszczyna - @tvn24 (10:45), @MGolbik  - @RadiowaJedynka (12:00)."
Greece,N.D. (New Democracy),Panagiotopoulos Nikolaos,2892644871,2021-05-12 14:50:10,1392492302560636929,137,N.D. (New Democracy),402,"«Επικαλείστε ό,τι γράφεται γιατί δεν μιλάμε πολύ. Έχουμε επιλέξει να δουλεύουμε πολύ. Όταν μιλάς πολύ είναι σε βάρος, τού να δουλεύεις πολύ. Και η αίσθηση ότι γίνονται πολλά στο Υπουργείο Εθνικής Άμυνας τα τελευταία δύο χρόνια». #Νίκος_Παναγιωτόπουλος #Βουλή #Αμυντική_Βιομηχανία pic.twitter.com/QQCem5ZURi"
Spain,PSOE,"Gutiérrez Prieto, Sergio",162055437,2020-10-07 16:15:58,1313875727301959684,192,Partido Socialista Obrero Español,501,15 min le han bastado a @paconunez_ para decir 15 mentiras del @PP_CLM #compromisoconCLM pic.twitter.com/I4FrCno5tS
France,La France Insoumise,Alexis Corbière,266215308,2021-04-12 15:05:02,1381624406452092930,148,La France Insoumise,627,"Après avoir interpellé @GDarmanin et le Préfet, nous attendons une réaction de l'État contre les réseaux qui exploitent la misère. Je demande notamment qu'une réunion soit organisée avec toutes les parties prenantes : élus locaux, préfecture, associations et riverains. [2/2]"
Poland,Law and Justice,michał wójcik,725240852549894144,2020-02-13 18:16:24,1228020111300272130,483,Law and Justice,2605,Minister Sprawiedliwości @ZiobroPL powołał płk. Andrzeja Leńczuka na stanowisko zastępcy Dyrektora Generalnego @SW_GOV_PL. Decyzja została podjęta na wniosek Dyrektora Generalnego Służby Więziennej. @mwojcik_ℹ️ Więcej: https://t.co/8qjnGgiVUv pic.twitter.com/FortH3QXog
Germany,AfD,Udo Theodor Hemmelgarn,849060114388705280,2020-07-06 21:06:41,1280246816362070025,427,AfD,310,"Dachte den gibt's schon gar nicht mehr! Schafft es aber immer wiederin die Welt der ""Dummschätzer""🤪!#CDU #Maskenpflicht #COVIDー19"
Poland,Modern,katarzyna lubnauer,2279602543,2020-10-15 06:37:12,1316629178863755264,488,Modern,2618,"Teraz może być po szkole, nawet fajniej tak razem pójść. Hybrydowe nie oznaczają laby, tylko cześć zajęć on line, może być w czasie rzeczywistym."
Poland,Civic Coalition,Nowacka Barbara,291740186,2021-07-06 21:45:18,1412528104149590025,574,Civic Coalition,2619,Wtorek zaczynamy od dobrej rozmowy koalicyjnej z @barbaraanowacka ✌️🇵🇱👉 Przewodniczący @donaldtusk #PoZwycięstwo pic.twitter.com/jxF9BhGyGx
Belgium,Vlaams Belang,Troosters Frank,185283970,2021-05-27 20:56:03,1398020196095434752,334,Vlaams Belang,112,"Als rechters volgens zogenaamde liberalen als @PatrickDewael meningen moeten beoordelen, dan moeten we rechters ook kunnen verkiezen. Politiek benoemde rechters nu is gewoon outsourcen van censuur om je politieke tegenstander het zwijgen op te leggen. #terzaketv"
Sweden,Lib,"Pehrson, Johan ",21866399,2020-02-19 19:24:22,1230211541347315715,41,Lib,1604,Verkligen. Att få män att prata är extremt viktigt! Och att vi alla får insikter om ångest och depressioner som del av livet. pic.twitter.com/4nL5jET5IB
Pyrénées-Orientales,Front national,LOUIS ALIOT,316956459,2020-04-17 06:54:48,1251041403301494785,159,Front National,610,"""Le jour d'après, ils devront mettre un terme à la verticalité administrative et à la prédominance de Bercy sur le soin."" Le Docteur Jérôme Marty pointe les vraies failles de notre système de santé : verticalité administrative et primat de l’économie. https://t.co/dDSYmo9w8H"
Sweden,ChrDem,"Jacobsson, Magnus ",114281672,2021-07-24 12:02:42,1418904470252146694,44,ChrDem,1606,"Har sett en sammanställning på det vid något tillfälle bla pga befolkningsutvecklingen över tid, så är de de ateistiska ideologierna som har mördat flest. Kyrkan tar avstånd i från kyrkans historiska våld, medans kommunister tenderar att ursäkta brotten."
Belgium,"Centre démocrate humaniste ",catherine fonck,1392844044,2020-04-09 07:01:14,1248143921420611588,324,Centre Démocrate Humaniste,108,13.000 lits sont disponibles ds les hôpitaux. Je propose d’y créer des unités pr les résidents âgés atteints du #covid19. Pour hospitaliser les aînés très malades et geler les retours à domicile et en #MaisonsDeRepos pour y diminuer la pression. 3/4  #07h50 #belrtl
Italy,MOVIMENTO 5 STELLE,dalila nesci,473107684,2020-10-17 09:15:46,1317393857051504641,105,MOVIMENTO 5 STELLE,845,Dalila Nesci: «Rifondiamo il Movimento 5 Stelle in senso democratico» | il manifesto https://t.co/urO90OFDu0
Spain,PSOE,"Gutiérrez Prieto, Sergio",162055437,2021-02-09 21:02:33,1359246329977982978,192,Partido Socialista Obrero Español,501,Vacunarse contra la ocurrencia https://t.co/ihQUnsS4Zn @Sergio_GP @jaregatero @pscmpsoe #CLMpressDigital pic.twitter.com/K9jjExsqsn
Spain,Vox,"Ramírez del Río, José  ",1113813322170863616,2021-07-23 19:08:40,1418649281809076225,541,VOX,527,"Querido @Santi_ABASCAL desde Badajoz , y además como Ceutí/Caballa de nacimiento, estamos contigo #yotambiénsoynongratoLo que significa que no nos echarán de ningún sitio ni los traidores ni los cobardes.  toda España es de todos los Españoles. pic.twitter.com/oOYrV1qOJU"
Poland,Polish People's Party-Kukiz15,Łopata Jan,928228270759403520,2020-11-27 07:44:36,1332228819382636544,484,Polish People's Party,2606,"Zybertowicz o wyroku TK ws. prawa aborcyjnego: Zostało wydane w tym terminie z powodu przestrzelenia wyobrażeń na temat stopnia konserwatyzmu społeczeństwa polskiego z rzeczywistymi trendami przemian świadomości, zwłaszcza młodego pokoleniahttps://t.co/DCp4K6ddiD pic.twitter.com/EQX6cP1LAs"
Spain,Vox,"Ortega Smith-Molina, Francisco Javier",1118941682,2021-04-14 21:47:26,1382450450658627588,541,VOX,527,"Mañana estaremos con @Ortega_Smith en Villaverde, a las 19:30, incansables frente a la izquierda totalitaria y en defensa de los madrileños libres y valientes.#ProtegeMadrid pic.twitter.com/zkfDNLVfGE"
Denmark,The Liberal Party,troels lund poulsen,2965907578,2020-05-17 10:27:51,1261966653585272832,407,The Liberal Party,202,Regeringens genopretningsplan er utilstrækkelig og uambitiøs. Fx overses fuldstændigt nødvendigheden af at kickstarte privat forbrug og eksport #dkpol https://t.co/jNH7SRrYOu
Germany,Alliance 90/The Greens,Anna Christmann,1617177360,2021-03-23 20:19:34,1374455804284178432,423,Alliance 90/The Greens,304,Genau! Wir nennen das #TechTaskforce 😊https://t.co/pTqx4MLgkd
Spain,PSOE,"Casares Hontañón, Pedro  ",378525757,2021-06-29 12:23:48,1409850083504496644,389,PSOE,501,"Conquistar DD.HH., impulsar la igualdad, trabajar para que todos/as vivamos libres, sin miedo. En ello avanzamos con el anteproyecto de Ley #Trans y de igualdad #LGTBI. Nos situamos a la vanguardia internacional y reconocemos el derecho a ser quien cada uno quiera ser. ¡Seguimos! pic.twitter.com/cfRHi4sNSg"
Greece,Nea Demokratia,Maria SPYRAKI,339846503,2020-05-08 13:41:55,1258754001836875776,200,Nea Demokratia,402,Λαγκάρντ: «Η ΕΚΤ λογοδοτεί στο Ευρωπαϊκό Κοινοβούλιο» | Διεθνής Οικονομία | Η ΚΑΘΗΜΕΡΙΝΗ https://t.co/c6nTTRZ2yK
Greece,SYRIZA (Coalition of the Radical Left),ioannis sarakiotis,709702013865562112,2021-01-22 16:35:29,1352656138341376000,135,SYRIZA (Coalition of the Radical Left),403,Φωτίου – Σαρακιώτης για ΤΕΒΑ: «Η κυβερνητική ανικανότητα στερεί ακόμη και το ΤΕΒΑ από τους ευάλωτους πολίτες» https://t.co/X8r2YlNWwT
Finland,National Coalition Party,Juhana Vartiainen,229602587,2020-10-29 21:06:32,1321921382670831618,163,National Coalition Party,1402,"Kaikki tiedostavat sen. Mutta meidän yksityisen sektorin arvonlisä (tulonmuodostus) on todellakin liian pieni, jotta selviäisimme julkisista palvelu- ja tulonsiirtovastuista. Siksi työssäkäynnin lisääminen, työperäinen maahanmuutto ja menosäästöt ovat ihan välttämättömiä."
Poland,Law and Justice,joanna lichocka,59783143,2021-05-07 20:34:50,1390767098335539203,483,Law and Justice,2605,Dramat ;) https://t.co/5WWG7NO7qg
Ireland,Fine Gael,josepha madigan,2154117425,2020-04-23 20:29:17,1253420701609910272,127,Fine Gael,702,"As you may have heard @yevagabonds announce at the end of the live stream, we are delighted to say we'll be back in @whelanslive on Tuesday night with music from @SorchaRichardsn.  #Courage2020 pic.twitter.com/r6dknDFfh9"
Portugal,Partido Socialista,CARLOS ZORRINHO,34423857,2020-10-22 19:45:02,1319364157356068864,180,Partido Socialista,1205,"@czorrinho : ""As metas definidas para 2030, quer para a redução de emissões, quer para a incorporação de energias renováveis, quer para o aumento da eficiência energética, continuam ao nosso alcance.""#EPlenary 👇🏻 pic.twitter.com/XLVNynU6rt"
France,La France Insoumise,Adrien Quatennens,3023497329,2020-07-21 05:46:04,1285450953026686981,148,La France Insoumise,627,C’est de la pipe ! https://t.co/Z3YjBcec2f
Finland,The Finns Party,Jani Mäkelä,489523654,2021-07-16 10:51:21,1415987410618535939,170,Finns Party,1405,"Kävipä niin, että @KristaKiuru istuu katsomossa ilman maskeja turvavälejä mitään ja kaavailee ravintolarajoituksia muille. https://t.co/7LNIxrRE4j"
Germany,Christlich Demokratische Union Deutschlands,Hildegard BENTELE,2429391577,2020-04-27 09:51:06,1254709648491495424,186,Christlich Demokratische Union Deutschlands,301,"Ja, klar! Feier nachholen!"
Spain,JxCat-JUNTS,"Boadella Esteve, Genís  ",541483505,2020-12-07 12:08:56,1335919219624521729,590,JxCat-JUNTS,550,"El diputat del @Pdemocratacat @Ferran_Bel ha explicat a #LEBREALDIA que Tremosa ""no és l'únic conseller que m'ha trucat perquè negocie partides del pressupost"". 💬 ""A totes aquelles persones de Junts que ens critiquen tant fàcilment els hauríem de demanar un poc de coherència"" pic.twitter.com/YJgkPH9Hgj"
Netherlands,Party for Freedom,harm beertema,144487331,2020-02-10 22:25:02,1226995517911183360,62,Party for Freedom,1017,Totale gekte! Hoeveel bewijzen wilt u nog dat dit kabinet extreemlinks wordt aangestuurd? Er komt een wet waarin staat dat het bedrijfsleven voor de top niet meer mag selecteren op kwaliteit. Er moeten excuusvrouwen in.  https://t.co/ZAHcmpCzcy
Spain,PSOE,"Pons Sampietro, Pere Joan  ",22079985,2021-05-20 09:09:51,1395305762059079683,389,PSOE,501,"Luna es estudiante en prácticas de Integración Social. Hoy ha sido acosada por redes y se ha tenido que cerrar Twitter, según dice @_anapastor_, después de hacerse viral por tener este gesto de empatía con alguien que sufre. Yo estoy en tu equipo, Luna.#GraciasLuna#OrgulloLuna pic.twitter.com/xIcztSvfBA"
Spain,Vox,"Toscano de Balbín, Carla",3050371833,2021-01-11 19:45:34,1348717708100169733,541,VOX,527,Lo más sangrante y a la vez ridículo de las campañas y cursos feministas contra los hombres es que los hombres de todos los partidos menos @vox_es los aprueban y aplauden como focas.Deberían hacérselo mirar.
Germany,SPD,niels annen,42401449,2021-03-09 20:15:57,1369381462676496385,421,SPD,302,Nach Corona-Einreiseverbot: 90 Seeleute treten Heimreise an. Der ⁦@ndr⁩ berichtet: “Fünf Monate haben SPD-Politiker Niels Annen und Hamburgs Bischöfin Kirsten Fehrs mit der Regierung von Kiribati verhandelt“ ⁦@nordkirche_de⁩ ⁦@spdhh⁩  https://t.co/iJEsHcjv9n
Netherlands,GreenLeft,tom van der lee,51998285,2020-05-07 17:12:33,1258444623774613506,74,GreenLeft,1005,"Dus eind 2019 was het gat met het Urgendavonnis nog 16,3 Mton.  En dus geen 9 Mton zoals PBL in december 2019 nog zei. https://t.co/NLbfATylcD"
Poland,Civic Coalition,Szłapka Adam,507995154,2020-10-16 10:27:00,1317049395066687495,488,Modern,2618,"Wraz z mec. @SylwiaGAbram złożyliśmy w imieniu prof. UW Jakuba Urbanika pozew o ochronę dóbr osobistych przeciwko Przemysławowi Czarnkowi, w związku z jego homofobicznymi, dyskryminacyjnymi wypowiedziamihttps://t.co/GZIbY5QY1X"
Spain,Partido Popular,Juan Ignacio ZOIDO ÁLVAREZ,169843986,2020-12-06 19:26:33,1335666961104195586,201,Partido Popular,502,Un placer ayudar a difundirlos de vuestra mano. Gracias por vuestra labor. https://t.co/Pdk0as1MV5
Italy,Partito Democratico,Brando BENIFEI,87306292,2020-09-05 12:31:04,1302222717719060480,176,Partito Democratico,802,"Oggi pomeriggio a Palazzo #Caracciolo - #Napoli -Discuteremo di #Europa e noi insieme a @bobocraxi , @brandobenifei e @LivioValvano .#festadeisocialisti#Napoli #4-6settembre pic.twitter.com/7Wknys6mNm"
Spain,PP,"Tirado Ochoa, Vicente  ",1096467320468312066,2020-10-18 17:00:23,1317873170930634754,387,Cs,526,Que la justicia llegue a #Formentera pic.twitter.com/0j0nZRpJZb
Spain,Cs,"Hoyo Juliá, Belén",239779545,2021-05-05 18:51:02,1390016200818765838,387,Cs,526,"Solicito convocar el Debate del Estado de la Nación tras 3 años de retraso.No se debe gobernar solo para media España, pero Sánchez gobierna contra la otra media.No podemos seguir pagando las facturas de la izquierda y nacionalistas ni soportar este sabotaje a nuestro futuro. pic.twitter.com/VicnSHHL5h"
Italy,Lega,Elena LIZZI,1125768066,2020-06-01 10:14:54,1267399215950565377,509,Lega,811,Punto a capo! Servono i Voucher! La regolarizzazione dei migranti è stata solo propaganda e non ha aiutato i nostri imprenditori agricoli!https://t.co/AxDr5JzlqR
Spain,PP,"Vázquez Blanco, Ana Belén  ",397867366,2020-02-19 06:33:52,1230017641319936000,387,Cs,526,Chulería y prepotencia en estado puro!! #abalosdimisión https://t.co/Ylo0ggkKZd
Latvia,"The New Conservative Party ",Tālis Linkaits,96410804,2020-06-19 15:00:36,1273994096726601729,93,"The New Conservative Party ",2416,"Ceļi tiek laboti un sajūta ir tāda, ka VISUR! Lai arī ir sarežğījumi pārvietojoties, PRIECĀJOS!!!"
Germany,Alliance 90/The Greens,Britta Haßelmann,1131092102,2020-09-05 16:24:30,1302281460901187584,423,Alliance 90/The Greens,304,Liebe Steffi von Herzen alles Gute und Glückwunsch Dir! 🌻🌻🌻
Sweden,Grn,"Tovatt, Lorentz ",183553683,2020-04-02 21:34:37,1245826998817169409,39,Grn,1607,Det håller jag med om. Vi har alltid haft utgångspunkten att pengarna ska tillbaka
Italy,FORZA ITALIA - IL POPOLO DELLA LIBERTA - BERLUSCONI PRESIDENTE,roberto occhiuto,85264321,2020-05-07 11:39:28,1258360800995131394,107,FORZA ITALIA - BERLUSCONI PRESIDENTE,815,"Fino a ora, su decisioni fondamentali per il Paese, #Conte ha fatto tutto da solo. ""Vi consento, vi concedo..."". Basta! Il 𝗣𝗮𝗿𝗹𝗮𝗺𝗲𝗻𝘁𝗼 non può più concederlo a lui! ⤵️ pic.twitter.com/wT0EPUpmU5"
Italy,Partito Democratico,Caterina CHINNICI,2262477443,2021-05-01 11:23:16,1388453964740497412,176,Partito Democratico,802,"#1maggio, #Mattarella: La festa del #lavoro è festa della democrazia, perché il lavoro è fondamento della Repubblica.La Repubblica non potrebbe vivere senza il lavoro pic.twitter.com/1EpYJt474S"
Greece,MeRa25,Bakadima Foteini,350800867,2021-03-31 18:59:09,1377334668396093441,569,MeRa25,417,Πρώτη γυναίκα πρόεδρος του ΣΕΓΑΣ η Σοφία Σακοράφα https://t.co/zcvXopdDfO
Poland,Wiosna,Łukasz KOHUT,426773410,2021-05-11 08:04:50,1392027907833450499,549,Wiosna,2621,"EU-wide rules providing protection against #SLAPP suits would mark a crucial step towards ending this abusive practice! Today, a first hearing paves the way for an own-initiative report @EUparliament @woelken @RobertaMetsola Read background on SLAPPs ⬇️https://t.co/8jC0N7Xlnd"
Ireland,Social Democrats,Catherine Murphy,190987689,2020-07-26 14:14:52,1287390935081459714,133,Social Democrats,710,"Line of communication reopened. Give voice from the ground up, support our medical professionals, support all who rely on our health care system, no more excuses, cancer waits for nothing, time to prioritise the women and families in Ireland"
France,En Marche,Sonia Krimi,861587157416378368,2020-11-03 09:44:32,1323561690722689024,149,En Marche,626,Bonne nouvelle. Il faut identifier les associations en lien avec ce groupuscule d’extrême-droite #turc et les dissoudre. Ils propagent la haine dans notre pays. Nous devons être intransigeants face à ceux qui ne respectent pas les valeurs de notre République #LoupsGris @GDarmanin https://t.co/ot2mGcStYU
France,En Marche,Stéphanie Rist,807901725113851904,2021-04-13 10:00:33,1381910168955457536,149,En Marche,626,"Depuis 4 ans, nous œuvrons pour améliorer notre système de santé 💪Nous devons encore poursuivre nos efforts ⤵️https://t.co/GinuZ18x2I"
Finland,National Coalition Party,Terhi Koulumies,118725020,2021-08-01 09:01:21,1421757935294758914,163,National Coalition Party,1402,"14v tytöllä löydetty keuhkovaurioita 7 kk koronan jälkeen.The first evaluation of PASC in an adolescent, evidence of pulmonary circulation dysfunction with lung microvascular or endothelial damage as detected by CPET and chest SPECT/CT #longcovidfi https://t.co/bCkq3h0tb4"
Poland,Civic Coalition,Kluzik-Rostkowska Joanna,904085023,2021-03-22 08:13:53,1373910791183810560,482,Civic Platform,2603,".@MKierwinski w #PR24: Jolanta Brzeska została uhonorowana w #Warszawa nazwą skweru. Jeżeli ktoś z polityków chce uhonorować Jolantę Brzeską, niech przyjmie ustawę reprywatyzacyjną. Złożyliśmy projekt."
Spain,Cs,"Arrimadas García, Inés",552561770,2021-02-05 20:18:45,1357785755637137408,387,Cs,526,"No solo hay que bajar el sueldo al Presidente de la Generalitat. Hay que eliminar la paga vitalicia y los privilegios de los ex Presidentes, cosa que PSC y nacionalistas han rechazado siempre. Pedimos a todos los partidos que digan antes del #14F si se comprometen a eliminarlos👇 pic.twitter.com/Yp19tSTENx"
Greece,SYRIZA (Coalition of the Radical Left),"Vernardakis Christoforos ",801796590117801984,2020-06-15 15:13:28,1272547780142280707,135,SYRIZA (Coalition of the Radical Left),403,"Δυστυχώς, έχουμε και στην περίπτωση του ""Μεγάλου Περίπατου"" άλλη μια απόδειξη της εξιδανίκευσης της κανονικότητας και των θεσμοποιημένων μορφών διάκρισης σε βάρος των αναπήρων. https://t.co/11gWG0HPCe pic.twitter.com/yRyrTCnmvr"
Sweden,Lft,"Dadgostar, Nooshi ",282532238,2021-08-08 10:47:33,1424321378497478656,40,Lft,1601,"Ingen ska bedömas för frisk för att få sjukpenning, men för sjuk för att arbeta. @ifmetall har fem krav för en mänskligare sjukförsäkring. Läs min artikel på @ABDebatt!https://t.co/l9AqOCEGzI"
Spain,Vox,"Sánchez del Real, Víctor Manuel  ",53517943,2021-03-24 11:51:28,1374690322526183428,541,VOX,527,Llevo tiempo exigiendo un observatorio.
Germany,CSU,Thomas Erndl,2192588903,2020-12-10 11:15:48,1336993009154592769,426,CSU,308,"Völlig richtig! Über Nachbarländer, die mit #Syrien in Kontakt stehen, kann's gehen. Unsere fehlenden Beziehungen zu Damaskus können nicht #Totschlagargument sein, dass #Abschiebung|en von Gefährdern & Straftätern gar nicht möglich sind. Geht nicht, gib's nicht! @csu_bt @cducsubt https://t.co/xcPeViLrjM"
Sweden,Lft,"Andersson, Ulla ",156348820,2021-01-11 19:11:50,1348709218677891072,40,Lft,1601,Helt absurt men när högern styr så händer helt galna saker https://t.co/sZeo0cINqv
Slovenia,Slovenian Democratic Party Deputy Group,"Doblekar Boris ",156544230,2020-05-05 22:31:51,1257800202741854208,25,Slovenian Democratic Party Deputy Group,2902,"Kdo je bil Kidrič, ki se mu osebki na sliki klanjajo: ""Bil je glavni pobudnik nastanka VOS, preko katere je KPS izvajala partijske umore številnih posameznikov in skupin."" Več: https://t.co/5qpMNV1e6H pic.twitter.com/jcpr0B7qwv"
Netherlands,Democrats 66,steven van weyenberg,126360384,2020-03-31 09:36:41,1244921550924644352,70,Democrats 66,1004,"Zie mijn info op dit account, staat e-mailadres"
Germany,Alliance 90/The Greens,Stefan Gelbhaar,426582569,2020-01-13 14:39:13,1216731429725442049,423,Alliance 90/The Greens,304,Love-Anhörung zum Nahverkehr... pic.twitter.com/Zg3dBR4r1J
Sweden,Grn,"Tovatt, Lorentz ",183553683,2020-12-17 16:32:04,1339609316723142658,39,Grn,1607,"Ja, och olika sektorer är dessutom olika lätta att elektrifiera/effektivisera. Flyg har knappt nån nytta av elektrifiering medan värmepumpar kan ta större del av värmen. Osv"
Poland,Prawo i Sprawiedliwość,ZBIGNIEW KUZMIUK,357514379,2020-02-17 13:08:49,1229392256894996482,223,Prawo i Sprawiedliwość,2605,Konieczność wypłat rekompensaty TVP  i Polskiemu Radiu to efekt zaproponowanej przez rząd PO-PSL w 2008 roku ustawy zakładającej likwidację abonamentu#wieszwięcej https://t.co/fJiJcvlH7w
Finland,National Coalition Party,kai mykkänen,2295945158,2020-09-05 08:35:03,1302163322754805760,163,National Coalition Party,1402,"(1/) Siis ”Kurvisen mukaan keskustan kynnyskysymykset ovat hallitusohjelmassa ja ne ovat voimassa”, mutta näihin kuuluva julkisen talouden tasapainottaminen 2023 ei ole? ⁦@kurvisentwiit⁩ tiedämme molemmat, että suunnan ratkaisee työsuhteiden määrä. https://t.co/kYsD58nMYe"
Poland,Law and Justice,michał dworczyk,2776583390,2020-07-10 15:40:05,1281614177673633798,483,Law and Justice,2605,"Prezydent @AndrzejDuda w #Rzeszów: Przysięgam, że będę strzegł polskiej godności i racji stanu. #DUDA2020"
France,La France Insoumise,Alexis Corbière,266215308,2020-02-02 11:15:46,1223927987378302982,148,La France Insoumise,627,"Beaucoup de monde encore sur le marché de la mairie de #Bagnolet pour mener campagne avec @RaquelGarridoFr et @laurentjamet1 ""Un nouveau Printemps pour Bagnolet"" #FranceInsoumise #PCF pic.twitter.com/M8DS3GEuch"
Greece,Nea Demokratia,Maria SPYRAKI,339846503,2020-01-30 05:11:41,1222749199894306817,200,Nea Demokratia,402,"""Climate change is a global problem and that the measure that matters is global GHG emissions,"" @samanthaenergy writes in a #Policy2020 brief. ""Any 'solution' that reduces U.S. emissions, but increases global emissions, is no solution at all."" https://t.co/BQSYwSQw2F"
Poland,Law and Justice,Michałek Iwona,534747356,2021-08-03 20:09:57,1422650968584359940,483,Law and Justice,2605,"Brawo, otóż to… planowana reforma rynku pracy to dobry kierunek, a widząc że jest w rękach tak pracowitej osoby jak Min. @IwonaMichalek jest pewność że to nie są klejone na kolanie przypadkowe przepisy. Wsparcie ludzi z doświadczeniem rynkowym jak Mim. @GutMostowy to dobry znak! https://t.co/OXauOXzFqV"
Poland,Law and Justice,anna kwiecień,2564000304,2020-06-17 20:25:37,1273351113203425283,483,Law and Justice,2605,Debata w 11 osób trudno aby przyniosła niesamowity przełom. Ja widzę jeden - wielka klasa Prezydenta @AndrzejDuda2020. Przypomnę postawę  urzędujących prezydentów - A. Kwaśniewski w 2000 i B. Komorowski w 2015 odmówili wzięcia udziału w podobnej. Szacunek Panie Prezydencie!
Poland,Law and Justice,anna milczanowska,713048482622341120,2021-05-07 18:01:07,1390728416685666304,483,Law and Justice,2605,Premier @MorawieckiM w #Porto: Gorąco dyskutowanym tematem jest kwestia uwspólnotowienia szczepionek. Unia Europejska i rządy państw członkowskich wyłożyły dużo środków żeby szczepionki mogły powstać. Dlatego uwspólnotowienie szczepionek zyskuje coraz więcej zwolenników. pic.twitter.com/33ceHL8qGd
Poland,Law and Justice,Dworczyk Michał,2776583390,2020-06-29 18:25:35,1277669557797302279,483,Law and Justice,2605,"""O tym właśnie są te wybory(...)żeby przez cały czas nie były nam zadawane tego typu pytania"" pic.twitter.com/hXdT8Gm2l9"
Poland,United Left,Ueberhan Katarzyna,3730818035,2021-07-18 14:00:19,1416759744140808195,575,United Left,2620,"Na sobotnim pikniku @mlodalewica_ #wielkopolska wraz z posłem T.Tomaszewskim oraz radną K.Kubicką-Sztul - rozmawialiśmy z młodzieżą o równości, akceptacji oraz niezgodzie na dyskryminację i wykluczenie z jakiejkolwiek przyczyny - płeć, wiek, pochodzenie,sprawność czy orientacja. pic.twitter.com/KS17CdgFVu"
Ireland,Fianna Fáil,Micheál Martin,114007914,2021-04-29 17:24:26,1387820079262445576,126,Fianna Fáil,701,Taoiseach Micheál Martin announces plan to reopen society in May and June | 📲 Follow live updates: https://t.co/jU752Hdys5 https://t.co/3KfrwSNX70
Netherlands,Christian Union,joël voordewind,70167492,2020-12-08 15:36:54,1336333942295654403,73,Christian Union,1016,Vandaag debatteert de Tweede Kamer over mensenrechtenwetgeving voor #bedrijven. Wereldwijd hebben bedrijven een grote invloed op het leven van mensen. PAX steunt daarom het initiatief van @JoelVoordewind @BramvanOjikGL @MahirAlkaya en @kirstenvdhul voor een wettelijke ondergrens pic.twitter.com/2N0XFXJvwG
Netherlands,People's Party for Freedom and Democracy,han ten broeke,116766267,2020-03-06 21:53:39,1236047316878012417,66,People's Party for Freedom and Democracy,1003,"“Europees buitenlandbeleid = Europees buitengrenzen beleid”, zou ik zeggen. ⁦@LuukvMiddelaar⁩ zegt dit; Geen bescherming zonder harde grens - NRC https://t.co/fqeSFjU8Qc"
Finland,National Coalition Party,sinuhe wallinheimo,149045919,2020-11-12 16:16:10,1326921742036705280,163,National Coalition Party,1402,Kyllä ennen klo 21.00 saa ostaa. Ennen klo 9.00 ei...
France,Mouvement Démocrate,Nathalie Elimas,304899435,2020-02-26 09:59:00,1232605979201679362,152,Mouvement Démocrate,613,"La tambouille des mots, encore!Un tunnel d’amendements qui se suivent et se ressemblent:  « pas »/« jamais », « aux »/ « tous les », au jour 9 de l’examen,  à l’article 2 sur 65.La complicité des oppositions paralyse l’institution et obstrue le débat. C’est factuel.#directAN https://t.co/934o4UjI1I"
Germany,FDP,Oliver Luksic,21144568,2020-04-18 17:01:22,1251556439224655872,428,FDP,303,"Our paper got finally accepted. #COVID19 testing is important, but not with this rapid point-of-care antibody test. https://t.co/11tcyvqzGE"
United Kingdom,The Brexit Party,Christina Sheila JORDAN,1156244818827403264,2021-06-23 07:43:43,1407605272856641539,511,The Brexit Party,1110,"The pro-EUers lost the 2014 Euro elections, the 2015 general election, the 2016 referendum, the 2017 general election, the 2019 Euro elections and the 2019 general election. But @itvnews thinks it's a winner 🤦 https://t.co/90qxA2cEQB"
Slovenia,Slovenian Democratic Party Deputy Group,"Jeraj Alenka ",1714901952,2020-04-26 20:40:26,1254510673259831298,25,Slovenian Democratic Party Deputy Group,2902,"Tako še danes, ko ni več zaposlena na NIJZ, aktivno sodeluje v njihovem strokovnem svetu. Celo glasuje o predlogih sklepov in to kar preko svojega NIJZ maila. 🤔 v.d. dir. dr. Eržen pa nič... https://t.co/i5CVDwqK1X"
Malta,Partit Nazzjonalista,David CASA,2279351990,2021-06-07 11:58:24,1401871160405540868,197,Partit Nazzjonalista,3702,Best wishes to all our Maltese friends on their #SetteGiugno national holiday 🇲🇹! Today Malta commemorates its national heroes who were killed in the 1919 riots for standing up for their beliefs in a representative government. #7June #NationalHoliday pic.twitter.com/Gxx1YkKMrn
Spain,PP,"Tirado Ochoa, Vicente  ",1096467320468312066,2020-10-09 21:01:28,1314672350332424192,387,Cs,526,"El orgullo del ególatra Pedro Sánchez.Es necesario un acuerdo, no un estado de alarma. pic.twitter.com/C8xaVwNz4Q"
Poland,Bezpartyjny,ZDZISLAW KRASNODEBSKI,539156512,2021-01-10 19:08:00,1348345866428571655,223,Prawo i Sprawiedliwość,2605,Czekając na kontrrewolucję https://t.co/CwMDFDsSaC
Germany,SPD,Jens Zimmermann,449619355,2020-12-09 11:52:22,1336639823050919936,421,SPD,302,"Ach Herr Löwenstein, leider hatten Sie noch nie ein Gefühl dafür, wann man einfach mal was anerkennen kann."
Spain,Vox,"Ramírez del Río, José  ",1113813322170863616,2020-10-22 10:56:59,1319231267733372935,541,VOX,527,"Hoy, Vox va a quedarse completamente solo…con cada vez más millones de españoles que ya no tienen a nadie, salvo Vox, que se ocupe de sus necesidades y sus problemas."
Spain,Partido Socialista Obrero Español,Lina GALVEZ MUÑOZ,337259737,2020-10-08 08:43:38,1314124280452571136,192,Partido Socialista Obrero Español,501,@RTVE y @FECYT_Ciencia se unen para apoyar la difusión de la ciencia 👏y fruto de esa colaboración cada semana contenidos científicos disponibles en: https://t.co/aRqzEfn9Kf¿Un monólogo científico? 🎙️https://t.co/L9muzvTboO¿o una mirada a un🔬único? https://t.co/wwynzGc7fj https://t.co/cA2JbCrsjX
Finland,The Finns Party,Mari Rantanen,2813278060,2020-09-03 12:46:59,1301501945144840192,170,Finns Party,1405,"oh p.s. covid hasn’t disappeared yet and 1,025 people died from it today.this isn’t a hoax or fear-mongering.it’s just our sad daily reality."
Germany,The Left Party,Sahra Wagenknecht,47375691,2020-03-17 09:07:47,1239840844963811329,422,The Left Party,306,"#Coronavirus: Wie ist es möglich, dass #BuReg nach zu langem Zögern endlich Grenzen, Schulen & Cafés schließt, aber der #Krisenstab der #BuReg immer noch nicht in der Lage ist, die ankommenden Flugpassagiere aus #Risikoregionen kontrollieren zu lassen? https://t.co/45XeQhCyc8"
Greece,DEMOCRATIC COALITION (Panhellenic Socialist Movement Democratic Left),(fofi) foteini genimata,71482406,2021-03-07 16:38:18,1368601912942227456,136,DEMOCRATIC COALITION (Panhellenic Socialist Movement Democratic Left),401,"Δείτε εδώ ζωντανά την διαδικτυακή μας εκδήλωση για το κίνημα #metoo στην Ελλάδα, την επόμενη μέρα και το ρόλο των γυναικών σε αυτό.https://t.co/2jsrsvBdpN"
Italy,FRATELLI DITALIA,DONZELLI Giovanni,22127498,2021-05-02 06:16:54,1388739254474379270,104,FRATELLI DITALIA,844,"Gravissimo chiedere a #Fedez di contenersi (in TV con editore pubblico), ma #pioeamedeo dovevano essere censurati (in TV con editore privato).Libertà per la sinistra è un elastico: dipende da cosa dici."
Netherlands,SP,Sandra  Beckerman,2546001121,2021-03-22 16:21:29,1374033499708067847,69,Socialist Party,1014,Verder heb ik een speciaal pleidooi gehouden voor een snelle oplossing voor de getroffen ouders in de toeslagenaffaire en de gedupeerden van de gaswinning in Groningen. Als eerste stap naar een eerlijke overheid. Want daar is veel meer voor nodig.
France,Front National,Sébastien Chenu,493833484,2020-04-18 08:09:53,1251422688284983298,159,Front National,610,"Covid-19 : infirmières libérales, les oubliées des mesures de soutien du Gouvernement https://t.co/2XVpbpJXYY"
Finland,Left Alliance,anna kontula,203126022,2021-03-23 11:03:49,1374315943510339584,167,Left Alliance,1404,Marxin mukaan nimenomaan näin päin.
Spain,PP,"Riolobos Regadera, Carmen  ",106811959,2020-07-18 10:30:43,1284435424220413952,392,PP,502,Vete a tu casa Marlaska @interiorgob a meter la pata. Sin relevo policial en Cataluña: Marlaska no quiere molestar al independentismo: https://t.co/Pzt1CuPoaj @GPPopular @populares
Ireland,Fianna Fáil,Charlie McConalogue,197897890,2021-04-14 08:44:40,1382253461543260161,126,Fianna Fáil,701,". @McConalogue joins us this morning to discuss our Irish Farm Report and the Irish farming sector as a whole. In relation to CAP he believes""A key element of CAP will be demonstrating higher levels of climate ambition"" pic.twitter.com/D5RqhpOnHO"
Italy,LEGA - SALVINI PREMIER,BORGHI Claudio,337767301,2021-04-28 14:32:34,1387414443819257865,106,LEGA - SALVINI PREMIER,811,"La lega all'opposizione c'è stata per un anno e mezzo. Con l'ingresso di FI nel governo Draghi c'erano due possibilità, rimanere fuori irrilevanti (maggioranza ursula più che abbondante) o provare ad incidere. E' stata una scelta difficile ma se non l'avete ancora capita me sa.."
Belgium,Nieuw-Vlaamse Alliantie,Assita KANKO,52361939,2020-10-13 09:10:55,1315943085998854145,310,Nieuw-Vlaamse Alliantie,110,"Echte integratie kan pas beginnen als we moeilijke,genuanceerde en ongemakkelijke gesprekken beginnen te voeren. De radicale islam is, ondanks onze inspanningen,niet verdwenen uit de steden. We moeten onze waarden nu aan hen overbrengen en laten zien wat ze er zelf aan hebben 3/4"
France,En Marche,Bérangère Couillard,863834372125970432,2020-12-11 21:00:46,1337502610761375747,149,En Marche,626,"Soirée de travail des Relais Toutes Politiques. Plaisir d’échanger avec @BCouillard33 sur le travail à venir et notamment notre feuille de route pour 2021. Mesdames, engagez vous 💪 #EgaliteFH #formation #engagement #ToutesPolitiques @69Toutes #regionales2021 pic.twitter.com/tPbntxxj8j"
Germany,AfD,Jürgen Braun,917756296555892736,2021-07-16 14:23:27,1416040789164142594,427,AfD,310,Jürgen Braun: Aus Deutschland nur #AfD-Fraktion beim wichtigsten Treffen für die Religionsfreiheit vertreten. #IRFSummit2021 https://t.co/OUW5hcbSqn
Poland,Civic Coalition,Urbaniak Jarosław,3437755967,2020-04-06 21:47:16,1247279733928275973,482,Civic Platform,2603,Jest Was 230. Macie teraz 30 dni żeby się zastanowić i zatrzymać to szaleństwo. Odpowiedzcie sobie na pytanie czy chcecie być odpowiedzialni za wysłanie Polaków nie do urny a do trumny. @Jaroslaw_Gowin @SzumowskiLukasz @MorawieckiM @JEmilewicz @KamilBortniczuk @BaszkoBaszko pic.twitter.com/YVNdgAVmxN
Poland,Prawo i Sprawiedliwość,ZBIGNIEW KUZMIUK,357514379,2020-01-22 09:15:47,1219911527798595584,223,Prawo i Sprawiedliwość,2605,"@michalkarnowski: Dziś w Davos Polska mocno wchodzi do europejskiej debaty. ""To może zmienić gospodarczą mapę świata""#Davos2020 #Davoshttps://t.co/xEBly9RHt2"
Germany,The Left Party,petra sitte,293522998,2020-07-01 08:31:59,1278244949969055744,422,The Left Party,306,Infos zur Corona-Warn-App auf https://t.co/kzFkOwYY5mHier der aktuelle Stand der Download-Zahlen: pic.twitter.com/EC0rRkrsYf
Slovenia,Slovenian Democratic Party Deputy Group,"Tanko Jože ",1734517825,2020-06-24 22:12:26,1275914707858337794,25,Slovenian Democratic Party Deputy Group,2902,Državna proslava kot se šika.
Slovenia,Slovenian Democratic Party Deputy Group,žan mahnič,353942898,2020-03-24 06:35:38,1242339270158946305,25,Slovenian Democratic Party Deputy Group,2902,"A ne onesnazujejo okolja te svece in prispevajo h globalnemu segrevanju al kako ze? 🤔 Ajaa, ne, samo na krscanskih grobovih... V protest Jansevi vladi enega tedna so eco-friendly. 🙄 https://t.co/BtjWICBNRy"
Netherlands,Staatkundig Gereformeerde Partij,Bert-Jan RUISSEN,72240437,2020-07-09 10:38:15,1281175828857004032,315,Staatkundig Gereformeerde Partij,1006,"Er komt toch weer iemand die namens de EU landen gaat aanspreken op hun gebrek aan geloofsvrijheid. ""Beschamend dat er zoveel druk nodig was,"" wat Europarlementariër @hjaruissen betreft.👉 Lees meer: https://t.co/wrGp1eSJuX pic.twitter.com/YEisKddQ7F"
France,Les Républicains,Éric Ciotti,87886754,2021-07-22 19:45:08,1418296068698222592,155,Les Républicains,609,Je dénonce l’agression de @RenaudMuselier contre les Alpes Maritimes et les attaques indignes et diffamatoires contre @davidlisnard.Pas lui et pas ça !
France,En Marche,Matthieu Orphelin,949232324,2020-04-29 13:02:11,1255482511926480898,149,En Marche,626,Une rare démonstration d'indécence par les dirigeants du groupe @korian. #Ehpad #Covid_19 pic.twitter.com/ufBb12R7rD
Poland,Law and Justice,leszek dobrzyński,2979663893,2020-04-23 16:33:23,1253361338002411520,483,Law and Justice,2605,"Prezydent @AndrzejDuda podczas Q&A: Nic nie zagraża wypłatom z programu #Rodzina500plus. Nigdy się nie zgodzę na to, aby te świadczenia zostały zabrane polskim rodzinom. #DUDA2020"
France,En Marche,Gaël Le Bohec,864057336440213504,2021-03-17 15:15:07,1372204861010370563,149,En Marche,626,"2/2:take a break from the frenetic pace of life. Meanwhile, Claire’s experience has encouraged her to push for a better understanding of alternative therapies. “No one would suggest CBT was done by someone who wasn’t trained,” she says"
Ireland,Independent,LUKE MING FLANAGAN,54172831,2021-06-14 20:24:22,1404535206145626114,194,Independent,711,Claiming you weren't at work when you were is crossing the line. Put down a marker.
Netherlands,People's Party for Freedom and Democracy,remco dijkstra,31366216,2021-06-15 18:14:35,1404864931862913026,66,People's Party for Freedom and Democracy,1003,Cijfers kwamen destijds van VAT zelf https://t.co/KqxGsK2V5J
Slovenia,Slovenian Democratic Party Deputy Group,janez janša,258856900,2021-07-15 07:23:50,1415572799452758017,25,Slovenian Democratic Party Deputy Group,2902,"Pa kaj si ti ja malo nor. 🤣""Leva sredina"", kot jim kreativno pravijo mediji je vsak dan bolj komična. pic.twitter.com/JpuZWwyN2N"
United Kingdom,Scottish National Party,Christian ALLARD,932563111,2020-09-23 19:20:40,1308848778238197761,178,Scottish National Party,1105,"From Scotland to Kent, yesFrom Calais to Boulogne, ouiIn Kent, no"
France,En Marche,Pieyre-Alexandre Anglade,1255991936,2020-08-12 21:21:10,1293658811518062592,149,En Marche,626,Quelle Qualification du @PSG_inside !Magnifique #PSG qui ne lâche rien et qui va en demi-finale de la @ChampionsLeague le soir des 50 ans du club pour la première fois depuis 25 ans ! #AllezParis #victoirepourles50ans #PSGAtalanta 🔴🔵 https://t.co/ls3ingPYBv
Sweden,Lft,"Esbati, Ali ",61481011,2021-05-31 06:10:37,1399246923069014018,40,Lft,1601,Detta är inget mindre än en skandal. Regeringen måste nu se till att både amerikaner och danskar lägger korten på bordet. https://t.co/aq9DI0DWtE
Denmark,The Social Democratic Party,Astrid Krag,61264905,2020-10-23 08:05:11,1319550424140087296,412,The Social Democratic Party,201,"Tillykke, Monica. og tak for at gøre opmærksom på et vigtigt problem, som vi har et stort ansvar for at gøre mere ved ❤️"
Poland,Civic Coalition,Kluzik-Rostkowska Joanna,904085023,2020-11-17 08:35:54,1328617850748235776,482,Civic Platform,2603,"""Ukazywanie kościelnej pedofilii jest atakiem na Kościół i ma związek z satanizmem."" https://t.co/z0TO7Q4GbL"
France,En Marche,Monique Limon,867852249673891840,2020-05-27 10:23:15,1265589375179653121,149,En Marche,626,"""Nous voulons aller plus loin que ce qui nous est proposé : rendons obligatoire le fait d'organiser les horaires de travail entre 9h et 18h pour les agents d'entretien !Chacun est sur le même pied d'égalité et nous favorisons l'organisation en horaires de jour."" @lecocqcharlotte pic.twitter.com/bykZNNkBnv"
Poland,Law and Justice,Dworczyk Michał,2776583390,2020-02-08 21:37:21,1226258741466718208,483,Law and Justice,2605,"500 lat temu w Złotym Stoku inwestować chcieli najwięksi ówcześni biznesmeni, można nawet powiedzieć, że tu rodziła się globalizacja. Dziś, kiedy kopalnia złota jest już tylko atrakcją historyczną, nowa obwodnica miasta przejmie rolę drogi do podnoszenia zamożności regionu. pic.twitter.com/g0lHlByoL2"
Poland,Law and Justice,Kowalski Janusz,1150329318633017345,2020-11-12 15:11:07,1326905369352921088,483,Law and Justice,2605,Nie rozumie Pan znaczenia terminu „suwerenność”? W sumie - to się nie dziwię.
Germany,CSU,Volker Michael Ullrich,28446356,2020-08-23 14:51:09,1297546929258278920,420,CDU/CSU,301,La profonation du mémorial d’Oradour-sur-Glane fait honte à tous. C’est un acte qui nous met en grande colère. Au regard du massacre d‘Oradour l‘amitié franco-allemand et la réconciliation demeurent un immense don. Rien pourra oublier la mémoire!
Spain,"ERC-CATSÍ ",jordi salvador i duch,326105216,2021-02-15 12:51:00,1361296956811804672,402,"ERC-CATSÍ ",511,Spoiler #bodylanguage pic.twitter.com/KFFQeZBfAs
Spain,PP - FORO,"Gázquez Collado, Paloma  ",1107072258294669313,2020-10-12 13:04:04,1315639371090014209,599,PP - FORO,502,"España es universal. La nación de todos los españoles de ambos hemisferios unidos durante siglos por su historia, riqueza cultural y valores.Madrid es su capital, es Libertad y monarquía.Con orgullo: Viva #DiadelaHispanidad #FiestaNacionalDeEspana #12Octubre pic.twitter.com/CgxyY3iaRO"
Slovenia,Slovenian Democratic Party Deputy Group,"Jeraj Alenka ",1714901952,2021-05-15 19:27:47,1393649328133218304,25,Slovenian Democratic Party Deputy Group,2902,"Odvzema sredstva privatnim medijem v lasti slovenskih tajkunov, Odlazka, Petriča...Odlazek jih je za drobiž pokupil v zadnjih letih. Ker nadzorni organi, beri AVK, ne opravljajo svojega dela. Pa še dolžnik na DUTB je. https://t.co/l0QNqoXYLB"
Germany,SPD,burkhard lischka,36665085,2021-08-10 20:35:57,1425194229165404163,421,SPD,302,"Kostenpflichtige Tests sind gerecht. Weil jeder Erwachsene sich kostenlos impfen lassen kann. Wer es nicht tut, gefährdet sich und andere. Das kann der Staat nicht noch subventionieren. Das Geld - bisher 4 Mrd Euro - sollten wir besser für Schulen und Gesundheitssystem ausgeben."
Spain,PSOE,"Casares Hontañón, Pedro  ",378525757,2020-12-23 21:58:51,1341865883065602051,389,PSOE,501,La #educación es una palanca fundamental para impulsar la #recuperación y lograr un crecimiento más inclusivo y sostenible.La ley aprobada hoy apuesta por la excelencia y la equidad para modernizar el sistema educativo y reforzarlo como ascensor social.#Futuro@educaciongob pic.twitter.com/fsfrqihsSs
Poland,Civic Coalition,Szczerba Michał,58919878,2021-04-19 04:44:05,1384004853131747333,482,Civic Platform,2603,Nie było zamachu. Nie przeżyły trzy osoby. Ale nie o to chodzi. Miał szokować obrazem. Przekroczeniem etycznych granic twórców.Ich brakiem elementarnej empatii. Otwarte trumny. Prosektorium. Czy kolejny pokaże ekshumacje Macierewicza bez zgody rodzin ofiar? Czas powiedzieć: Dość!
Poland,Law and Justice,Gembicka Anna,1201673839,2021-02-05 11:05:08,1357646434582097920,483,Law and Justice,2605,Nowe zasady sanitarne od 12 lutego⤵️ pic.twitter.com/fFzkIvlnd9
Netherlands,Partij van de Arbeid,Mohammed CHAHIM,91821215,2021-01-19 13:41:03,1351525076806610946,305,Partij van de Arbeid,1002,Succes! 👊
Italy,MOVIMENTO 5 STELLE,CARABETTA Luca,318927329,2021-07-13 07:19:33,1414846946540412928,105,MOVIMENTO 5 STELLE,845,La lobby degli smalti in azione #ddlZan https://t.co/7lK0hLpuTK
Poland,United Left,Trela Tomasz,547089308,2021-08-19 09:49:51,1428293121448808453,575,United Left,2620,"Sposób w jaki traktuje się słabszych i potrzebujących odróżnia ludzi cywilizowanych od barbarzyńców. PiS zamiast pomocy ma do zaoferowania tylko zasieki i demonizowanie uchodźców. Warto o tym pamiętać, szczególnie w Dniu #PomocyHumanitarnej."
Poland,Law and Justice,Milczanowska Anna,713048482622341120,2021-02-06 12:04:21,1358023724855947271,483,Law and Justice,2605,"Poseł #PiS @BorowiakJoanna w #Warszawa: Dzisiaj z ust liderów Platformy Obywatelskiej nie usłyszeliśmy nic nowego. Miał być program, a usłyszeliśmy jak odsunąć #PiS od władzy."
Poland,Law and Justice,Lipiec Krzysztof,372699903,2020-03-15 20:40:07,1239290301560299520,483,Law and Justice,2605,#WspierajSeniora #Świętokrzyskie pic.twitter.com/ZQq5lQ5MQT
France,Front national,DOMINIQUE BILDE,3065992036,2021-04-20 05:54:56,1384385073882017793,232,Front national,610,"Malgré un accord sur les #migrants et des milliards d'aide, les Afghans sont les deuxièmes demandeurs d'asile de l'UE et représentent 37% des ""mineurs isolés"".😡Ma question écrite sur ce scandale, à l'aube d'un retour des #Talibans au pouvoir.👇https://t.co/Clep6eCIKv pic.twitter.com/xcIMSc6DaP"
Italy,PARTITO DEMOCRATICO,ROMANO Andrea,284706444,2020-09-02 17:24:51,1301209485336367110,108,PARTITO DEMOCRATICO,802,Le analisi cliniche confermano che #AlexeiNavalnij è  stato avvelenato con sostanze nervine. Non sono più ammesse reticenze: le autorità di Mosca hanno il dovere di consentire l'accertamento imparziale dei fatti e la individuazione di chi ha ordito e eseguito l'avvelenamento
Belgium,"Open Vlaamse Liberalen en Democraten ",egbert lachaert,50003590,2021-04-26 07:01:42,1386576203289616385,337,Open Vlaamse Liberalen en Democraten,107,Casual chique noemen ze dat. Mijne casual is met korte broek en t shirt ;-) Maar toegegeven daar is het te koud voor.
Slovenia,Slovenian Democratic Party Deputy Group,danijel krivec,394674420,2021-04-08 19:20:52,1380239236025225216,25,Slovenian Democratic Party Deputy Group,2902,Predsednik sodišča Marjan #Pogačnik bi moral biti že zdavnaj v preiskavi https://t.co/yAZGt7xoVh via @Nova24TV
Spain,PSC-PSOE,"Guinart Moreno, Lídia  ",440281129,2021-01-28 16:07:06,1354823323952181249,398,"PSC-PSOE ",501,"Comercio Interior y Turismo son competencias autonómicas y locales.☝️🏻 Pero díganselo al alcalde de Madrid, que está más pendiente de borrar un mural feminista que de poner en marcha ayudas que beneficien a la hostelería y al comercio.🏛️ @CrisLopezZamora pic.twitter.com/SC32Oy4qub"
Ireland,Social Democrats,catherine murphy,190987689,2020-07-30 17:41:51,1288892576574124034,133,Social Democrats,710,"26 of today’s cases are in Kildare, mainly due to an outbreak at a factory in the county. It’s now being linked to outbreaks in direct provision centres."
Poland,Republikanie,małgorzata janowska,835240480808054784,2020-03-01 12:27:30,1234092901501722624,483,Law and Justice,2605,Bieg #TropemWilczym. Prezydent RP uhonorowany pamiątkowym medalem przez tego młodego zawodnika 👍🏻🇵🇱🙂 pic.twitter.com/FlEpKtdGWb
Spain,PSOE,"Meijón Couselo, Guillermo Antonio",118033828,2021-06-16 18:00:06,1405223675020914697,389,PSOE,501,Gonzalo Caballero pídelle á Xunta que manteña o profesorado da covid-19 https://t.co/Nl0HT9Mk6M
Germany,AfD,Götz Frömming,809895794,2021-06-17 08:24:05,1405441103822786560,427,AfD,310,"Seit wann führt der Staat „Verhandlungen“ mit Bürgern, die sich nicht an Recht und Gesetz halten? #RigaerStrasse https://t.co/lXxr5PWNfT"
Germany,AfD,Martin Erwin Renner,2535401947,2020-09-30 21:50:25,1311423180561690629,427,AfD,310,"Der Staat ist in der Pflicht, bei der behördlichen Zuständigkeit Transparenz für betroffene Minderjährige zu schaffen, Beratungsstellen & Jugendämter finanziell und personell angemessen auszustatten, ...! #Kinderehen #Kinderehe #AfD https://t.co/WloGj2bhX7 https://t.co/M87fUuytDE pic.twitter.com/QLDFo367s5"
Belgium,Ecolo-Groen,stefaan van hecke,424093972,2020-08-18 17:52:19,1295780579619696640,458,Ecolo-Groen,104,Alvast veel succes @egbertlachaert https://t.co/8SSoC8Ta94
Spain,PP,"Vázquez Blanco, Ana Belén  ",397867366,2020-08-11 09:25:22,1293116287917457410,387,Cs,526,💣 #Cloacas #corrupcion = PODEMOSEl juez imputa a parte de la cúpula de Podemos por la 'caja B' del partido https://t.co/GOCPbESYIR
United Kingdom,Labour Party,Julie WARD,1354570123,2020-08-22 14:40:44,1297181920024027137,193,Labour Party,1102,Slow progress in EU-UK talks #Brexit @Keir_Starmer @RichardGCorbett @Jude_KD @SebDance @europesheila @julie4north @catherinemep @nottsocialist @takodanian @BrianMaguireEU @EULondonMark https://t.co/Xp7qIvvrgi
Poland,Civic Platform,joanna kluzik-rostkowska,904085023,2021-04-07 12:37:35,1379775358078234624,482,Civic Platform,2603,Z cyklu #oszczestwaipomowienia....serio same popełniły samobója...mi nie wierzysz??? 😎 pic.twitter.com/cfUOtoIHMy
United Kingdom,The Brexit Party,James WELLS,738707750570602496,2021-08-11 13:47:45,1425453890598735876,511,The Brexit Party,1110,'@talkRADIO is the only mainstream media voice asking sensible questionsMost of the media has been muzzled https://t.co/S7ad8HSlrm
Netherlands,Democrats 66,jessica van eijs,98844836,2020-02-17 16:15:34,1229439251420413954,70,Democrats 66,1004,"Nee, wel een video die terug te zien is."
Slovenia,Slovenian Democratic Party Deputy Group,"Kaloh Dejan ",372887890,2021-03-23 16:45:13,1374401860015063050,25,Slovenian Democratic Party Deputy Group,2902,"Ponovno odločanje ustavnega sodišča zaradi kršitve sodnika Čeferina, ki se v prvem odločanju ni izločil, pa bi se moral, tega sodnika ne more oprati krivde! #Odstop! https://t.co/A5c75LXjTO"
Poland,Civic Platform,monika wielichowska,2248939558,2021-07-03 13:56:05,1411322859683778561,482,Civic Platform,2603,Trzeba będzie wstąpić! Koniecznie!
France,Europe Écologie,YANNICK JADOT,117761523,2020-12-13 11:43:16,1338087086553960449,330,Europe Écologie,605,La pauvreté progresse et le gouvernement fait toujours aussi peu pour lutter contre les inégalités. Les maires eux-même lui mettent 3/20 dans son applications de ce que proposait le plan @JLBorloo #LeGrandJury pic.twitter.com/VcM4exzsTd
Germany,The Left Party,petra pau,560467206,2021-02-25 23:00:24,1365074195294601224,422,The Left Party,306,"Oh Mann, wann begreift Ihr es endlich. @CDUBerlin_AGH Habe heute gerade wieder mit meinem Freund Clemens Benninger wegen #NSU #Hanau #Halle #Kontunitäten telefoniert. #KeinSchlussstrich https://t.co/KVnRfj32fS"
Poland,Law and Justice,Mosiński Jan,753647431,2021-05-15 09:46:35,1393503063810392066,483,Law and Justice,2605,"Dzięki zmianie wprowadzonej w #PolskiŁad wspólne rozliczenie będzie możliwe nie po roku, tylko w roku zawarcia związku małżeńskiego.#NowaNadzieja"
Spain,JxCat-JUNTS,"Illamola Dausà, Mariona  ",441732574,2021-05-10 06:05:59,1391635609622618112,590,JxCat-JUNTS,550,"Bon #DiadEuropa! Tot i tenir més de 10 milions de parlants i ser la 13a llengua més parlada, el català no és llengua oficial 🇪🇺 i això comporta conseqüències negatives.Seguirem treballant perquè el català sigui llengua oficial de la UE. #WhereIsCatalan"
Germany,Christlich Demokratische Union Deutschlands,David McALLISTER,17621447,2020-09-21 08:34:03,1307961277411725312,186,Christlich Demokratische Union Deutschlands,301,"EPP Foreign Affairs Ministers met this morning in Brussels, in the presence of European Commission Vice-President @MargSchinas ahead of today's Foreign Affairs Council. The focus of discussions was Belarus, migration, the Eastern Mediterranean and EU-Africa relations. pic.twitter.com/o1iwZhmeQ9"
Netherlands,Party for Freedom,edgar mulder,286297831,2021-04-26 21:01:08,1386787453839757317,62,Party for Freedom,1017,Brief zojuist naar Voorzitter Tweede Kamer verstuurd.Leden kabinet dienen strafrechtelijk vervolgd te worden!#notulenministerraad #notulen pic.twitter.com/9iCC3X5dle
Malta,Labour,rosianne cutajar,245468421,2020-09-11 05:53:49,1304297071923597312,75,Labour,3701,I reiterated that it is not #sustainable to continue to address the #immigration situation on a boat by boat basis – we cannot be left alone anymore - RA pic.twitter.com/aYkzR7XLtN
Poland,Law and Justice,Szałabawka Artur,2289701923,2020-06-15 12:18:43,1272503802063654912,483,Law and Justice,2605,"Prezydent @AndrzejDuda w #Ryki: Ze wszystkich sił staramy się walczyć z wykluczeniem komunikacyjnym, dlatego mówimy o programie m. in. budowy przystanków. #DUDA2020 #PlanDudy #ŁączyNasPolska"
Finland,Kansallinen Kokoomus,Sirpa PIETIKÄINEN,20228586,2020-06-06 18:15:57,1269332212132036609,339,Kansallinen Kokoomus,1402,WHO advises public to wear face masks when unable to distancehttps://t.co/KmtWMA5Fxt
Sweden,Mod,"Beckman, Lars ",298744792,2021-07-16 13:53:28,1416033242566873094,42,Mod,1602,Så är det. Problem bör definieras som belastande om justitieministern anser sig behöva tala om folk i Sverige som odjur som ska jagas till världens ände. Kristersson har tyvärr rätt om invandringen https://t.co/cDFzqQs37v
Germany,SPD,Karl Lauterbach,3292982985,2021-01-10 11:44:44,1348234317210775553,421,SPD,302,"(1) Wichtige Studie ⁦@ChariteBerlin⁩  zeigt, dass Selbsttestung mit AntigenSofortTest ähnlich gute Ergebnisse bringt wie gleiche Testung durch medizinisches Personal. Würde in Pflegeheimen Personal zum Selbsttest angeleitet wäre das sehr wirksam https://t.co/KzuoFoh8P7"
Ireland,Fianna Fáil,james browne,319686489,2020-12-21 12:41:56,1341000952824868864,126,Fianna Fáil,701,Delighted to see @EducateTogether are awarded the patronage of the new school for Gorey. Last week I met with Minister for Education @NormaFoleyTD1 to discuss this important project. Today is a great step forward for the new school. pic.twitter.com/xRjXBLgwKQ
Finland,Green League,krista mikkonen,1122819409,2020-01-01 19:26:38,1212455105590636544,164,Green League,1408,"Uusi vuosikymmen alkaa nyt. Tehdään yhdessä 20-luvusta reilun muutoksen vuosikymmen. Hyvää uutta vuotta ihan jokaiselle!- @MariaOhisalo, #vihreät puheenjohtaja. pic.twitter.com/sXcP7bLWkZ"
Slovenia,Lista Marjana Šarca,Klemen GROŠELJ,2373445755,2021-07-05 14:03:22,1412049467386310660,544,Lista Marjana Šarca,2915,"#video 🎞️ @Je_rca v poslanskem vprašanju @JJansaSDS:Razlika med politikom, ki sprejema odgovornost in išče rešitve, in med politikantom, ki se zateka v manipulacije. je jasna vsakič, ko iz vaših ust slišimo besede. pic.twitter.com/QYVZi2bTwp"
Poland,Law and Justice,Michałek Iwona,534747356,2020-03-31 16:24:53,1245024277742735364,483,Law and Justice,2605,❗️#TarczaAntykryzysowa już coraz bliżej. Teraz trafi do podpisu Prezydenta RP @AndrzejDuda. #koronawirus pic.twitter.com/nTXmYEzWCW
Greece,N.D. (New Democracy),christos dimas,491550694,2021-06-15 12:39:38,1404780637702311938,137,N.D. (New Democracy),402,This Diego Maradona tribute last night was incredible 🇦🇷❤ pic.twitter.com/wrmH3qMM2z
Ireland,Fine Gael,Hildegarde Naughton,181303066,2020-03-19 11:21:45,1240599337106845696,127,Fine Gael,702,All students who were due to take these tests will be awarded full marks for this portion of the exam.The decision was taken in light of the closure of schools as a result of the #Covid19Ireland virus and it will be implemented by the State Examinations Commission (SEC). https://t.co/wO1q2EzNfN
Austria,Social Democratic Party,"Drozda Thomas, Mag.",989554376,2020-06-09 18:36:56,1270424656479215618,479,Social Democratic Party,1301,Bananen-republikanisches siehe auch @ChristinaAumayr https://t.co/hdW1qSXqzc
France,Liste Renaissance,Irène TOLLERET,923116072856846336,2020-11-09 07:36:57,1325703911374786562,519,Liste Renaissance,626,Bravo au Samu31 du @CHUdeToulouse pour cet hôpital mobile. @VTrillet_Lenoir @olivierveran https://t.co/O6VyF9gvsl
Spain,"ERC-CATSÍ ",jordi salvador i duch,326105216,2020-05-26 10:59:29,1265236107593224197,402,"ERC-CATSÍ ",511,ERC pressiona Colau amb una declaració institucional contra Valls un any després de les eleccions https://t.co/LloGCKKTCt
Spain,Vox,"Ramírez del Río, José  ",1113813322170863616,2021-02-12 13:12:54,1360215301045030916,541,VOX,527,"A partir del 15F te llamarán ""señoría @IsabelLazaro_ "". Ha dicho el portavoz de VOX en el Congreso de los Diputados @ivanedlm desde Plaza  Bisbe Bonet de Tarragona. Mitin #14F de VOX #RecuperemosCataluna pic.twitter.com/zmaVDYNemk"
France,En Marche,Mireille Robert,858769856463859712,2021-01-10 15:46:19,1348295111495610370,149,En Marche,626,"3/3 Constaté que les impératifs techniques liés au vaccin ARN imposent une logistique et des précautions impeccables. Notamment la préparation par 6 doses à injecter sous 2 heures. Le système est scrupuleusement pensé, programmé et fiable. Fière de ce déploiement. #vaccination"
Slovenia,Slovenian Democratic Party Deputy Group,"Krivec Danijel ",394674420,2020-12-16 20:48:38,1339311495897866242,25,Slovenian Democratic Party Deputy Group,2902,"Saškotu Pečetu so strici obljubljali vse mogoče, denar, pozicije, slavo pa še kaj, da zruši #SNS, enako zdaj Koaliciji ustavnega loka strici obljubljajo vse mogoče, denar, pozicije, slavo pa še kaj, da zruši vlado. Za Saškota se je klavrno končalo in za #KUL se bo tudi."
Poland,Modern,monika rosa,2775254939,2020-04-04 11:53:15,1246405468047790082,488,Modern,2618,Ruszyła akcja Jedzenie dla medyka @ZGornoslaski i #IzbaRzemieślnicza w #Katowice.https://t.co/40E1l8X3eG
Spain,PP,"Cruz-Guzmán García, María Soledad  ",789120175,2020-09-23 14:54:10,1308781712617472003,392,PP,502,"Hoy logramos q se apruebe la iniciativa del @GPPopular para declarar profesión de riesgo a Los Policias Locales...Comprometidos con más de 63.000 agentes,era de justicia!! Feliz del acuerdo alcanzado y del camino iniciado! pic.twitter.com/nPnGXYxZTN"
Greece,N.D. (New Democracy),Lazaridis Makarios,189807100,2021-03-13 10:49:06,1370688361267073024,137,N.D. (New Democracy),402,"#HellenicAirForce F-16s and US Navy EA-18G from ""Zappers"" Electronic Attack Squadron 130 training in Greece. pic.twitter.com/2qubQIdrRr"
Italy,PARTITO DEMOCRATICO,ROSATO Ettore,258861907,2021-07-22 09:10:44,1418136419579662336,108,PARTITO DEMOCRATICO,802,"Apprezzo sempre chi è coerente, qualsiasi attività svolga e qualsiasi sia la sua idea politica. Ha fatto bene @GiovanniToti a sostenere importanza green pass e a denunciare le minacce ricevute dai soliti leoni da tastiera. Esprimo, a nome mio e di @ItaliaViva,  piena solidarietà"
France,Les Républicains,Valérie Boyer,276934698,2020-01-23 22:29:18,1220473611179511808,155,Les Républicains,609,Dernier conseil d’arrondissements de la mandature de la Mairie @marseille1112.Merci à @valerieboyer13 pour sa confiance ainsi qu’à tous les élus de secteur pour leur #engagement et à tous les agents municipaux. Je suis fier du travail que nous avons accompli tous ensemble ! 🙏💪 pic.twitter.com/7tUlB7ujnV
Germany,Christlich Demokratische Union Deutschlands,Dennis RADTKE,922398725183623168,2020-12-04 22:29:01,1334988104751591427,186,Christlich Demokratische Union Deutschlands,301,Bitte keine Pauschalierungen gegenüber Opern Freunden :-)
Spain,Vox,"Olona Choclán, Macarena  ",1109573601995440129,2021-05-04 22:33:04,1389709690951675906,541,VOX,527,"Que grande eres, guerrera 🤣🤣🤣"
Spain,Cs,"Martínez Granados, María Carmen  ",1056227988180795393,2020-11-20 19:37:28,1329871501252812802,387,Cs,526,🇪🇸 #SemanaNaranja de trabajo intenso en el @CsCongreso  haciendo #PolíticaÚtil: 👉 Advertencia a Sánchez:: Cs o ERC y Bildu.👉 NO a la Ley de Educación Celaá.👉 Permiso parental por cuarentena.👉 Control del estado de alarma. 📽️ ¡No te pierdas este resumen! pic.twitter.com/lT9jfFOgmx
France,En Marche,Jean-Charles Larsonneur,864560669814816771,2020-02-17 17:34:40,1229459160196157444,149,En Marche,626,"""La gauche qui ne fait rien, elle ne sert à rien. La gauche qui s'oppose à tout, elle ne sert à rien du tout !"" @StanGuerini Comment peuvent-ils s'opposer aux nombreuses avancées sociales du système universel ?! Nous votons contre le rejet du projet de loi #Retraite #DirectAN pic.twitter.com/ATorpoiJzR"
Ireland,Fine Gael,heather humphreys,2791733978,2021-03-20 21:10:31,1373381462041501697,127,Fine Gael,702,🎸🎤Another amazing performance tonight by the very talented Brid McCabe from @PearseBrothers with an original song Ballybay for drinking Tae 🫖☕️All for the Acorn Life Farney go @RocklandGAA GAA Siamsa Challenge2021 in conjunction with @MonaghanGaaNYC 🇮🇪☘️🇺🇸#mngaasiamsa21 pic.twitter.com/WeYT3PqfWG
France,En Marche,Roland Lescure,828000112215355393,2021-04-12 09:37:02,1381541862327123968,149,En Marche,626,Pour amener le taux d’impôt sur les sociétés à 28%... soit le taux qui existe en France !
Germany,Piratenpartei Deutschland,Patrick BREYER,993792060548435968,2020-12-22 11:02:22,1341338283431915520,353,Piratenpartei Deutschland,311,Hintergrund zum LKA-Skandal: https://t.co/juCkc0zDe5
Poland,Civic Coalition,Konwiński Zbigniew,4318943867,2020-02-13 10:42:30,1227905882534633473,482,Civic Platform,2603,"Wczoraj powstał Zespół Parlamentarny ds. Zdrowia Psychicznego Dzieci i Młodzieży, którego Przewodniczącą została @MGolbik. Natomiast już dziś składamy poprawkę budżetową o zwiększenie wydatków o 100 mln zł na lecznictwo psychiatryczne dzieci i młodzieży. pic.twitter.com/06N8k7l5Y5"
Cyprus,Democratic Rally,Lefteris CHRISTOFOROU,4022826012,2020-07-02 10:19:09,1278634308497035271,225,Democratic Rally,4001,Το ΕΛΚ με πρωτοβουλία @LefChristoforou @v_meimarakis @loucas_fourlas έθεσε προς συζήτηση στην Ολομέλεια του ΕΚ την τουρκική προκλητικότητα απέναντι σε Ελλάδα - Κύπρο. Επίσης ζήτησε καταδικαστικό ψήφισμα το οποίο απέρριψαν σοσιαλιστές & αριστεροί. Ξεκάθαρο. https://t.co/QUJjtcSuIQ
Slovakia,Progresívne Slovensko,Martin HOJSÍK,54799415,2020-10-23 15:28:11,1319661905552805888,555,Progresívne Slovensko,2819,"2/2 For example - you will not be able to say that an “oat drink” is an “ALTERNATIVE TO MILK”, etc."
Luxembourg,Christian Social People's Party,Reding Viviane,177179008,2020-07-17 19:58:17,1284215870886117376,98,Christian Social People's Party,3801,Do hun mer et... https://t.co/hRdRjkZbrh
Greece,SYRIZA (Coalition of the Radical Left),Pappas Nikolaos,403331236,2021-08-12 10:24:31,1425765131628187649,135,SYRIZA (Coalition of the Radical Left),403,Γνωρίζει εκ των προτέρων τις ερωτήσεις των δημοσιογράφων και διαβάζει τις απαντήσεις που δίνει.#Μητσοτακης
Slovenia,Slovenian Democratic Party Deputy Group,janez janša,258856900,2020-12-02 09:39:36,1334069699844435968,25,Slovenian Democratic Party Deputy Group,2902,Danes je @Slovenskavojska ponovno na misiji; s šotori bomo izboljšali pogoje za delo pred Infekcijsko kliniko. Hvala.Cenimo vaše delo. pic.twitter.com/UAmxsZduMK
Poland,Law and Justice,anna kwiecień,2564000304,2021-03-05 12:56:44,1367821379366707206,483,Law and Justice,2605,"Skandal! Burmistrz z PO sprzedaje kontrolowanej przez niemiecki E.ON spółce ciepłownię w Zgorzelcu. Niemcy skupują ciepłownie w całej Polsce, by je przestawić na rosyjski gaz. Wyprzedaż majątku narodowego się zaczęła. Wstrzymałem prywatyzację ciepłowni w Opolu - czas na Zgorzelec pic.twitter.com/UDaeAkyvhN"
France,Les Républicains,NADINE MORANO,413839619,2020-01-20 17:17:44,1219308039603441664,240,Les Républicains,609,Je vous donne rendez-vous demain matin en direct sur @LCI à 10h30 avec @audrey_crespo. https://t.co/DxXqC3K9ZP pic.twitter.com/guuGELlTtH
France,Les Républicains,Daniel Fasquelle,267310445,2020-04-26 17:24:38,1254461395636281345,155,Les Républicains,609,"📺🎙 Non il ne faut pas avoir recours à l’impôt encore une fois. On est déjà les champions du monde des prélèvements obligatoires, arrêtons ! Je soutiens l’idée de @francoisbaroin sur la monétisation de la dette. Nous travaillons actuellement dessus. #LeGrandJury pic.twitter.com/S16ls5gPnk"
Spain,PSOE,rafael simancas simancas,402219133,2020-05-02 09:57:47,1256523269978689536,389,PSOE,501,“Pena de gobierno de Madrid”Mi tribuna en @FSistema #2deMayo https://t.co/9azTYlQrBm
Netherlands,Forum for Democracy,thierry baudet,367703310,2020-07-06 07:06:48,1280035454780407813,68,Forum for Democracy,1051,Waarom rechtse mensen in Nederland van mentaliteit moeten veranderen willen we Links financieel en politiek verslaan. pic.twitter.com/ow9uVGNoag
Spain,PP,"Vázquez Blanco, Ana Belén  ",397867366,2020-03-28 19:18:07,1243980706826670082,387,Cs,526,El secretario Comunicación ya no sólo filtra preguntas sino qintenta corregir al DAO d ⁦@policia⁩ para defender retraso medidas ⁦@desdelamoncloa⁩ .Pero a ⁦@maoliverf⁩ le sale mal la manipulación de la compra de guantes y mascarillas. Visto en ⁦@24h_tve⁩ 👇 pic.twitter.com/ldCUwkyb8v
Ireland,Independent,Luke Ming FLANAGAN,54172831,2020-02-03 08:00:57,1224241347084853249,194,Independent,711,"At Blackrock dart station bright and early this morning chatting to commuters, only a few days left of the election campaign, vote Richard Boyd Barrett number one on Saturday #votePBP #breakthecycle #wedeservebetter pic.twitter.com/vaKYexBxT8"
Denmark,The Conservative People's Party,Mona Juul,36910691,2020-04-01 10:46:57,1245301620403048449,413,The Conservative Party,203,"Spot on. Men trods af krisen er det vigtigt, at vi holder igen og sikrer at hjælpepakker er målrettede. Det perspektiv har lidt trange kår for tiden. Der kommer en dag efter krisen, som vi også er nødt til at være fælles om."
Finland,Centre Party,mikko kärnä,531527946,2020-11-04 04:18:49,1323842110873808896,166,Centre Party,1403,There are still 2.2m mail ballots to be counted in PA - about 87% of the total. Settle in.
Poland,Law and Justice,Piechowiak Grzegorz,3247878197,2020-02-20 21:02:10,1230598543410331655,483,Law and Justice,2605,Prezydent @AndrzejDuda w Turku spotkał się z bardzo serdecznym przyjęciem. Pierwsza tura! Pierwsza tura! rozbrzmiewało wielokrotnie.#Duda2020 #DudaBus #NiechŻyjePolska pic.twitter.com/ZVT5edTCaZ
Spain,PP,"Riolobos Regadera, Carmen  ",106811959,2020-10-01 11:17:50,1311626373073711104,392,PP,502,"Varapalo de la Comisión Europea a la politizacion de la Fiscalia General del Estado. “La Fiscalía, ¿de quien depende? Pues eso"". Aquí el informe👇 pic.twitter.com/OBWzIfqpaQ"
Ireland,Independent,LUKE MING FLANAGAN,54172831,2021-06-11 09:46:49,1403287596701192192,194,Independent,711,"@TodaywithClaire if only we had an Irish MEP that was involved with the CAP negotiations cough cough @lukeming ,probably should have elected more than the one MEP in the last election 🤬🤬"
Slovenia,New Slovenia – Christian Democrats Deputy Group,"Pavlin Blaž ",400934014,2021-01-22 16:56:07,1352661331313352704,27,New Slovenia – Christian Democrats Deputy Group,2905,"Zdaj je jasno: KUL-a ni več.Te interpelacije smo se iskreno razveselili. S tem so nam omogočili, da bomo predstavili vso delo @jciglerkralj, ki je na svojem resorju v 10 mesecih za SLO naredil več dobrega kot njegovi predhodniki v 10 letih. https://t.co/qB6pq2rjBO"
Poland,Polish People's Party,krzysztof paszyk,3028061229,2021-06-15 16:28:54,1404838335277842434,484,Polish People's Party,2606,"💬 Niestety, przez głosowanie posłów Konfederacji Sejm nie wykorzystał szansy na wybór niezależnego Rzecznika Praw Obywatelskich. W @PolskiSenat kandydatura Lidii Staroń z całą pewnością upadnie. 🍀@Paslawska 📺@TakJestTVN24 pic.twitter.com/PmTf6cAd3I"
France,Front national,DOMINIQUE BILDE,3065992036,2020-09-17 11:09:49,1306550922261209093,232,Front national,610,"En délocalisant les sessions plénières du Parlement européen à Bruxelles, l'#UE ne respecte même pas ses propres textes !Le Parlement européen c'est aussi à Strasbourg, en France ! pic.twitter.com/WQYEvOidms"
Poland,Civic Platform,kazimierz plocke,3891465892,2020-02-14 16:36:56,1228357467152756741,482,Civic Platform,2603,Serdecznie dziękuję. Zacna drużyna ! Wszystkie ręce na pokład #Kidawa2020
Netherlands,GreenLeft,tom van der lee,51998285,2020-01-20 06:56:35,1219151719562731521,74,GreenLeft,1005,"‘Kloof tussen arm en rijk blijft groeien, ook Nederland is schuldig' De ruim tweeduizend miljardairs die op de wereld wonen zijn samen rijker dan 60 procent van de wereldbevolking. De kloof tussen arm en rijk wordt alsmaar groter!https://t.co/Uqio3VuR4G"
Spain,UP,juan antonio lópez de uralde garmendia,69060709,2021-04-15 09:53:38,1382633203924631554,390,UP,523,"Lo de Navacerrada por @juralde muy clarito para entenderlo en pocas palabras... si se quiere entender, claro https://t.co/1mdi8kQPP8"
Austria,Sozialdemokratische Partei Österreichs,Andreas SCHIEDER,15749452,2020-03-29 16:28:59,1244300532367458305,289,Sozialdemokratische Partei Österreichs,1301,SPÖ fordert Ende der Familienbeihilfe-Indexierung | https://t.co/6CfP2A2B9P https://t.co/eNUdotban2
Spain,Vox,"Gestoso de Miguel, Luis  ",932321656416108544,2020-07-01 09:36:58,1278261305724592129,541,VOX,527,"📚 @JoaquinRobles55 al secretario de Estado de Educación:""No puede ser que un alumno pueda realizar la EBAU en Aragón con dos asignaturas suspensas y uno de Murcia tenga que ir con todas aprobadas"".⬇⬇⬇ pic.twitter.com/dSUMuWtHZF"
Spain,PSOE,"Sánchez Jódar, Marisol  ",613233224,2020-11-03 06:54:27,1323518890408873984,389,PSOE,501,"El Gobierno ha rechazado, por el momento, recurrir al confinamiento para afrontar la segunda ola de la pandemia, a la espera de los resultados de las medidas ya adoptadas por Moncloa y las comunidades pic.twitter.com/uL6oyr9emh"
Poland,Civic Platform,mirosława nykiel,793662463,2020-07-06 16:41:06,1280179981834956800,482,Civic Platform,2603,💪Kampania na ostatniej prostej❗️My walczymy o dosłownie każdy głos. Intensywny dzień za nami i przed nami kolejne. A o 20:30➡️📺wspólnie oglądamy #ArenaPrezydencka w Lesznie z udziałem @trzaskowski_ .✌️#Trzaskowski2020 #SilnyPrezydent#DwunastegoNaTrzaskowskiego pic.twitter.com/SHBJEpPbLC
Italy,FORZA ITALIA - BERLUSCONI PRESIDENTE,BALDELLI Simone,13812612,2020-09-14 22:49:36,1305639867343396864,107,FORZA ITALIA - BERLUSCONI PRESIDENTE,815,"SAURA , fiera di VOTARE NO#DinosauriperilNO"
Finland,Centre Party of Finland,Mikko Kärnä,531527946,2021-01-23 17:01:58,1353025194181468160,166,Centre Party,1403,"Jokainen voi googlata netistä mitä haluaa ja voin kyllä mielestäni ihan vapaasti kertoa, mitä laillisesta tupakasta voi tehdä. Parempi se näin on käyttää kuin polttamalla. Kenellekään en suosittele, mutta fakta on että käytetään."
Sweden,Mod,"Beckman, Lars ",298744792,2021-01-19 18:57:23,1351604685547986947,42,Mod,1602,En grundersättning är rimlig. Så man kan överleva här. Plus sjukvård o skola till barnen. Men inte fri tillgång till alla våra bidrag.
Spain,UP,"Uriarte Torrealday, Roberto  ",3019568698,2021-01-21 20:28:15,1352352328779771905,390,UP,523,"Cuando faltan argumentos, a faltar al respeto. Venga, bloqueado"
Poland,Civic Coalition,Kierwiński Marcin,308367619,2021-03-16 10:01:28,1371763538700668930,482,Civic Platform,2603,.@MKierwinski na konferencji prasowej: Zwrócimy się również z pismem do Ministra Rolnictwa o pełne odtajnienie oświadczeń majątkowych pana @DanielObajtek.  Te oświadczenia powinny być jawne.
Poland,Civic Platform,joanna kluzik-rostkowska,904085023,2021-04-02 05:21:03,1377853565461540864,482,Civic Platform,2603,"Wyraźnie widać, niczym klatka po klatce, jak Polska pogłębia swój skręt ku Rosji. Ta nominacja to jeden z dowodów. Dokonania Doroty Kani każą oczekiwać wszystkiego najgorszegohttps://t.co/cW4xpHBFU2"
United Kingdom,The Brexit Party,Lance FORMAN,757537572,2020-08-09 10:20:00,1292405261223759872,511,The Brexit Party,1110,One of my favourite books.
Finland,Centre Party,mika lintilä,2979870159,2021-06-23 11:26:06,1407661234330259460,166,Centre Party,1403,"Lintilä paheksuu vihreän siirtymän poliittista mustamaalausta – ""Tämä on meille erittäin iso mahdollisuus"" - #politiikka https://t.co/0M2niEcj1V"
Italy,MOVIMENTO 5 STELLE,angelo tofalo,337171830,2021-02-01 21:57:15,1356360992528224258,105,MOVIMENTO 5 STELLE,845,"Splendido successo per la coppia azzurra formata dal Car. Ivan #Nagler (#Carabinieri) e Fabian #Malleier (@Esercito), che si è laureata campione del mondo vincendo l’oro ai Campionati del Mondo di Slittino, Categoria Under23 Maschile.Bravissimi! pic.twitter.com/08bzs6tDR5"
Spain,PP,antonio gonzález terol,164274777,2021-03-31 13:51:11,1377257167951134730,387,Cs,526,"La Audiencia Nacional ordena al Ministro de Justicia a readmitir al jefe de la Comandancia de la Guardia Civil en Madrid, el coronel Pérez de los CobosSe confirma que fue destituido por no querer cometer un ilícito penal, informando de una investigación en cursoSon peligrosos pic.twitter.com/qniAeV6Pxc"
Spain,PSOE,"Aceves Galindo, José Luis  ",132666884,2020-08-11 16:59:18,1293230521972142087,389,PSOE,501,"#Cuéllar #Sanidad @VirBarcones (@PSOE_Cyl) señala  la necesidad de que el #centrodesalud con #especialidades ""se desarrolle lo antes posible, con presupuesto y con plazos ciertos"". @PSOEdeCuellar @PSOEdeCuellar @JLAceves @carlos_fraile @Salud_JCYL https://t.co/RTi7WTnBxm"
Spain,Partido Socialista Obrero Español,Lina GALVEZ MUÑOZ,337259737,2020-09-10 23:49:19,1304205342046400512,192,Partido Socialista Obrero Español,501,Autismo Sevilla lamenta que más de 40 personas se vean afectadas por el cierre de las unidades de estancia diurna https://t.co/WZqACLXyRD vía @diariosevilla
Belgium,"Christen-Democratisch en Vlaams ",wouter beke,515620055,2021-06-23 14:31:46,1407707962357989380,345,Christen-Democratisch & Vlaams,109,Volgende week dinsdag zou (AZ is geen toonbeeld van stabiliteit inzake leveringen) een grote levering doen en dan zal dat lukken.  Dan zal men zich via Q vax kunnen inschrijven hiervoor
Netherlands,Party for Freedom,martin bosma,2714901547,2020-10-23 15:06:22,1319656416722956293,62,Party for Freedom,1017,To boldly go where no man has gone before. .https://t.co/ICQ1MFGy8n https://t.co/amA82JxmdD
Ireland,Fine Gael Party,SEAN KELLY,21440665,2020-06-04 11:29:28,1268505141403160576,190,Fine Gael Party,702,"Question #thenewcap . Does landscape reduction proposals refer to all land in a M.S. or is it just farmers lands that qualify for #CAP payments ? ie Can public lands, parks etc. be included in calculating a M.S. reduction?"
Spain,Vox,"Sánchez del Real, Víctor Manuel  ",53517943,2020-07-11 20:49:50,1282054516452601856,541,VOX,527,🔴🔴🔴 Importante. https://t.co/lKaMviKBNt
Spain,PP,"Prohens Rigo, Margarita  ",361322719,2021-04-19 18:05:42,1384206588550868996,392,PP,502,Cada día me siento más millonaria https://t.co/OFkQJXciU0
Poland,Law and Justice,Kwiecień Anna,2564000304,2021-02-13 21:54:26,1360708937658609671,483,Law and Justice,2605,"Pamiętam jak Premier i Prezydent odwiedzili Przekop Mierzei Wiślanej i postanowiłam sprawdzić, co się tam dzieje.Szacun, Panowie, MEGA szacun 👍 pic.twitter.com/QKeWyJD0xf"
Finland,The Finns Party,Tom Packalén,1080868712,2020-04-09 18:43:17,1248320597869936646,170,Finns Party,1405,Onko huoltovarmuuskeskuksessa joku syyllistynyt rikokseen? #maskigate #Korona https://t.co/9zDGGYzj4D
Sweden,Mod,"Beckman, Lars ",298744792,2021-04-17 06:49:48,1383311715207581697,42,Mod,1602,Jag lyssnar till företagen.Intressant lobbyinsats där en handelskammare hamnar på total konfrontation med landets mest näringslivsvänliga parti. Har aldrig sett något liknande.
Germany,CDU/CSU,andreas nick,49450039,2020-06-29 18:27:44,1277670100838031360,420,CDU/CSU,301,"Meine Frage an Stefan Mair @Der_BDI: Wie wirt. verwundbar ist 🇩🇪 im Konfliktfall mit 🇨🇳? Er unterscheidet 3 Kategorien: Volkswirt. hält sich Verwundbarkeit in Grenzen; bei Branchen (Maschinen-, Fahrzeugbau, Chemie) wird es schwieriger; einzelne Unternehmen sind sehr verwundbar."
Greece,Nea Demokratia,GEORGIOS KYRTSOS,311951299,2020-08-05 17:39:57,1291066426749591557,200,Nea Demokratia,402,Μεγάλη αύξηση ροών προσφύγων &μεταναστών από Β.Αφρική προς Ιταλία.Ενώ περιορίστηκαν δραστικά οι ροές από Τουρκία προς Ελλάδα.2 συμπεράσματα:Η πολιτική της κυβέρνησης εξαιρετικά αποτελεσματική.Η Τουρκία δεν πρέπει να ελέγξει τη Λιβύη γιατί θα εκβιάζει την ΕΕ με τις ροές.
Finland,The Finns Party,Riikka Purra,773198941,2020-08-17 10:31:55,1295307360450248706,170,Finns Party,1405,"Jo toukokuussa:""Testi täyttää EU:n diagnostiikkadirektiivin ja terveydenhuollon laitteiden ISO-laatustandardin vaatimukset. Testi mahdollistaa jokaisen oireilevan testaamisen.""""Testit tehdään näytteenottopaikassa, joten suurin osa positiivista löydöksistä saadaan heti."""
Netherlands,Socialist Party,peter kwint,239853793,2021-06-16 21:56:53,1405283261987770368,69,Socialist Party,1014,Zag de brief binnenkomen maar kwam er niet aan toe vandaag. Ik duik erin.
Slovenia,Slovenian Democratic Party Deputy Group,janez janša,258856900,2020-01-13 16:29:56,1216759295007772673,25,Slovenian Democratic Party Deputy Group,2902,"V primeru @KanglerFranc je prihajalo do številnih kršitev, s čimer se je jasno pokazalo, da se državljani delimo na #prvorazredni in #drugorazredni❗️Po številnih zaslišanjih Preiskovalna komisija jutri nadaljuje s svojim delom. @ZanMahnichttps://t.co/vn9uz8PGcY"
United Kingdom,Scottish National Party,Christian ALLARD,932563111,2020-12-05 18:36:55,1335292083922472962,178,Scottish National Party,1105,There is @MichelBarnier #indyrefJune21 pic.twitter.com/N2OZOjXTm4
Greece,SYRIZA (Coalition of the Radical Left),Katsis Marios,3325625573,2021-03-18 21:12:16,1372657126712168464,135,SYRIZA (Coalition of the Radical Left),403,"Δεν είπα ότι είναι εκλογικό αποτέλεσμα,οπως σίγουρα δεν είναι και των δημοσκοπησεων. 1.Το 2019 δεν θα ήταν ίδια μια τέτοια ανάρτηση.2.Το 2019 οι δημοσκοπήσεις εδίναν στο σύριζα 24-26% την τελευταία βδομάδα πριν τις εκλογές."
Spain,PP,"Marcos Domínguez, Pilar  ",144981542,2020-11-11 21:13:10,1326634095099715584,392,PP,502,"Que no se querían saltar la legalidad, decían. Ellos. La legalidad. pic.twitter.com/Qj7kar1QHU"
Italy,Partito Democratico,BRANDO BENIFEI,87306292,2020-11-26 17:15:30,1332010102002495490,176,Partito Democratico,802,"Il caso di #AhmadrezaDjalali, medico iraniano ed europeo condannato a morte che ora rischia l'esecuzione, è un caso che seguo da tempo. Ho chiesto a @JosepBorrellF di intervenire per la sua liberazione e, con altri colleghi, ho scritto a @HassanRouhani. No alla pena di morte."
Sweden,Grn,"Tovatt, Lorentz ",183553683,2020-07-07 19:00:06,1280577346391638016,39,Grn,1607,Hehe vet inte om du skojar. Min tweet var iaf ironisk
Italy,FRATELLI DITALIA,CROSETTO Guido,413916151,2020-05-29 15:36:13,1266392913937936386,104,FRATELLI DITALIA,844,Nemmeno Hong Kong smuove l'Europa: niente sanzioni alla Cina https://t.co/6JlU4JYBzX
Italy,LEGA NORD E AUTONOMIE - LEGA DEI POPOLI - NOI CON SALVINI,paolo grimoldi,417962415,2020-11-18 19:35:22,1329146197311971332,106,LEGA - SALVINI PREMIER,811,"#ATS #MILANO SMENTISCE PD SU ALLARME #VACCINI, BASTA BUGIE SULLA PELLE DEI CITTADINI, BASTA FALSI ALLARMI! Leggi 👇🏻https://t.co/CbhQIydr7V pic.twitter.com/UVJiPm3Wuu"
Finland,Centre Party of Finland,Pekka Aittakumpu,1050061735418351616,2021-02-12 20:06:21,1360319353124622337,166,Centre Party,1403,"Tällaisia syvällisiä ja samalla kertaa arkisia näkökulmia lapsiperheiden elämään tarvitaan. Hienosti sanottu: ”Siinä on myös jotain huumaavaa, kun tuntee olevansa elämän keskellä.”­"
United Kingdom,Green Party,MOLLY SCOTT CATO,726372601,2020-08-08 06:51:35,1291990420940034048,215,Green Party,1107,#COVID19 #Policy #PrioritiesI would rather we had invested public money to support low income residents to self isolate than subsidised eating out. I am not intending to make a political point here-simply one about rational decision making on public sector investment priorities https://t.co/7TZ5F1MLKf
Spain,PP,"Romero Sánchez, Rosa María  ",253968932,2020-05-16 09:16:11,1261586232854958081,392,PP,502,"Si algo requiere esta crisis, son estímulos y rebajas fiscales para incentivar el sostenimiento y creación de empleo. La izquierda apuesta por machacarnos a impuestos, esas viejas políticas traerán de nuevo #paro y #recesión. La ideología por encima del interés de los españoles pic.twitter.com/ZLxUirKBCy"
United Kingdom,The Brexit Party,Claire FOX,278656915,2020-03-06 17:57:44,1235987946110672896,511,The Brexit Party,1110,Look forward to it Isobel
Slovenia,Lista Marjana Šarca,Klemen GROŠELJ,2373445755,2021-04-17 09:25:34,1383350915172749319,544,Lista Marjana Šarca,2915,Komentar za @N1infoSA o spreminjanju meja na Zahodnem Balkanu in evropski perspektivi BIH.Kakršnokoli spreminjanje meja bi poosebljalo popoln polom pristopa reševanja težav regije s približevanjem EU. @RenewEurope @StrankaLMS https://t.co/u4PIXEEV8a
Slovenia,Slovenian Democratic Party Deputy Group,"Janša Janez [Ivan] ",258856900,2020-10-28 09:11:00,1321378923305967618,25,Slovenian Democratic Party Deputy Group,2902,Posvojitev svojega. Nepotrebno 😅 https://t.co/NbjkfwxpMU
Germany,FDP,Marie-Agnes Strack-Zimmermann,3047392319,2021-06-10 09:43:22,1402924342430871552,428,FDP,303,"Wer meinen gestrigen Auftritt bei Markus #Lanz verpasst hat, kann ihn in der ZDF-Mediathek noch einmal nachsehen. Danke für das bisherige Feedback. ☺️ https://t.co/qxoYamNEiZ"
Italy,PARTITO DEMOCRATICO,UNGARO Massimo,351194561,2020-03-15 13:38:36,1239184225301127168,108,PARTITO DEMOCRATICO,802,"🇬🇧 IL REGNO UNITO PUÒ E DEVE FARE DI PIÙ Questa mattina ho sentito al telefono l'Ambasciatore del Regno Unito in Italia Jill Morris per consigliare al governo britannico di non sottovalutare l'epidemia, di astenersi dalla ricerca dell'immunità di gregge e di trarre"
Italy,FORZA ITALIA - BERLUSCONI PRESIDENTE,MULE' Giorgio,212364488,2021-01-17 18:05:55,1350866958711975936,107,FORZA ITALIA - BERLUSCONI PRESIDENTE,815,La vergogna di una Rai che fa pagare il canone a tutti ma parla solo la sinistra #rai #canone #iltempoquotidiano https://t.co/tPdoj5zA21 pic.twitter.com/sforRSm4TM
Denmark,The Social Democratic Party,simon kollerup,58884557,2020-09-14 10:23:08,1305452011735994374,412,The Social Democratic Party,201,Rigtigt positivt at Danmark Grønne Fremtidsfond nu lanceres! En idé vi har brugt mange kræfter på at tale for i @FH_dk2019💡Det er vigtigt at vi som fællesskab investerer i at løse vores store samfundsudfordringer. Det sår samtidigt frøene til fremtidens grønne jobs 🌱👷‍♀️#dkgreen https://t.co/Hl1vGLzyQz
Germany,CDU,Andreas Nick,49450039,2021-04-20 08:41:19,1384426944654102531,420,CDU/CSU,301,Entendre Angela #Merkel 🇩🇪 à #Strasbourg 🇫🇷 qui cite Winston #Churchill 🇬🇧 dans son discours de #Zurich🇨🇭... #Europe 🇪🇺 La chancelière a raison de rappeler le rôle centrale du @CoE_fr  et de la Cour @ECHR_CEDH ⚖️ dans la défense des libertés fondamentales en Europe @PACE_News pic.twitter.com/kQmeitT1nG
Netherlands,Socialist Party,peter kwint,239853793,2020-02-11 15:47:11,1227257782551928833,69,Socialist Party,1014,Zit zelfs een gouden goedkeuringsstempel op. Dat gebeurt vast niet zomaar.
Spain,PSOE,"García Morís, Roberto  ",917967385,2020-11-06 13:59:22,1324712986968236034,389,PSOE,501,🚄 63 millones de euros para la llegada de la alta velocidad a Asturias🚂 71 millones para la modernización de las cercanías#PGEAsturias2021 pic.twitter.com/vy3Jrq3No2
Italy,LEGA NORD E AUTONOMIE - LEGA DEI POPOLI - NOI CON SALVINI,guglielmo picchi,33501253,2020-01-26 17:36:03,1221486974130958337,106,LEGA - SALVINI PREMIER,811,@guglielmopicchi #oggivotoLega su dai ultimo sforzo! pic.twitter.com/yoCivcjIBj
Poland,Law and Justice,beata kempa,4172002246,2020-05-28 06:24:03,1265891569682481152,483,Law and Justice,2605,"Jestem pewna, że wybory odbędą się 28 czerwca. To data, która pozwoli wybrać prezydenta, zakończy obstrukcję opozycji, doprowadzi do tego, by w Polsce nie doszło do chaosu - @BeataKempa_MEP do @Marek_Pyza #wybory2020"
Spain,PP,"Montesinos de Miguel, Macarena  ",1197128623364423680,2021-06-27 20:51:31,1409253079002894343,392,PP,502,"En el Día de las Víctimas del Terrorismo reiteramos nuestro compromiso con la memoria, dignidad y justicia.Denunciamos la política de Sanchez de acercamientos de presos terroristas y que Bildu sea interlocutor del gobierno.No cabe la equidistancia entre Bildu y las víctimas. pic.twitter.com/3VUXNkFKnB"
Spain,Vox,"Ramírez del Río, José  ",1113813322170863616,2021-03-29 20:24:00,1376631246906875915,541,VOX,527,"Los trabajadores en ERTEs, los autónomos en paro, los vecinos inseguros por la invasión migratoria, los jóvenes sin capacidad de emanciparse... y mientras a la izquierda caviar sólo le preocupa aplicar agendas globalistas.Cómo no van a votar a Vox en los barrios! Y cada día más https://t.co/icSyzfSTRV"
Spain,Partido Socialista Obrero Español,Inma RODRÍGUEZ-PIÑERO,381969506,2020-09-02 09:33:58,1301090986219761664,192,Partido Socialista Obrero Español,501,"Ho han fet ja en qüestions d'igualtat, ecologisme, tolerància, solidaritat o habilitats digitals. Ara, en este curs, els xiquets i les xiquetes seran aliats per conscienciar més a les famílies en els hàbits per protegir-nos davant el virus. pic.twitter.com/lnGOEJ6INz"
France,En Marche,Aurélien Taché,472903732,2021-03-16 20:18:14,1371918754951626756,149,En Marche,626,"Reconnaître les diplômes des médecins étrangers, former des personnels, investir plus tôt et plus fort pour avoir un vaccin...il y avait des moyens pour renforcer nos capacités de réanimation, de vaccination et éviter le #confinementweekend qui est la plus injuste des solutions ! pic.twitter.com/h6uhX2W2Pe"
Poland,United Left,Ueberhan Katarzyna,3730818035,2020-01-18 18:06:51,1218595621860454401,575,United Left,2620,"Z @RobertBiedron połączyło nas marzenie o lepszej Polsce. Nasza wspólna podróż rozpoczęła się, gdy był Prezydentem... Słupska. Teraz nadszedł czas na #NastępnyKrok w realizacji tego marzenia i postawimy go tam, gdzie wszystko się zaczęło. Bądźcie jutro z nami! ✌️ #Biedroń2020 pic.twitter.com/VcNEkOCVvL"
Germany,Bündnis 90/Die Grünen,REINHARD BUTIKOFER,20610385,2020-12-17 11:05:56,1339527242762899456,209,Bündnis 90/Die Grünen,304,"If the European Commission and the members of the European Council are listening to the EP's #Xinjiang debate, they can't avoid drawing one clear conclusion: They should not even try to propose an #investment agreement with #China to the EP, that ignores forced labour in China!"
France,Mouvement Démocrate,Nadia Essayan,531618516,2021-05-22 10:30:28,1396050825164857345,152,Mouvement Démocrate,613,"🔸Avec @MFesneau à #saintamandmontrond, au Foyer de Jeunes Travailleurs qui abrite la #missionlocale, j'ai entendu des encadrants passionnés et des jeunes passionnants. 🔹Le directeur du Foyer est un ""père"" pour les jeunes, soucieux de les aider à se construire ! pic.twitter.com/4WqXxKRGaL"
Poland,Law and Justice,leszek dobrzyński,2979663893,2021-03-18 19:49:36,1372636322620399621,483,Law and Justice,2605,"Gościem w rozmowie politycznej #Spięcie był @l_dobrzynski, poseł @pisorgpl. https://t.co/8RWvkA5DQV pic.twitter.com/fE3y2VzKlZ"
France,Mouvement Démocrate,Nicolas Turquois,864844727828582400,2020-12-04 14:27:52,1334867020039524353,152,Mouvement Démocrate,613,La suppression de la #taxe d’habitation se concrétise cette année pour 80 % des Français et débutera dès l’année prochaine pour les 20 % des foyers encore redevables. Les chiffres en #NouvelleAquitaine ⬇️Le détail par départements 👉https://t.co/PFxKoY6m55 pic.twitter.com/ILYI6FhENa
Netherlands,Democrats 66,ingrid van engelshoven,38919625,2021-01-14 15:02:32,1349733647209795584,70,Democrats 66,1004,En de genomineerden zijn... Zes onderwijsteams die een voortreffelijke prestatie leveren door onderwijs van de hoogste kwaliteit te geven aan hun studenten. Voor hen is er nu de Nederlandse #Hogeronderwijspremie. De zes genomineerden/winnaars zijn: https://t.co/zXaUwJQcon
Poland,Law and Justice,Szałabawka Artur,2289701923,2020-10-30 09:34:59,1322109735345291264,483,Law and Justice,2605,"Od pol roku mówimy, ze to feministyczna manifa w Madrycie wywołała armagedon..od miesięcy mówimy o skutkach protestów w USA..od tygodnia wszyscy fachowcy apelują..Ja juz nie wiem jak to mozna wytłumaczyć prościej?moze trzeba jak w przedszkolu?Rozrysowane na obrazku przemowi? pic.twitter.com/dmBpInHUwh"
France,En Marche,Gabriel Attal,379718466,2021-06-12 15:36:21,1403737946495258624,149,En Marche,626,"📕 📖Passage au festival du Livre d’#Issy-les-Moulineaux. Quel plaisir de retrouver la Culture, les auteurs, les lecteurs, au cœur de la cité ! Ravi aussi d’y retrouver mon amie @grimounette. Merci aux organisateurs et aux fidèles participants ! pic.twitter.com/d6L2PwfFnh"
Poland,Law and Justice,Błaszczak Mariusz,138048156,2021-07-10 13:46:31,1413857167891963907,483,Law and Justice,2605,"Minister @mblaszczak wręczył pamiątkowe ryngrafy żołnierzom @terytorialsi, którzy uzyskali najlepsze oceny podczas szkolenia podstawowego. pic.twitter.com/sowdjxBknr"
Poland,Civic Coalition,Kluzik-Rostkowska Joanna,904085023,2020-01-08 22:39:01,1215040238965395456,482,Civic Platform,2603,"Niezdolność prezydenta do podjęcia rozmów z opozycją i doświadczonymi ekspertami od bezpieczeństwa poraża, bo pokazuje, że nawet obliczu katastrofy PiS myśli tylko o sobie. Interes partii jest ważniejszy niż bezpieczeństwo obywateli i międzynarodowa pozycja Polski. Przerażające."
Spain,JxCat-JUNTS,"Nogueras i Camero, Míriam  ",343507680,2021-01-22 22:38:34,1352747512738836488,590,JxCat-JUNTS,550,La importància d'aquestes eleccions és cabdal.Només cal veure com s'estan mobilitzant tots els poders de l'Estat per impedir que les guanyem.
Denmark,Liberal Alliance,Simon Emil Ammitzbøll-Bille,26210681,2020-06-16 13:43:26,1272887512982343687,410,Liberal Alliance,218,"Tak. Hvis du gerne vil skrive under, kan du gøre det her https://t.co/IV3EiLeRT3 #dkpol"
Slovenia,Slovenian Democratic Party Deputy Group,žan mahnič,353942898,2021-07-13 12:54:17,1414931184795193345,25,Slovenian Democratic Party Deputy Group,2902,"Da se je @LukaMesec dobil s Kordežem zato, da bi mu ta svetoval? Jaz sem pa mislil, da se je dobil s tem kapitalistom zato, da ga bo z bajonetom nagnal v Ljubljanico. https://t.co/UH9Qxb5u7U"
Denmark,The Social Democratic Party,Jens Joel,266667139,2020-12-05 10:09:32,1335164393257127936,412,The Social Democratic Party,201,"Lettet over, at det lykkedes os at forhindre Venstres drømme om at tage fra velfærdspenge, der helst skal gå til bedre sygehuse og børnehaver, og bruge dem på lave afgifter til de allerstørste fossilbiler og megalastbiler. Nu er det både mere grønt og mere retfærdigt!💚 #dkpol"
Poland,Law and Justice,patryk jaki,101576198,2021-07-07 17:46:46,1412830464554016778,483,Law and Justice,2605,Oto dlaczego wg. UE jesteśmy gorszymi europejczykami…Całość - https://t.co/YggBmr29vQ pic.twitter.com/VsJqH7slr2
Netherlands,50PLUS,corrie van brenk,62490348,2020-09-30 20:45:00,1311406715137650690,72,50PLUS,1020,"“Zoals elk jaar onder Mark Rutte en Wopke Hoekstra stijgt de arbeidskorting voor werkenden veel harder dan de ouderenkorting voor ouderen. Dat is discriminatie! Belastingdiscriminatie. Als dat niet wordt gerepareerd, dan moet ik u dat kenmerk opspelden.”https://t.co/nvVfkJUWYR"
Germany,The Left Party,Evrim Sommer,143882918,2021-06-20 19:11:15,1406691133451915272,422,The Left Party,306,Mein Vater wurde von der Militärjunta verfolgt. 1980 gelang meiner Familie die #Flucht nach Deutschland. In Westberlin fanden wir ein sicheres Zuhause. Meiner Familie und mir rettete die #GenferFlüchtlingskonvention das Leben. #weltfluechtlingstag @UNHCR_de pic.twitter.com/m464NDbsMM
Germany,Alliance 90/The Greens,Elisabeth (Lisa) Paus,569166756,2021-07-23 08:24:23,1418487141013856258,423,Alliance 90/The Greens,304,"Wäre interessant zu erfahren, was das @ZEW @Sigginho oder andere zur Finanzierungslücke des #CSU Programms sagen. Lässt sich das abschätzen?"
Ireland,Fine Gael,John Paul Phelan,19964133,2020-08-23 09:44:48,1297469830640152576,127,Fine Gael,702,There is always somewhere new to visit each day #happysunday #moretoexplore #visitkilkenny pic.twitter.com/9WicEcfoNg
Spain,Cs,"Rojas García, Carlos",158846236,2021-06-13 18:59:43,1404151513610661892,387,Cs,526,"El Corredor Mediterráneo es de vital para el desarrollo de #Andalucía, con un potencial logístico indudable que no se aprovecha por falta de infraestructuras. Por ello, comparto la preocupación del empresariado de Almería por la lenta ejecución de la obra.https://t.co/TwO9aBUpNe"
Spain,Partido Socialista Obrero Español,JUAN FERNANDO LOPEZ AGUILAR,449951300,2020-11-20 10:23:14,1329732022462504961,192,Partido Socialista Obrero Español,501,"AI&https://t.co/plrCS0ju8h Discussion with all 9 EU Agencies under the scrutiny of LIBE Comm EurParl: assessing AI potential on fight against crime&Law Enforcements, along as its risks on citizens' Rights,Data&Privacy.Caution on bias,unfairness,profiling& stigmatization.Nov20 pic.twitter.com/1SJgj3q6l1"
Greece,MeRa25,Bakadima Foteini,350800867,2021-06-01 19:58:05,1399817546963079168,569,MeRa25,417,"Σήμερα, η κυβέρνηση έβαλε σε εφαρμογή τον πτωχευτικό κώδικα - το σχέδιο παγίδευσης όλων μας στην φυλακή του χρέους. Όποιες και όποιοι χρωστάνε 30.000 ευρώ ή κληρονομήσει δανειολήπτη κινδυνεύουν άμεσα με πλειστηριασμό όλης τους της περιουσίας και κατάσχεση εισοδημάτων. Ως εδώ. pic.twitter.com/FKfNG64ZHj"
Finland,Centre Party of Finland,Joonas Könttä,1722771805,2021-01-28 19:52:52,1354880138983444484,166,Centre Party,1403,Onpas hyvä sarja tämä #Lupin! #Netflix
Poland,Civic Coalition,Myrcha Arkadiusz,58348751,2020-08-25 14:37:43,1298268321175834624,482,Civic Platform,2603,A byli stałymi uczestnikami tych programów.
Germany,CDU/CSU,heribert hirte,1513671236,2020-10-14 17:18:07,1316428083029778433,420,CDU/CSU,301,Hier die wichtigsten Änderungen des #SanInsFoG RegE gegenüber dem RefE: - In § 2 I S. 2 StaRuG wird eine Art Business Judgement Rule zur Haftungsbefreiung für Geschäftsleiter bei drohender Zahlungsunfähigkeit eingeführt. https://t.co/omLOYc1UTf
Spain,Vox,"Ortega Smith-Molina, Francisco Javier  ",1118941682,2020-11-06 14:18:05,1324717695942709249,541,VOX,527,"Con nuestra concejal @CabelloArantxa en la inauguración del Espacio de Inclusión de @JMD_SanBlas que prestará servicio de apoyo sociocomunitario para menores de 65 años, desde la ayuda en la gestión de economía doméstica y donaciones, tarjeta familia, gestiones administrativas... pic.twitter.com/oDMe8dSkAN"
Italy,FORZA ITALIA - BERLUSCONI PRESIDENTE,GELMINI Mariastella,420332560,2020-06-06 14:56:04,1269281909978390530,107,FORZA ITALIA - BERLUSCONI PRESIDENTE,815,Una iniezione di fiducia che fa bene all'Italia: la scelta del gruppo #Menarini di investire 150 milioni di euro per la creazione nel nostro Paese del nuovo stabilimento sia da stimolo per altri imprenditori coraggiosi.
Germany,Alliance 90/The Greens,renate künast,1425265488,2020-03-03 10:47:03,1234792399030845440,423,Alliance 90/The Greens,304,"Gestern wurde der JVA-Beamte Daniel Zabel in den Landesvorstand der AfD #Sachsen gewählt. Er leakte den Haftbefehl von #Chemnitz, ist verdächtig ausländische Gefangene misshandelt zu haben. In Mitarbeiterchat der JVA Dresden schrieb er über „Kanaken klatschen wie in den 90ern."""
Spain,"PSC-PSOE ",maría mercè perea i conillas,214794461,2021-03-19 20:32:27,1373009494003830788,389,PSOE,501,"En ese periodo, entre 1810 y 1812, se aprueban importantes decretos en los que se empiezan a asentar principios básicos del parlamentarismo, como la soberanía nacional o la libertad de imprenta🗞️, que después se plasmarían en #LaPepa📕. #ArchivoCongreso⏳https://t.co/jzKGB880s0 pic.twitter.com/1tDJMxqSqu"
Poland,Civic Coalition,Budka Borys,118739645,2020-11-11 13:09:52,1326512466512252936,482,Civic Platform,2603,"Las trwa przez przez pokolenia, rosnąc ku słońcu i przyszłości.Gdy patriotyzm skierowany jest wyłącznie ku rozpamiętywaniu bohaterskiej przeszłości, współczesność zaczyna usychać, a przyszłość przestaje ożywiać marzenia."
Poland,Civic Coalition,Sterczewski Franciszek,779992056,2020-11-08 21:23:21,1325549493673222146,574,Civic Coalition,2619,haha dziękuję! Może też kiedyś będę miał przyjemność wziąć udział w programie. Tymczasem pozdrawiam!
Germany,The Left Party,Katja Kipping,28066013,2020-12-17 12:34:34,1339549545953435650,422,The Left Party,306,"Für einen solidarischen Lockdown braucht es sozialen Schutz für die Ärmsten. D.h. insbesondere  Erhöhung des Kurzarbeitergeldes, #Corona-Aufschlag bzw. Regelbedarfe, die nicht kleingerechnet werden.  Aussetzung von Anrechnung des  Partner:inneneinkommens. https://t.co/1HXJN6TRay"
Poland,Civic Coalition,Szumilas Krystyna,2905517248,2021-07-06 20:31:52,1412509626906591235,482,Civic Platform,2603,"Rozmowy MEiN o nauczycielach bez nauczycieli, ale będzie można powiedzieć na konferencji prasowej, że konsultacje ""odbyły się"". Taak...#edukacja #ZNP #ZdecydowanieNajlepszaPrzynależność https://t.co/tYL7lHqQMv"
Spain,PSOE,pere joan pons sampietro,22079985,2020-04-10 09:48:00,1248548277370396672,389,PSOE,501,Necesario abrir el debate como agua de mayo🙏🙏🙏🙏🙏 https://t.co/fFq9zNuGNS
Poland,United Left,Trela Tomasz,547089308,2020-07-23 08:22:11,1286215018493640704,575,United Left,2620,"Żona premiera @MorawieckiM pilnie poszukiwana, Pan @SasinJacek potrzebuje na gwałt 70 baniek, ktoś coś?"
Belgium,Open Vlaamse Liberalen en Democraten,HILDE VAUTMANS,700605423,2020-09-07 08:00:12,1302879327948812289,337,Open Vlaamse Liberalen en Democraten,107,"Hoe zien de 🇧🇪Belgische Europarlementariërs de toekomst van Europa? Het Grote Debat: Herstelfonds, Green Deal, De Staat van de Europese Unie. ➡️Volg het live hier op @EP_Belgium op 10 September om 11:00 uur#AskMEP #SOTEU #StrongerTogetherEU pic.twitter.com/rT6TrwV3KB"
France,En Marche,Jean-René Cazeneuve,541023150,2021-02-09 22:38:11,1359270395766067205,149,En Marche,626,Ns votons à l'unanimité en hémicycle le report des élections Départementales et Régionales. Elles auront lieu les 13 et 20 juin.#DirectAN @AssembleeNat @ADepartementsF @Regionsdefrance #CollTerr
Belgium,Parti Socialiste,"Laaouej Ahmed ",41107057,2021-04-10 20:01:11,1380974160944451584,162,Parti Socialiste,102,Puisque même le FMI le dit...👇 https://t.co/A1Exol3V9w
Poland,Law and Justice,paweł lisiecki,843961716,2020-04-21 20:51:08,1252701427086110721,483,Law and Justice,2605,Wtedy kiedy ustają ich procesy życiowe.
Slovenia,Slovenian Democratic Party Deputy Group,"Janša Janez [Ivan] ",258856900,2020-04-05 17:16:30,1246849206825947138,25,Slovenian Democratic Party Deputy Group,2902,"Z vodstvom @ukclj o stanju, problemih in rešitvah ter prilagoditvah, ki so jih uvedli za obvladovanje epidemije #koronavirus. Hvala za pravočasno odzivnost in dobro delo v težkih razmerah. #zdravniki #medicinskesestre #zmoremo pic.twitter.com/BPWTK7G0ci"
Greece,K.K.E. (Communist Party of Greece),Gkiokas Ioannis,3030879312,2021-06-16 10:33:43,1405111340134506506,143,K.K.E. (Communist Party of Greece),404,"Το τμήμα ειδήσεων του @ANT1TV και τα ΑΡΔακια του, έκοψαν και μονταραν τις δηλώσεις των επιβατών που στήριζαν τους απεργούς ώστε να φαίνεται ότι ταλαιπωρήθηκαν από την απεργία.Τους πόνεσε η #απεργια_16Ιουνη τους υπεύθυνους ειδήσεων και τα αφεντικά τους"
Austria,Social Democratic Party,Kollross Andreas,2772835668,2021-01-21 19:34:54,1352338902871400449,479,Social Democratic Party,1301,"Habe versucht es dieser Debatte darzulegen. Natürlich ist es auch ein Fehlverhalten der Bürgermeister. Keine Frage. Aber es hat sich auch niemand darüber Gedanken gemacht, was mit den nicht verimpften Dosen passieren soll und die Entscheidung vor Ort ihrem Schicksal überlassen."
Spain,VOX,Hermann TERTSCH,257332880,2020-04-25 06:47:23,1253938640515891202,541,VOX,527,"Mira, otra cosa que no podía saberse... salvo que algunos lo dijimos hace 20 días. pic.twitter.com/K1qCp9ukZN"
France,En Marche,Valérie Petit,848443405676032000,2020-01-25 18:40:43,1221140861213466631,149,En Marche,626,"Pas un mot dans vos propos @JLMelenchon qui n’insulte la république et n’incite les français à la haine : exprimer le pire de vous même est une chose, inciter les français à faire de même est une honte pour un élu de la #Republique et un danger pour notre #Démocratie https://t.co/jXBS3joyb9"
Finland,Centre Party of Finland,Mikko Savola,123256851,2020-11-03 19:08:31,1323703620836200454,166,Centre Party,1403,Suattaapi olla tae suattaapi olla että eei! 😂
France,En Marche,Matthieu Orphelin,949232324,2021-03-29 06:06:37,1376415478277607425,149,En Marche,626,"📻 Dans 15 minutes, l'invité #RFImatin ►📞🎙 Matthieu Orphelin (@M_Orphelin), député écologiste de Maine-et-Loire.Il répondra aux questions de @FredRiviereRFI ➡RDV sur #89FM Paris à 8h20 (6h20 TU) pic.twitter.com/TnvsI86czB"
Ireland,Fine Gael,seán kyne,316306021,2020-01-02 19:42:29,1212821485733187585,127,Fine Gael,702,I am stunned and deeply saddened to hear of the death of Marian Finucane. She was a true broadcasting legend who reshaped current affairs radio. Ireland will miss her voice. Weekend mornings will never be quite the same again.
United Kingdom,The Brexit Party,Brian MONTEITH,620893984,2020-09-05 17:39:08,1302300242851831809,511,The Brexit Party,1110,"What especially pizzes me off is that good friends wonder why I have suddenly decided to follow them when I have been following them for years (and they have forgotten, as anyone might)! Grrr!"
Poland,Civic Coalition,Grabiec Jan,605747501,2021-04-28 11:50:54,1387373756595724291,482,Civic Platform,2603,"PiS w 8 osobowej podkomisji w Komisji ds.UE proponuje po jednym miejscu dla KO, PSL, Lewicy.  I tę jedyną kandydaturę KO, posła @DariuszRosati odrzuca! To jest złamanie wszelkich zasad parlamentarnych. Podkomisja, która miała być merytoryczna,stała się dziś polityczna."
Spain,PSOE,"Senderos Oraá, Daniel  ",2790857133,2021-08-21 17:01:07,1429126428205924358,389,PSOE,501,"""En una década se van a perder 80 millones de puestos de trabajo en el mundo por el calor intenso"" @elperiodico https://t.co/xnSvEEF0iM"
Spain,Partido Socialista Obrero Español,Nacho SÁNCHEZ AMOR,322551792,2020-04-28 10:20:29,1255079433037385728,192,Partido Socialista Obrero Español,501,👩‍💻El lugar de trabajo es una plataforma para el cambio hacia un nuevo paradigma de bienestar social.🖊️No te pierdas el artículo de @estrella_dura en @El_Plural en este Día Mundial de la Seguridad y Salud en el Trabajo #28Abril #AhoraTocaLucharJuntos https://t.co/WZKRQYHoG9
Austria,"The New Austria and Liberal Forum ","Brandstätter Helmut, Dr.",334036057,2021-03-21 10:04:58,1373576357200941056,480,"The New Austria and Liberal Forum ",1306,"Das ist eine ebenso alte wie gute Forderung. Alle, die an anständigen Medien interessiert sind, müssten das unterstützen. Die ÖVP also sicher nicht. Bei der SPÖ bin ich unsicher. Würde mich über Unterstützung freuen https://t.co/53UkCcS9AW"
United Kingdom,Labour Party,Jude KIRTON-DARLING,28640933,2021-06-20 06:16:11,1406496081077321730,193,Labour Party,1102,"So the Tories lose a safe seat in the South and respond by cutting support for the North?Honestly, they are no friends of ours. https://t.co/mMseqUXztv"
Poland,Law and Justice,Szefernaker Paweł,192831332,2020-03-13 21:13:06,1238573824515477510,483,Law and Justice,2605,Wieczorna wideokonferencja ministra @MZ_GOV_PL @SzumowskiLukasz oraz wiceministrów @szefernaker i @pobozy z wojewodami w #MSWiA. pic.twitter.com/jQz3wUPo3E
Ireland,Independent,LUKE MING FLANAGAN,54172831,2020-11-17 09:55:50,1328637964797272064,194,Independent,711,As ever the writers of #JudgeDredd are way ahead of the rest of us #megacityone #2000ad https://t.co/Z4D5Bf1LEN pic.twitter.com/Csu0NSOIKj
Ireland,Independent,LUKE MING FLANAGAN,54172831,2020-08-27 21:54:07,1299102924388413445,194,Independent,711,Brass aswell. Are you a robot?
Spain,PP - FORO,"Gázquez Collado, Paloma  ",1107072258294669313,2021-06-30 21:25:18,1410348746840420352,599,PP - FORO,502,#EditorialABC ✍ Barra libre e impunidad https://t.co/qeVADPexnk
Poland,Civic Coalition,Kluzik-Rostkowska Joanna,904085023,2020-09-21 08:16:54,1307956959694462976,482,Civic Platform,2603,"W opozycji można robić ważne rzeczy. Wraz z @MGolbik, @tzimoch, @Napieralski_G, @Konwinski_PO założyliśmy Parlamentarny Zespół ds. Zdrowia Psychicznego Dzieci i Młodzieży. Zachęcam do przeczytania wywiadu z jego Przewodniczącą Martą Golbik. https://t.co/ExfoleAQUB"
France,Mouvement Démocrate,Nathalie Elimas,304899435,2021-08-09 07:24:28,1424632655514066946,152,Mouvement Démocrate,613,"➡Pas d'obligation vaccinale pour les enseignants ?🗣️@avyelimas""C'est non, ce ne sera pas le cas et sincèrement, cela ne sera absolument pas nécessaire""📺Explications dans #LaMatinaleLCI @Julie_Hammett pic.twitter.com/pqOtAT9Jfc"
Greece,MeRa25,Bakadima Foteini,350800867,2021-07-08 10:41:10,1413085747255681024,569,MeRa25,417,"Η Καρδιοχειρουργική Εντατική Μονάδα του #ΠαιδωνΑγιαΣοφια8 δεν έχει χαρακτηριστεί ως αυτόνομο τμήμα στο οργανόγραμμα,με αποτέλεσμα να μην έχει ΔΙΚΟΥΣ της εντατικολόγους ,αλλά ""ΔΑΝΕΙΚΟΥΣ"" & ΕΚ ΠΕΡΙΤΡΟΠΗΣ.Ως πότε;Συνεχίζουμε για τα παιδιά.❤"
France,En Marche,Valérie Gomez-Bassac,888033440393822208,2021-01-05 10:15:54,1346400020153688064,149,En Marche,626,"Par la signature de ce Contrat d’avenir 2021-2027, c’est la concrétisation de #FranceRelance en @MaRegionSud qui est actée. pic.twitter.com/ht1DdqBCrl"
Ireland,Solidarity - People Before Profit,Paul Murphy,270850017,2021-05-26 11:30:22,1397515449068294147,128,Solidarity - People Before Profit,709,Agreed to go on Newstalk to support a ban on SUVs in cities. RIP my mentions later.
Sweden,Lib,"Hannah, Robert ",496050817,2021-06-29 12:01:41,1409844520259407872,41,Lib,1604,Du är verkligen selektiv med din information så att det passar just dina åsikter. Vi lovade även att inte släppa fram Stefan Löfven som statsminister. Det gjorde även C. Vad har du att säga om det?
Ireland,Sinn Féin,Louise O'Reilly,3123373653,2020-08-04 10:21:33,1290593712632930305,7,Sinn Féin,707,"This was a really interesting discussion, good to hear from @ConorMcGinn in Merseyside and @loreillysf in Dublin, I'm not just saying this because I chaired it, but well worth a listen https://t.co/qRDXbc7dWP"
Poland,Civic Coalition,Lasek Maciej,1077726788,2020-11-27 15:30:34,1332346082634948611,574,Civic Coalition,2619,Z OSTATNIEJ CHWILI: W Szpitalu Kolejowym w #Pruszków działa 90-110 łóżek #COVID19 na 145 narzuconych przez Wojewodę. Dyrekcja: Przyczyną jest brak 40. niedostępnych na rynku reduktorów tlenu zamówionych w @ARM_GOV_PL. Ponadto z 3 respiratorów z #ARM tylko 1 nadaje się na OIT. pic.twitter.com/XGjcOBlqu5
Germany,CDU/CSU,sebastian steineke,277006619,2021-06-09 18:27:46,1402693922552434694,420,CDU/CSU,301,"Finalwoche bei „Dein Deutschland. Deine Ideen.“ 🇩🇪💡Morgen 20:15 Uhr vorletzter runder Tisch. Unser Thema: Vernetzte Außen-, Verteidigungs- & Sicherheitspolitik. Top besetzt mit @akk, @RikeFranke, @CarloMasala1 & @dktatlow & natürlich: Ideengebern. Einschalten! #zusammenmachen pic.twitter.com/XwxGgMdMcj"
Spain,PP,"Tirado Ochoa, Vicente  ",1096467320468312066,2021-05-24 06:04:27,1396708655395921920,387,Cs,526,"Ya no es ilusión,es tendencia ...nueva encuesta y nuevo triunfo para @populares 💪💙 pic.twitter.com/xWi9YX2cVn"
United Kingdom,The Brexit Party,Alexandra Lesley PHILLIPS,1123143752984477696,2021-02-08 12:57:52,1358761967117340675,511,The Brexit Party,1110,"Quite astonishing that in Italy, the right of right leader backs an EU/ECB Troika apparatchik to run his country, abandoning all EuroscepticismBut it creates a brilliant opportunity for @gparagone to prove that Italexit is a progressive, modern movementhttps://t.co/iiQCKQcQDN"
Italy,FORZA ITALIA - BERLUSCONI PRESIDENTE,ROTONDI Gianfranco,87467449,2020-05-12 13:49:46,1260205529164627971,107,FORZA ITALIA - BERLUSCONI PRESIDENTE,815,"Congratulazioni a Sestino #Giacomoni, eletto presidente della Commissione di Vigilanza sulla Cassa depositi e prestiti.Buon lavoro! pic.twitter.com/GyOfesHUWb"
Spain,PP,"Ledesma Martín, Sebastián Jesús  ",1179187428,2020-06-17 11:56:45,1273223050037792775,392,PP,502,"Ha pasado de los indignados a los enchufados, de los círculos a la poltrona y de politizar el dolor al CNI.#SesiónDeControl pic.twitter.com/SMWbYJwYhn"
Slovenia,Slovenian Democratic Party Deputy Group,"Logar Anže ",395535003,2021-05-08 11:31:44,1390992811705737221,25,Slovenian Democratic Party Deputy Group,2902,S komisarji @EU_Commission tudi o vodenju Sveta #EU v drugi polovici 2021 in prioritetah. @VDombrovskis @NicolasSchmitEU pic.twitter.com/aTaPtLks5d
Greece,N.D. (New Democracy),Boutsikakis Christoforos - Emmanouil,849286834337271808,2020-01-21 13:40:01,1219615635832999937,137,N.D. (New Democracy),402,"Οι πολίτες μας έδωσαν εντολή να διαμορφώσουμε ένα κράτος σύγχρονο, λειτουργικό, που δεν θα τους ταλαιπωρεί. Το @MinDigitalGr έχει κομβικό ρόλο στην υλοποίηση του έργου αυτού. Με την ηγεσία του Υπουργείου συζητήσαμε τον απολογισμό του 6μήνου και το σχεδιασμό των επόμενων μηνών. pic.twitter.com/QCqe8MDxHa"
Spain,PP,"Marcos Domínguez, Pilar  ",144981542,2021-02-08 22:00:16,1358898468857724932,392,PP,502,«Un número creciente de los vocales que han sido convocados reclaman no ir por miedo al contagio. Falta por ver cuántos no llegarán a presentarse a tiempo el domingo 14»🖋 #elSubjetivo de @pilarmarcosd https://t.co/c0gh5Q8CFr
Germany,Christlich Demokratische Union Deutschlands,Daniel CASPARY,17780822,2020-11-25 21:10:48,1331706928356069377,186,Christlich Demokratische Union Deutschlands,301,"Hier der Bericht zum BDWi-Gespräch mit @caspary. Wir haben ihm über: #brexitdeal, #mindestlohn, #MFR, #greendeal, #GAP, #payment und #Bargeld, #efuels und #elektromobilität und nicht zuletzt die #Impfstrategie für #corona gesprochen.https://t.co/2NqQOzTBS6© EPP/Lahousse pic.twitter.com/qirL6pxQ2o"
Spain,PP,"Olano Vela, Jaime Eduardo de  ",1637483929,2021-01-29 20:15:29,1355248220348280836,387,Cs,526,Se confirma la catástrofe. La economía española encabeza el desplome económico mundial con su mayor colapso en tiempo de paz: el PIB se desplomó un 11% en 2020. Via @DanielVianaR https://t.co/UcUGyMl6GQ
Ireland,Solidarity - People Before Profit,paul murphy,270850017,2021-03-29 12:21:56,1376509931055157252,128,Solidarity - People Before Profit,709,This about you @DanFinn95 or @irishhistory? https://t.co/rvE5OUbPKQ
Spain,PP,"García Rodríguez, Alicia  ",495288613,2021-03-28 17:43:44,1376228526102315008,392,PP,502,"Echamos de menos las procesiones de Semana Santa y hoy poder salir con las palmas de Domingo de Ramos.Feliz día para todos los cristianos, aunque un año más cargado de recuerdo a los fallecidos por coronavirus y sus familias. pic.twitter.com/n4JbCC9LFh"
Netherlands,Volkspartij voor Vrijheid en Democratie,Liesje SCHREINEMACHER,494021297,2020-05-14 11:10:15,1260890162281820164,218,Volkspartij voor Vrijheid en Democratie,1003,"#AI liability: We do not need to overhaul the entire liability regime, but we should strive for a future-proof & practical instrument: clear definitions, adequate insurance & fast review of new applications 👉 https://t.co/VOODdLXQb2"
Belgium,Open Vlaamse liberalen en democraten,Lachaert Egbert,50003590,2021-05-28 18:57:38,1398352784685244416,337,Open Vlaamse Liberalen en Democraten,107,Liberaal bezoek in #Kortrijk bij @VincentVQ en Ruth Vandenberghe. Tijdens onze bezoeken belichten we de liberale verwezenlijken 🇧🇪PS: ik heb alleen geklonken voor de foto maar niet gedronken. Dat zal vermijden dat er daarover grote debatten worden gevoerd 😉 pic.twitter.com/xg0tk0LdTV
France,Europe Écologie,Marie TOUSSAINT,244086871,2021-05-10 10:51:17,1391707409958281217,330,Europe Écologie,605,"Honteux, la plainte de Tran To Nga, victime de l'#agentorange, contre 14 multinationales de l'agrochimie dont #Monsanto est jugée irrecevable.Soutien à elle & ttes les victimes de violences environnementales & d'#écocide #chlordécone... Demandons #JUSTICE! @VietnamDioxine https://t.co/lvv6Jl58FC"
United Kingdom,The Brexit Party,Alexandra Lesley PHILLIPS,1123143752984477696,2020-02-02 01:11:47,1223775988670173185,511,The Brexit Party,1110,"As someone who gets ‘haunted by numbers’ (you know, when you always see 01:01 or 22:22 etc) it’s pretty cool today’s date is 02022020. And soon the time will be 02:20 and it’s just turned 02:02.Yep. I’m one of those.Maths is the only truth folks. Every civilisation knows that."
Germany,SPD,Jens Mathias Stein,46498076,2021-07-07 15:18:36,1412793177782865930,421,SPD,302,Spannendes Fundstück in #Kopenhagen… in Berlin Kopenhagener genannt. pic.twitter.com/aUnrJHuRzE
Poland,Law and Justice,Bochenek Rafał,4744832231,2020-02-25 21:36:22,1232419089441796099,483,Law and Justice,2605,"Czy to znaczy @M_K_Blonska , że zamiast lekcji religii/etyki będziemy mieli zajęcia oswajające dzieci z homoseksualizmem i ideologią gender- na wzór tych w Warszawie? Wybory prezydenckie 2020. Małgorzata Kidawa-Błońska o lekcjach religii - Wiadomości https://t.co/q6nruJbq5d"
Poland,Law and Justice,Lisiecki Paweł,843961716,2021-07-04 12:13:34,1411659449983553537,483,Law and Justice,2605,"Jak ta PO i Tusk potrafią dużo mówić o kobietach o walce o prawa kobiet, a to wstawia faceta w miejsce kandydatki na Prezydenta, a to odwołają jedyna kobietę w prezydium aby zrobiła miejsce dla kolejnego faceta, a to okrzykną starsze Panie moherowymi beretami..POszowinizm"
Germany,SPD,michael roth,1114675538,2020-07-28 11:31:20,1288074556037627904,421,SPD,302,"Vor einer Woche, am Tag der Einigung der #EU-Staaten auf ein neues Finanzpaket, haben 103 Jugendliche aus 🇩🇪🇫🇷🇭🇷  & dem #Westbalkan ihre Empfehlungen @amdescotes @MiRo_SPD @ditmirbushati nach 6 Tagen intensiver Debatten vorgestellt.➡️https://t.co/lgbpp8nXcg#RebootEurope https://t.co/Alh6pXX74Q"
Greece,Nea Demokratia,MARIA SPYRAKI,339846503,2020-04-18 11:07:22,1251467353797378049,200,Nea Demokratia,402,"Σπυράκη: Η Ελλάδα τα κατάφερε στην κρίση,τώρα χρειάζεται αληθινή αλληλεγγύη με τα ομόλογα ανάκαμψης - MyPortal https://t.co/EvMg4Ja9Qj"
Italy,FORZA ITALIA - BERLUSCONI PRESIDENTE,CARRARA Maurizio,960085261844733952,2020-09-21 05:31:02,1307915219474305029,107,FORZA ITALIA - BERLUSCONI PRESIDENTE,815,Si vota oggi fino alle 15 .... non permettere agli altri di decidere per te ... il tuo Voto è importante #mauriziocarrara
Spain,ERC-S,"Granollers Cunillera, Inés  ",357586041,2020-12-19 15:42:52,1340321709136732166,593,ERC-S,511,"Hi ha poma fuji de molts llocs del món i durant tot l any, però aquesta  és d aquí, de les terres de ponent, amb poc color però dolça com cap.Si voleu la poma de les nostres terres que sigui de Lleida o Girona, úniques per el seu gran gust i per què són d aquí. pic.twitter.com/fWWPQgXnYu"
Poland,Law and Justice,Lichocka Joanna,59783143,2021-06-29 19:13:35,1409953211247693840,483,Law and Justice,2605,"To bardzo ważne, by tych ludzi, tak zasłużonych dla nas wszystkich, docenić. Mądra i zacna inicjatywa @AndrzejDuda @prezydentpl https://t.co/LBIjiATSJQ"
Ireland,Fianna Fáil,darragh o'brien,195697781,2020-08-14 10:03:40,1294213088267436032,126,Fianna Fáil,701,Minister O’Brien welcomes Enterprise Support Granthttps://t.co/dNlsfRTzLh pic.twitter.com/Vnb1c6AqsY
Spain,VOX,Hermann TERTSCH,257332880,2021-02-10 19:46:52,1359589673086160896,541,VOX,527,Hemos visto muchos seres despreciables pero este sujeto gana por goleada. Que odio siente por España después de haberle acogido y mejorado su calidad de vida. Una rata es más agradecida que esta basura de político.
Spain,PSOE,"Leal Fernández, Isaura",555395673,2020-08-26 14:57:18,1298635641182396423,389,PSOE,501,"El Presidente del Gobierno de España @sanchezcastejon ha ofrecido 2000 rastreadores de las FFAA a las Comunidades Autónomas , señora #DiazAyuso , piensa su gobierno solicitarlos? O impondrá su marco de enfrentamiento a costa de la salud de l@s madrileñ@s? pic.twitter.com/S5QvUpwasW"
France,Mouvement Démocrate,Frédéric Petit,862575147085164544,2020-09-18 08:26:54,1306872311849639937,152,Mouvement Démocrate,613,"Merci à la Directrice de @kas_frankreich Karoline Kanter d'être venue échanger avec moi sur le rôle de la coopération franco-allemande, à l'approche de l' #APFA de lundi ! 🇩🇪🇪🇺🇫🇷 https://t.co/MMqHRNmkJe"
Poland,Law and Justice,Gembicka Anna,1201673839,2020-05-21 06:30:50,1263356561105313793,483,Law and Justice,2605,". @AnnaGembicka @MFIPR_GOV_PL w #SygnałyDnia @RadiowaJedynka o kołach gospodyń wiejskich: myślę, że wciąż za mało się o nich mówi. Mamy ponad 9 tys. zarejestrowanych kół. Ich członkowie robią naprawdę niesamowite rzeczy, organizują mnóstwo wydarzeń, spajają lokalne społeczności"
Germany,The Left Party,Dietmar Gerhard Bartsch,2320519958,2021-06-08 14:47:12,1402276024969306122,422,The Left Party,306,"#Links-Fraktion | ""Inakzeptabel"" - @dieLinke lehnt die #Rentemit68 entschieden ab. @linksfraktion-Vorsitzender @DietmarBartsch erwartet diesbezüglich Stellungnahmen der #Kanzlerkandidat:innen #Laschet und #Baerbock, die sich bisher dazu noch nicht geäußert haben. pic.twitter.com/TDTlj6SZjD"
Ireland,Green Party,Ciarán CUFFE,16627544,2021-06-09 18:02:51,1402687650650279938,215,Green Party,705,"Cyberattacks are on the rise. I spoke briefly on the issue in @Europarl_EN this evening. ""It may well be that some nation-states are complicit in these attacks on our citizens."" pic.twitter.com/Ptz3k3z5qz"
Spain,Partido Socialista Obrero Español,Nicolás GONZALEZ CASARES,10622932,2021-07-25 20:36:21,1419396124436275204,192,Partido Socialista Obrero Español,501,"The answer: public primary care system, universal healthcare and nurses with optimal training. People also trust in vaccines for historical reasons . If we had more jabs the % would be even better."
Poland,United Left,Śmiszek Krzysztof,3025432383,2020-05-21 14:39:32,1263479544801046535,575,United Left,2620,"Ufff... dobrze, że jest @RobertBiedron bo on jest lata świetlne przed całą prawicową grupą kandydatów na Prezydenta RP :-)"
Spain,PP,"Tirado Ochoa, Vicente  ",1096467320468312066,2021-03-24 10:33:06,1374670603718909955,387,Cs,526,"📈 Este es el resultado de la gestión de un Gobierno incompetente, una nueva revisión a la baja del PIB por el Banco de España, por el retraso en la vacunación, medidas fallidas y poca ayudas a las empresas, frenando la recuperación. pic.twitter.com/go3bABbjyV"
Spain,PSOE,"Casares Hontañón, Pedro  ",378525757,2021-02-11 15:29:41,1359887339980541959,389,PSOE,501,"El ministro @LuisPlanas pone en valor la ganadería para mantener la actividad en el medio rural. En el Plan Estratégico se propondrá una definición de agricultor genuino que dará trato preferente a productores que más dependen de sus ingresos agrarios, como los ganaderos @mapagob pic.twitter.com/CE5JtQ2PxR"
Spain,Partido Popular,Esteban GONZÁLEZ PONS,106231214,2020-03-03 08:54:19,1234764025340272640,201,Partido Popular,502,Y yo a quien pedirle que baje la música por la noche 😂
Spain,PP,"Prohens Rigo, Margarita  ",361322719,2020-10-13 08:10:45,1315927944448151552,392,PP,502,Gracias @diariomallorca @MiqueladroverM por este artículo.Desde @GPPopular seguiremos defendiendo la Igualdad real sin dogmatismos ni negacionismos.Y seguiremos denunciando el falso feminismo de una izquierda que hace  víctimas de primera y de segunda.@populares @ppbalears pic.twitter.com/kHOA2dEdzj
Spain,VOX,Hermann TERTSCH,257332880,2020-03-01 15:25:31,1234137698522320902,541,VOX,527,Querido @AEscohotado tú que ya eres sabio sabes bien que estas bárbaras y obscenas afrentas a la justicia y a la mínima ecuanimidad siempre las impone el miedo. Porque hay un poder político y mediático que recurre a la turba para imponer la abritrariedad y así la tiranía.. https://t.co/kVEHTcuzMt
Poland,United Left,Żukowska Anna Maria,941899796,2021-04-27 17:28:02,1387096211434491906,575,United Left,2620,Fundusze wypłacane będą w transzach aż do 2027 r.
Denmark,The Social Democratic Party,Camilla Fabricius,2649896319,2020-11-11 13:06:58,1326511738007777280,412,The Social Democratic Party,201,👇🏽🥰🤩 https://t.co/iG7wPIAAG2
Greece,SYRIZA (Coalition of the Radical Left),olga gerovasili,2786227298,2020-11-08 14:27:45,1325444905607589888,135,SYRIZA (Coalition of the Radical Left),403,"Το δεύτερο κύμα ήταν βέβαιο ότι θα έρθει, όμως η σημερινή κατάσταση δεν ήταν μονόδρομος. Τώρα δυστυχώς είμαστε στο χείλος του γκρεμού. Με την κυβέρνηση να ομολογεί στην πράξη, με το δεύτερο lockdown, ότι απέτυχε παταγωδώς από τον Μάιο μέχρι σήμερα να προετοιμάσει τη χώρα."
Spain,PP,"Zurita Expósito, Ana María  ",518445571,2020-04-17 13:12:31,1251136459396059137,392,PP,502,"▶ @pablocasado_  sobre la retirada de material defectuoso distribuido a CC.AA.: “Un país en la Europa del siglo XXI no puede comprar mascarillas a proveedores no homologables, fiables y honestos.” pic.twitter.com/7spfdoY99s"
Spain,EAJ-PNV,"Sagastizabal Unzetabarrenetxea, Idoia  ",250635207,2021-01-14 13:08:02,1349704830546227200,397,"EAJ-PNV ",506,"📹 @AITOR_ESTEBAN en @RadioPopular: ""El partido monárquico por excelencia es el PSOE, que nadie tenga ninguna duda” 👇 pic.twitter.com/wOqXIQXItB"
Germany,The Left Party,Hubertus Zdebel,4557858142,2020-05-01 13:46:33,1256218455314923520,422,The Left Party,306,"In der #CoronaKrise zeigt sich, welche Arbeit wirklich #systemrelevant ist. Leider sind das oft #Jobs, in denen die Arbeitsbedingungen fragwürdig und die Löhne zu niedrig sind. Höchste Zeit, das zu ändern. #1mai #1Mai2020 #erstermai #tagderarbeit #Arbeit #SolidarischNichtAlleine pic.twitter.com/OAbptdSCjm"
Spain,Vox,"Trías Gil, Georgina  ",1118102485053399041,2021-01-10 13:02:01,1348253764046745600,541,VOX,527,"Todo nuestro apoyo a los agricultores y ganaderos que, con sus tractores, están en primera línea en la nevada para ayudar a los españoles 💪🇪🇸Ellos también están sufriendo este temporal y muchos perderán sus cosechas, reses e invernaderos.🚜 #VOXConElCampo pic.twitter.com/aL2Htpxiv0"
Italy,LIBERI E UGUALI,FRATOIANNI Nicola,425686235,2020-03-20 18:08:42,1241064135460257792,110,LIBERI E UGUALI,838,"Bene la sospensione del #pattostabilità, sia il primo passo per cancellarlo. Ora serve il via libera agli #eurobond contro la pandemia, e che la #Bce stampi denaro da distribuire ai cittadini europei.#Ue #coronavirus https://t.co/vVRoQxYe3j"
Denmark,The Conservative People's Party,rasmus jarlov,1225930531,2021-04-08 12:31:42,1380136267032227841,413,The Conservative Party,203,"Hvordan skulle man kunne gøre det, når der ikke er nogen tal i udspillet?"
Ireland,Sinn Féin,Donnchadh Ó Laoghaire,20936855,2020-11-19 19:11:56,1329502690301390850,7,Sinn Féin,707,"When there are cases in schools, we need to be confident that they will be dealt with decisively. School-specific tracing teams are a good idea, but they need to be properly resourced and working to the right criteria. @sinnfeinireland pic.twitter.com/0QmQ1i4bb0"
Italy,LEGA - SALVINI PREMIER,BORGHI Claudio,337767301,2020-01-13 20:51:28,1216825108553175042,106,LEGA - SALVINI PREMIER,811,Ogni tanto vale la pena passare un po' di tempo a chiaccherare con gli ex colleghi che ancora sono nel business per avere un po' il quadro della situazione
Spain,Vox,"Zambrano García-Raez, Carlos José  ",2385882402,2021-04-17 07:00:39,1383314446387322886,541,VOX,527,‼️ #URGENTE La ley anti-infancia de Podemos sale adelante con el voto a favor del PP y la rotunda oposición de VOX. En Génova ya son directamente cómplices del plan de ingeniería social de la izquierda. @TeresaGdVinuesa ha defendido nuestra posición en el Congreso ⬇️ https://t.co/jwvSDALGN5 pic.twitter.com/pXglujPUFd
France,La République en marche,Stéphane BIJOUX,1083411992,2020-10-16 11:25:49,1317064198397038594,523,La République en marche,626,Nous devons protéger nos éleveurs & nos agriculteurs. La🇫🇷travaille avec l’🇪🇸&le🇵🇹pour convaincre @EUCouncil de maintenir le budget #POSEI inclus dans la #PAC et de rejoindre ainsi la position du @Europarl_FR.📰Retrouvez mon intervention @FranceAgricole⤵️https://t.co/V2c3LQ5vJX
Ireland,Fianna Fáil,Thomas Byrne,32922034,2021-04-07 19:53:48,1379885138419519493,126,Fianna Fáil,701,Really proud of @AnnByrne_42 who was part of this vaccination team today @StMichaelsHouse with all her SMH and HSE colleagues - very hopeful and exciting by all accounts! https://t.co/LZSs6ihEU5
Germany,Alliance 90/The Greens,annalena baerbock,2179010672,2020-08-11 14:01:02,1293185661642526737,423,Alliance 90/The Greens,304,Children born of the sexual abuse of #Yazidi women by ISIS need a future; and their mothers need more help to overcome their traumas. We are very grateful that we can rely on @ABaerbock's support in tackling these issues! Her full statement here (🇩🇪🗣️): https://t.co/B5CJaR6hjw pic.twitter.com/UJ7sk1OLPE
Slovenia,Slovenian Democratic Party Deputy Group,"Janša Janez [Ivan] ",258856900,2020-09-09 19:19:16,1303774995110408201,25,Slovenian Democratic Party Deputy Group,2902,Izrečeno maja 2018 pred volitvami.Danes se je Židanova radikalna nesposobnost še enkrat radikalno potrdila #Teran pic.twitter.com/5a6Pu8dten
Spain,PP,dolors montserrat montserrat,283559538,2020-02-18 10:49:11,1229719504097366017,201,Partido Popular,502,Hoy publico en @expansioncom este artículo sobre inteligencia artificial #IA #UE pic.twitter.com/tPHZQugZgO
Greece,MeRa25,Bakadima Foteini,350800867,2021-04-21 11:26:10,1384830816006574082,569,MeRa25,417,#ΠαιδοκαρδιοχειρουργικοΑγιαΣοφια #ΠαιδωνΑγιαΣοφια21 #ΠαιδιατρικοΤζανειου https://t.co/bAmvKugYOV
Poland,Civic Coalition,Janyska Maria Małgorzata,2724920673,2020-05-21 08:48:53,1263391302277894145,482,Civic Platform,2603,"Rafał @trzaskowski_ kolejna propozycja-Prokurator Generalny musi być powoływany przez prezydenta,by był niezależny,by prokuratura traktowała wszystkich równo,jak np.w przyp.ścigania pedofilii,najbardziej obrzydliwego przestępstwa,z którym obecna władza nic nie robi"
Germany,Alliance 90/The Greens,Tobias Lindner,21197524,2021-08-10 17:46:57,1425151696477491205,423,Alliance 90/The Greens,304,Geladene Gäste: @BraFDP @thomasgebhart @ThomasHitschler @tobiaslindner @TobiasSchreine3 werden befragt zu: #bafoeg #BildungsGerechtigkeit #B10 #Klimaschutz #Mobilitaet #Gesundheit #Sozialpolitik #Migration #Feminismus.In gemeinsamer Orga mit dem @AStA_FTSK. 🤝
Poland,Civic Coalition,Poncyljusz Paweł,71850712,2020-07-20 16:44:20,1285254224541089793,574,Civic Coalition,2619,"Czy Premier @MorawieckiM znowu kłamał?🤦🏻‍♀️Mówił przecież, że nocami negocjował środki z #UE  i wszystko już załatwił. Tymczasem jeszcze nie są uzgodnione:-kwota Funduszu Odbudowy-podział na granty/kredyty-uzależnienie od zgody na cele klimatycz.-uzależnienie od praworządności"
France,En Marche,Émilie Chalas,1436327000,2020-01-11 17:33:53,1216050609503248384,149,En Marche,626,Bravo aux militants de leur engagement auprès des Grenoblois et de leur détermination à porter #UnNouveauRegardSurGrenoble!#Grenoble#Municipales2020 https://t.co/1N4KBoHLdY
Spain,PP,"Píriz Maya, Víctor Valentín  ",807001880220073988,2020-10-25 22:26:47,1320492025888866305,392,PP,502,"El estudiantes es cada vez menos... lleva años en un pozo en el que le costará salir.  Pero nosotros tranquilos y bien, seguimos invictos !"
Spain,ERC-S,"Carvalho Dantas, María  ",87042194,2020-11-05 10:30:52,1324298127260737537,593,ERC-S,511,"Protesta contra Trump a Londres, impulsada per Unitat allà, amb un missatge d'Unitat a New York:https://t.co/zaMR7juW6t"
Sweden,Mod,"Ericson, Jan ",393890670,2020-01-08 13:53:49,1214908066161995777,42,Mod,1602,Vem är du att avgöra om ett medlidande är falskt eller inte? Och vari ligger konspirationsteorin? Detta var en nyhet från SVT. Sprider de konspirationsteorier om detta menar du?
Hauts-de-Seine,Les Républicains,CONSTANCE LE GRIP,338910451,2021-01-13 12:04:15,1349326392668913665,155,Les Républicains,609,"Comme chaque année,remarquable travail,rigoureux et méthodique,de l'ONG @portesouvertes ,qui publie son Index annuel de la persécution des chrétiens dans le monde!Nous ne pouvons pas,nous ne devons pas esquiver ... https://t.co/FKbYhmti9X"
Spain,BNG,"Rego Candamil, Néstor  ",435720619,2020-11-11 17:32:01,1326578440334618625,605,BNG,513,.@NestorRego Non podemos considerar sociais uns orzamentos que discriminan o noso pobo. Por iso presentamos a emenda á totalidade. pic.twitter.com/nboys2gFH1
Finland,The Left Alliance,Anna Kontula,203126022,2021-03-25 15:11:34,1375103070519095301,167,Left Alliance,1404,"Ainakaan en ole nähnyt kenenkään esittävän virkavastuulla paperilla tätä argumenttia. (Jos näin olisi, se pitäisi olla kirjattuna hallituksen esityksen perusteluihin.)"
Poland,Civic Coalition,Szczerba Michał,58919878,2020-02-22 23:56:31,1231367195395006466,482,Civic Platform,2603,"Podłość i pogarda PiSowskiej propagandy nie zna granic. Żarty z przemocy domowej, na walkę z którą PiS zabrał środki. Wszyscy w TVPiS próbują być jak Lichocka."
Spain,PSC-PSOE,"Guaita Esteruelas, Sandra  ",199850925,2020-10-21 07:46:50,1318821028034916357,398,"PSC-PSOE ",501,"Acceptem la comunicació de la Presidència del @parlamentcat per posar en marxa el rellotge que ha de portar-nos fins a les eleccions, perquè hi ha prou consens polític i perquè limitem la interinitat que ens ha estat imposada.🗣️@miqueliceta#CatalunyaNecessitaUnCanvi#SomPSC❤️ pic.twitter.com/d6pJvhRbAA"
Slovenia,Slovenian Democratic Party Deputy Group,"Jeraj Alenka ",1714901952,2020-07-24 20:42:48,1286763786074980354,25,Slovenian Democratic Party Deputy Group,2902,Dr. Dežman z javnim vprašanjem SAZU o Partizanih dr. Jožeta Pirjevca. Slednjemu očita ideološko skrajno problematičen produkt! P.S. Tega pisma v #MSM ne boste mogli prebrati!https://t.co/f4cN2wyWJc pic.twitter.com/EvFQPSU0yw
France,Mouvement Démocrate,Marielle De Sarnez,303885267,2020-05-12 15:42:45,1260233961135095810,152,Mouvement Démocrate,613,"Nous examinerons jeudi le projet d’avis de notre rapporteure Bérengère Poletti, et je crois que c’est important de le dire, il est important de maintenir, dans des temps vraiment pas ordinaires, notre rôle de #contrôle et d’#évaluation qui est notre mission première."
Finland,The Left Alliance,Anna Kontula,203126022,2021-04-11 22:19:03,1381371241790066689,167,Left Alliance,1404,"Politiikka toimii niin, että päätösten taakse tarvitaan vähintään enemmistö äänistä. Jos ei ole enemmistön kannatusta, ei synny päätöstä."
Netherlands,People's Party for Freedom and Democracy,arno rutte,49746529,2021-02-09 22:31:16,1359268659047374849,66,People's Party for Freedom and Democracy,1003,"‘Grasmaaien is mijn hobby, meubels verkopen mijn vak’ Een Groningse reclame-icoon is niet meer:  https://t.co/UIhBM93uLu"
Poland,Civic Platform,michał szczerba,58919878,2021-03-11 22:05:51,1370133898240405505,482,Civic Platform,2603,"Nie można ignorować szczucia. I dlatego trzeba odsunąć PiS od władzy. I pracuję dla tego celu każdego dnia/ Ale odpowiedzialność wymaga, by dostrzegać wrzutki Pana Zera mające jedne cel; odwrócić uwagę od PiSowskich afer ostatnich dni. Równość w każdym wymiarze. Dla wszystkich!"
Ireland,Fianna Fáil,brendan smith,430714461,2020-07-15 12:45:33,1283382192618569734,126,Fianna Fáil,701,SIGN UP: Our new #COVID19 Safety Charter is designed to boost public confidence in the safety of businesses as the #tourism sector re-opens.#TourismTogether
Slovenia,Slovenian Democratic Party Deputy Group,janez janša,258856900,2020-03-27 21:00:14,1243644018665324544,25,Slovenian Democratic Party Deputy Group,2902,"Res se ne spomnim, da bi se oglasili v zadnjih 12 letih, ko so kot po tekočem traku pod levimi vladami leteli novinarji iz svojih služb - od Boruta Meška, nekdanjega urednika STA, ki je kmalu za tem umrl, pa @peterjancic itd ... niti ust niso odprli. https://t.co/ieRLzzVx0h"
Spain,Partido Socialista Obrero Español,Juan Fernando LÓPEZ AGUILAR,449951300,2020-11-26 16:58:40,1332005864316743685,192,Partido Socialista Obrero Español,501,"🗣 @JFLopezAguilar : ""Canarias tiene la oportunidad de transformar su modelo productivo tras la pandemia"".""Hay que invertir los fondos europeos que vamos a recibir en proyectos basados en economía circular"".#EWWR2020 ♻🇪🇺"
Ireland,Sinn Féin,Mary Lou McDonald,148872468,2021-01-14 16:40:11,1349758219149836290,7,Sinn Féin,707,Great news for Dublin's inner city and for the country - plans for Moore Street and a  revolutionary quarter. A significant step forward - comhghairdeas #SaveMooreStreetCampaign https://t.co/bzm7jCPA3y
Finland,Green League,Iiris Suomela,1630164722,2021-02-21 16:19:05,1363523649131675654,164,Green League,1408,"Vihreiden kuntavaaliohjelma on nyt julkaistu.💚 Kunnissa voimme:🌍Torjua ilmastonmuutosta📚Panostaa koulutukseen🌱Suojella luontoamme🤝Tukea heikoimpia👩‍⚕️Vahvistaa hyvinvointia, mielenterveyttä & tasa-arvoa.Huomenna Suomi on vihreä.#kuntavaalithttps://t.co/6o0tPvg63e"
Spain,PSOE,"García Morís, Roberto  ",917967385,2021-06-13 13:39:34,1404070947049594882,389,PSOE,501,Asturias acelera el ritmo de vacunación y encara ya la inmunización de los menores de 40 años: estos son los nuevos plazos que se barajan https://t.co/pywtoj3ulY vía @lanuevaespana
Belgium,Parti du Travail de Belgique,Marc BOTENGA,1055950916,2021-02-03 20:09:30,1357058651220037633,552,Parti du Travail de Belgique,119,"Les labos, leurs brevets, leurs contrats, et l’Union Européenne : @BotengaM est mon invité ce jeudi #07h50 @BelRTL"
Slovenia,Slovenian Democratic Party Deputy Group,"Janša Janez [Ivan] ",258856900,2020-11-16 13:00:37,1328322078018310151,25,Slovenian Democratic Party Deputy Group,2902,"I was deeply moved. I promised to help. We took the boy’s name. It was Artur Mayakov. Already that evening we began to see if there’s anything we could do. But I couldn’t keep my promise. Two days later, Artur died from his injuries. He was 13 years old. I was heart-broken. pic.twitter.com/pwEk5iQTTi"
Sweden,SweDem,"Wiechel, Markus ",62018785,2020-01-03 03:11:47,1212934554283118593,37,SweDem,1610,Oj. Detta kan innebära både det ena och andra. https://t.co/OdJmLp3wPJ
Netherlands,People's Party for Freedom and Democracy,malik azmani,389687289,2021-07-06 13:59:12,1412410807321862146,66,People's Party for Freedom and Democracy,1003,"🇸🇮 We will work with #EU2021SI, but judge it on its respect for the #RuleOfLaw & EU values. @MalikAzmani: ""Unfortunately, PM #Janša seems to want to be part of a sinister club that doesn’t appreciate #freemedia, judiciary’s independence or respecting #LGBTQ rights at all."" pic.twitter.com/nyQPqivoMt"
Poland,Law and Justice,Milczanowska Anna,713048482622341120,2021-08-10 13:08:32,1425081630339833859,483,Law and Justice,2605,#PolskiŁad to w wymierze inwestycyjnym budowa #ViaCarpatia i naprawa złej decyzji rządu PO-PSL o budowie części tej drogi formułą 2+1. W ramach #PolskiŁad zapewniamy środki na dobudowę drugiej jezdni. Cała #S19 będzie 2+2!! @pisorgpl @MorawieckiM @AMAdamczyk @MI_GOV_PL @GDDKiA pic.twitter.com/nAknzTaNhF
Poland,Civic Coalition,Nykiel Mirosława,793662463,2020-02-08 11:51:50,1226111390781452289,482,Civic Platform,2603,.@M_K_Blonska: Nie będę ani totalna ani bojaźliwa. Chcę zmienić polską politykę. Już naprawdę mam dość walk kogutów #NowaPlatforma#NowaEnergia
Poland,United Left,Żukowska Anna Maria,941899796,2020-08-02 16:22:49,1289959849954963456,575,United Left,2620,Happy 12 anniversary and thank you very much for your tweet! 🥰🌈 We shall withstand and survive! 💪https://t.co/NhoSOmyO7G
Poland,Law and Justice,Michałek Iwona,534747356,2020-03-30 06:33:11,1244512981179924480,483,Law and Justice,2605,"💬Pracujemy nad techniczną stroną wdrożenia #TarczaAntykryzysowa. Dążymy do tego, żeby to były proste oświadczenia, które będzie można pobrać i wysłać do urzędu.  Każdy z elementów jest radykalnie teraz upraszczany i będzie dostępny na portalu GOV - @JEmilewicz @RadiowaTrojka"
Ireland,Fine Gael,Alan Farrell,39472243,2020-06-08 22:51:44,1270126391179304961,127,Fine Gael,702,"Not personally, Niall but he’s on the south side.. I have read that he does however."
Greece,N.D. (New Democracy),Georgiadis Spyridon - Adonis,70340615,2020-05-07 13:53:09,1258394440101761026,137,N.D. (New Democracy),402,"Στο Παγκράτι ο @PrimeministerGR, συνομίλησε με καταστηματάρχες για την σταδιακή επιστροφή στην κανονικότηταhttps://t.co/alhZHybVNc#COVID19greece #LockdownEnd #ΜενουμεΑσφαλεις pic.twitter.com/yDYj3VDfBc"
Germany,CDU/CSU,marco wanderwitz,16361044,2020-12-09 18:23:34,1336738274254188544,420,CDU/CSU,301,1400 #Corona-Patienten können in Südwest-#Sachsen in Krankenhäusern behandelt werden. Diese Grenze wird laut Prognosen des für die Patientenverteilung zuständigen Klinikums in #Chemnitz Anfang nächster Woche erreicht sein. Mehr Infos via @freiepresse: https://t.co/jTrD2uutA9
Germany,Bündnis 90/Die Grünen,Katrin LANGENSIEPEN,950392790,2021-04-23 17:22:34,1385645286140301316,209,Bündnis 90/Die Grünen,304,@SyrianCenter @SyriaNotSafe @AdoptRevolution
Spain,VOX,Hermann TERTSCH,257332880,2020-03-05 17:10:28,1235613661613322246,541,VOX,527,Reírse de un muerto debe ser motivo inmediato de cese. ¿Donde hemos llegado?. Si no sabe controlarse fuera pic.twitter.com/XidQJpm95y
Spain,VOX,Hermann TERTSCH,257332880,2020-09-29 06:58:48,1310836409562005505,541,VOX,527,Un vehemente criminal. Es lo que fue Largo Caballero
European Parliament,"Partija \VIENOTĪBA\""""",ARTIS PABRIKS,218804015,2020-12-04 19:09:38,1334937926841544704,95,"For Development/For! ",2417,"Aizsardzības ministrs @Pabriks un parlamentārā sekretāre Baiba Bļodniece apmeklēja militāro mācību #WinterShield2020 noslēguma fāzi Ādažu poligonā."" NATO kaujas grupu klātesamība Latvijā ļauj salāgot spēka veidus un dažādu valstu militārās vienības"", uzsvēra ministrs. pic.twitter.com/l13YwCm2aP"
Denmark,The Social Liberal Party,Stinus Lindgreen,87923613,2020-04-02 07:01:39,1245607310832963590,408,The Social Liberal Party,202,Jeg sværger! Det var ikke mig 😇
Germany,The Left Party,Michel Brandt,1543429536,2021-04-23 06:38:01,1385483078575984640,422,The Left Party,306,"Bis zu 130 Menschen sind ertrunken. Die #EU hat sie sehenden Auges sterben lassen. Alle Behörden waren 2 Tage informiert, hatten die Koordinaten, wussten von der #Seenot, der Lebensgefahr. Laut @alarm_phone scheint zwischendurch ein #Frontex-Flugzeug vor Ort gewesen zu sein. 1/2"
Spain,Cs,"Vázquez Blanco, Ana Belén",397867366,2020-09-06 09:12:53,1302535230167953410,387,Cs,526,"No vamos a apoyar las medidas que empobrecen a los españoles.Para salvar vidas, el Gobierno de Sánchez siempre nos ha tenido al lado, para arruinar España no.📰Entrevista en @laverdad_es https://t.co/3dtUZB5CVC"
Greece,The Greek Solution,Asimakopoulou Sofia - Chaido,1148229718627540992,2020-08-28 09:35:31,1299279433875050497,568,The Greek Solution,412,Ἀπίστευτα καί ὅμως ἑλληνικά ... μέ σφραγῖδα Μέρκελ στό Ἑλσίνκι 2 ... ἡ Κομμισιόν σταμάτησε νά χρησιμοποιεῖ τόν ὅρο «κυρώσεις» καί ὁμιλεῖ γιά «ἐπιλογές» ...#Πρωτα_η_Ελλαδα #Πρωτα_οι_Ελληνες @ellinikilisi @velopkyhttps://t.co/9mK8grPrfy
Italy,Lega,Oscar LANCINI,714899456,2020-08-01 07:31:13,1289463683869896706,509,Lega,811,Sei contrario al #Mes e rischi di ritrovarti come Presidente di commissione uno come Marattin che non ricorda nemmeno gli articoli del Trattato?Facile. Ti spostiamo subito ad occuparti di portaerei e tritarifiuti. È la sorte toccata a @RaphaelRaduzzi e @AlviseManiero1 pic.twitter.com/V4feKEGT2M
Poland,Prawo i Sprawiedliwość,Tomasz Piotr PORĘBA,2223619951,2020-10-28 12:01:34,1321421848001843201,223,Prawo i Sprawiedliwość,2605,Barbarzyństwo [WIDEO]#wieszwięcej https://t.co/gDZ7ziwbwp
Germany,CDU,Paul Ziemiak,288696645,2020-09-18 18:08:33,1307018690425163776,425,CDU,301,"Danke für die gute und freundschaftliche Zusammenarbeit, liebe @LindaTeuteberg!"
Sweden,SweDem,"Marttinen, Adam ",334672453,2021-05-12 09:16:59,1392408453293953031,37,SweDem,1610,"Ingen regering i Sverige sedan 2014 har gjort mer mot våldsbejakande islamism än den enda som suttit sedan 2014, ett riktigt toppenbetyg som S brukar dela ut till sig själva.#svpol pic.twitter.com/yOtYJmn3Qk"
Germany,CSU,Andreas Lenz,3635730797,2020-04-15 17:14:18,1250472528813883392,420,CDU/CSU,301,"Wenigstens gibt es jetzt Planungssicherheit für all die Volksfeste, die in Kürze gestartet hätten. Das ist vor allem für die Veranstalter hinsichtlich von Regressfragen wichtig. #Corona #Volksfestzeit"
Austria,"The New Austria and Liberal Forum ",Schellhorn Josef,282732697,2021-08-02 07:43:38,1422100767159328768,480,"The New Austria and Liberal Forum ",1306,Hafermilch Cappuccino - unten warm und oben mit kaltem Schaum. … dabei glaubte ich es geschafft zu haben
Italy,FRATELLI DITALIA-ALLEANZA NAZIONALE,walter rizzetto,359933447,2021-05-31 19:52:45,1399453816827912192,104,FRATELLI DITALIA,844,Giovanni Brusca è un uomo libero.Hanno ucciso un bambino (Giuseppe Di Matteo) alle spalle.“Io ci sono andato da dietro e ci ho messo la corda al collo...il bambino era urinato e si era fatto anche addosso dalla paura daquello che abbia potuto capire”Oggi è un giorno buio. pic.twitter.com/JJcXWcmlnf
Ireland,Green Party,Eamon Ryan,22005625,2021-06-03 21:32:01,1400565961330135042,13,Green Party,705,"Congrats to 🪑@BrianLeddin, @AlanFarrell @COSullivanTD @aliceeire @orourke_darren @WhitmoreJen for a solid report on reducing 🇮🇪transport emissions 51% by 2030📖 81 pages📌 42 recommendations📺 9 expert witnesses🔑 1 key message: avoid, shift, improvehttps://t.co/9uimluy9hE"
Estonia,Eesti Reformierakond,Urmas PAET,1198416960,2021-04-02 08:41:46,1377904077678465028,222,Eesti Reformierakond,2203,"#Myanmar’s military junta has forcibly disappeared hundreds of people since the coup. The authorities have taken into custody politicians, journalists, protesters and refused to confirm their location or allow access to lawyers or family members in violation of international law."
Poland,Civic Coalition,Kluzik-Rostkowska Joanna,904085023,2020-06-07 20:04:33,1269721930002763776,482,Civic Platform,2603,Co to znaczy zainaugurował? Mógł co najwyżej sam wbić łopatę w piach. Prezydent nie ma kompetencji ani środków do budowy mostów. To kompetencje rządu. Ogarnijcie się. https://t.co/bwkGtJalob
Greece,MeRa25,Bakadima Foteini,350800867,2021-03-30 10:17:39,1376841042138398721,569,MeRa25,417,"«Ήρωες με δώδεκα ζωές» - Σαν σήμερα πριν ένα χρόνο ο Μανώλης Γλέζος φεύγει από τη ζωή, σαν σήμερα πριν 69 χρόνια ο Νίκος Μπελογιάννης, πριν ακόμα χαράξει, εκτελέστηκε. *Σκίτσο του Θανάση Καραμπάλιου pic.twitter.com/mXWuvzHf6X"
Italy,LIBERI E UGUALI,PALAZZOTTO Erasmo,808878834,2020-06-17 14:07:28,1273255947939524608,110,LIBERI E UGUALI,838,"Il presidente del Consiglio Conte sarà ascoltato domani dalla Commissione d'Inchiesta sul caso Regeni. Intanto, il segretario del Pd Zingaretti chiede al Governo di impegnarsi per far avviare il processo in Egitto pic.twitter.com/jAZcacEwbw"
Finland,Finns Party,jani mäkelä,489523654,2021-06-09 04:40:07,1402485637182275586,170,Finns Party,1405,"Hienoa! Nyt vielä sunnuntaina äänestämään, perussuomalaisten kannattajat! Vain annetut äänet lasketaan. https://t.co/cHKuYDxDFA"
Spain,PP,belén hoyo juliá,239779545,2020-10-13 20:21:07,1316111746407510017,387,Cs,526,"Ni han frenado el virus ni han doblegado la curva, pero sí van camino de frenar la independencia judicial y doblegar la separación de poderes. No trabajan por lo que les preocupa a los españoles, pero sí por lo que les preocupa a ellos. pic.twitter.com/eWdRSUMSSi"
Spain,Cs,"Arrimadas García, Inés",552561770,2021-04-29 11:25:46,1387729821602652160,387,Cs,526,🍊 @InesArrimadas ofrece una rueda de prensa #EnDirecto.📡 Acompáñanos y no te pierdas la #ActualidadCs https://t.co/0qZGYw8P3q
Germany,Alliance 90/The Greens,Renate Künast,1425265488,2020-03-06 01:27:00,1235738620423745538,423,Alliance 90/The Greens,304,Die FDP ist in Thüringen draußen. pic.twitter.com/UGM20RDLE2
Netherlands,Socialist Party,frank futselaar,134056639,2021-03-18 15:25:28,1372569850208514056,69,Socialist Party,1014,"Als je ook teleurgesteld bent over de verkiezingsuitslag, is het beste dat je kunt doen helpen zorgen dat het volgende keer beter wordt. Door lid te worden van een politieke partij bijvoorbeeld, zoals de SP: https://t.co/N3EJ1NeUHE"
Poland,Civic Platform,sławomir nitras,74463657,2020-01-25 14:31:18,1221078092053172224,482,Civic Platform,2603,Głosowane było #PlatformaWybiera #wyborywpo pic.twitter.com/v5lhwwlTra
Finland,National Coalition Party,juhana vartiainen,229602587,2020-07-04 11:25:54,1279375880524050433,163,National Coalition Party,1402,Spontaanisti tuli mieleen Neuvostoliiton aika. Moskova kertoo mitä Suomen hallitus ja eduskunta saavat tehdä. https://t.co/7aTyMG9Vjc
Poland,Wiosna,Robert BIEDROŃ,466781777,2020-11-17 07:51:29,1328606672177213440,549,Wiosna,2621,"🗣️ : Propozycje ze strony @__Lewica są widoczne. Złożyliśmy na przykład projekt podatku cyfrowego, żeby cyfrowi tytani płacili większe podatki w Polsce. Złożyliśmy także poprawkę dla medyków, którą odrzuciła prawica. My zawsze jesteśmy blisko ludzi. 📍w @Tlit_Wp"
Spain,Partit dels Socialistes de Catalunya,JAVI LOPEZ,153388751,2021-06-18 15:48:28,1405915324118142976,349,Partit dels Socialistes de Catalunya,519,"Todo comienza con pequeñas concesiones a la extrema derecha y acaba con invisibilizar, agredir e incitar al odio. No hay democracia sin convivencia.Hungría continúa violando derechos fundamentales y los valores de la UE. Es hora de que la UE actúehttps://t.co/rYjPValRt9"
Poland,Law and Justice,jan mosiński,753647431,2020-11-16 15:37:33,1328361572205518849,483,Law and Justice,2605,Temat #StrajkKobiet praktycznie przestał istnieć w social media. Spadek zasięgów interakcji o 97%. 3 główne spadków: ➡️eskalacja żądań (spadek 30% publikacja) ➡️brak pomysłu na formę protestów (case #KOD) ➡️bardzo duży spadek zainteresowania: powołanie tzw rady konsultacyjnej pic.twitter.com/IxxhRkj865
Germany,FDP,Bettina Stark-Watzinger,38228691,2020-11-25 10:20:44,1331543336319148033,428,FDP,303,"25qm pro Person im #Einzelhandel halte ich für nicht praktikabel. Das führt zu Frust & langen Schlangen vor den Geschäften in der Kälte. Und stärkt einseitig den Onlinehandel. Weshalb nicht Zeitfenster für besonders Gefährdete einrichten, aber ansonsten die Regelung überdenken? pic.twitter.com/Kmv7j2PlZX"
Italy,LEGA - SALVINI PREMIER,BIANCHI Matteo Luigi,397914207,2020-10-16 14:09:17,1317105337208537089,106,LEGA - SALVINI PREMIER,811,"Con il Presidente dell’Assemblea Nazionale Slovena Igor Zorcic: è importante la diplomazia parlamentare, soprattutto per i territori di confine del nostro contesto mitteleuropeo @ Rome, Italy https://t.co/LB0M2AXXO3"
Spain,Cs,"Martín Llaguno, Marta  ",65325998,2020-11-16 08:17:15,1328250768403656704,387,Cs,526,Has estado fantático. Te he escuchado!
Greece,Coalition of the Radical Left,DIMITRIOS PAPADIMOULIS,249601317,2021-03-11 13:50:15,1370009173879054340,199,Coalition of the Radical Left,403,"HSBC: «Η Ελλάδα παρουσιάζει τη μεγαλύτερη αύξηση των κρουσμάτων την τελευταία εβδομάδα» Άσχημα νέα, με βάση τα επίσημα στοιχεία. Ούτε η κυβερνητική προπαγάνδα, ούτε ο αυταρχισμός, ούτε η εκστρατεία διχασμού δεν μπορούν να κρύψουν την ωμή πραγματικότητα:  https://t.co/invkT0UF2B"
Poland,Law and Justice,Horała Marcin,92718035,2020-03-18 11:31:35,1240239421779316737,483,Law and Justice,2605,Zakończyło się posiedzenie Rady Gabinetowej pod przewodnictwem Prezydenta @AndrzejDuda w związku z przygotowaniem #TarczaAntykryzysowa - pakietem działań społeczno-gospodarczych.  Dzisiaj odbędzie się także robocze spotkanie członków rządu w formie wideokonferencji. pic.twitter.com/QoDbugJB3p
Poland,United Left,Szejna Andrzej,1108989641359790082,2021-05-08 18:31:25,1391098427644293129,575,United Left,2620,Kręcimy się w kółko ja o Polsce a Pan o Koalicji Obywatelskiej. Powodzenai
Sweden,Mod,"Malmberg, Betty ",2722177548,2020-01-13 17:18:57,1216771627364601857,42,Mod,1602,Trodde aldrig jag skulle stötta Dan Eliasson men man ska aldrig sluta förvånas. Klokt talat då gäller otaliga utredningar som dras i långbänk https://t.co/5bLCkBqaZL #Expressen via @Expressen
Netherlands,Party for Freedom,edgar mulder,286297831,2021-05-25 14:53:50,1397204267585445906,62,Party for Freedom,1017,Mooi. Kabinet voert mijn aangenomen motie uit om private schulden slachtoffers #kinderopvangtoeslag over te nemen. pic.twitter.com/Wq2xxG30qx
Poland,Law and Justice,Emilewicz Jadwiga,2435997204,2020-06-29 11:30:34,1277565118520397824,483,Law and Justice,2605,"Projektowanie, tworzenie pięknych rzeczy, myślenie o marce i jej komunikowanie - to wszystko powinno być na pierwszym planie. Dlatego stawiamy na prawo, które wspiera geniusz ludzki i pomaga go wydobywać - min.@MazurKrzysztof na konf.""Przebrała sie m!arka"" pic.twitter.com/K7bAcz8ESj"
Spain,Vox,"Méndez Monasterio, Lourdes  ",1108432169054208001,2020-07-07 15:07:02,1280518694838382592,541,VOX,527,📌Ya puedes ver la intervención de nuestra Diputada Nacional  @LourdesMndezM1 en la tertulia política el #MatinalTV de la @La7_tv 📲Pincha aquí👇https://t.co/X9ORpE6iNS
Denmark,The Conservative People's Party,Mai Mercado,1079806855,2021-02-24 10:26:26,1364522065949253633,413,The Conservative Party,203,"Jamen tillykke til SF, EL og R som fik hævet forsamlingsforbuddet fra 20 til 25 for sportsaktiviteter i timelange forhandlinger med regeringen. FlotErhvervsliv 🤥 Efterskoler & højskoler 🤥 #ironikanforekomme #dkpol"
Spain,ERC-S,"Carvalho Dantas, María  ",87042194,2020-10-11 21:56:37,1315411007142006790,593,ERC-S,511,"Es imprescindible hacer #MemoriaHistórica y #ReparaciónPolítica frente al #Genocidio #Terricidio y #Epistemicidio colonial. #DestruirMonumentosColoniales es  urgente, porque son símbolos de violencia, racismo, intolerancia y opresión! pic.twitter.com/LbNdtBM3Ff"
Spain,Partido Socialista Obrero Español,Juan Fernando LÓPEZ AGUILAR,449951300,2021-07-28 11:34:05,1420346819859599362,192,Partido Socialista Obrero Español,501,"On the 70th anniversary of the Geneva Refugee Convention, all my support to @RefugeesOlympic team, who give visibility to the 80m people who are displaced in the world. What an example! The #EU should increase its efforts to face this global emergency.#UNHCR70 @Refugees pic.twitter.com/RcTL9rzb7a"
Greece,MeRa25,Sakorafa Sofia,533082734,2020-09-03 11:07:37,1301476940990341120,194,Independent,412,Θάνος Ανεστόπουλος (3 Φεβρουαρίου 1967 – 3 Σεπτεμβρίου 2016)https://t.co/v3a63ujwY7
Sweden,Mod,"Beckman, Lars ",298744792,2020-03-04 16:52:37,1235246783728701441,42,Mod,1602,Reinfeldt: ”Bloomberg trodde jag var hans livvakt” https://t.co/lRNxqwSAgt
Poland,Civic Coalition,Golbik Marta,3823794201,2020-01-08 14:11:56,1214912626439929858,482,Civic Platform,2603,"▶️Brawo Rafał Grupiński👏@Platforma_org „Macie czelność w tak smutną, dramatyczną rocznicę podwajać pieniądze na to, żeby tą fatalną, pełną szczucia i niechęci ludzi o odmiennych poglądach instytucję wzmacniać. ”"
Spain,Cs,"Vázquez Blanco, Ana Belén",397867366,2020-08-20 12:10:16,1296419278493818881,387,Cs,526,"⏭ @pablocasado_ : @populares no quiere ser una minoría indomable sino la mayoría imbatible.Para ello es necesario convicción y tb capacidad de persuasión.Abrir grandes puertas de acogida, no cavar estrechas trincheras.Ya no se habla de más sorpasso que el de PP al PSánchez pic.twitter.com/qhtAPRjOuX"
Germany,CSU,Thomas Erndl,2192588903,2020-11-03 07:03:21,1323521127000510464,426,CSU,308,"Nach den Angriffen in #Frankreich, jetzt Terror in #Wien. Ich bin traurig, wütend & zutiefst schockiert.Eines muss klar sein: Die Feinde der #Freiheit werden in #Europa keine Chance haben. Wir stehen zusammen! @cducsubt @csu_bt @sebastiankurz#Vienna #Macron #0211w #Terror"
Ireland,Fine Gael,Josepha Madigan,2154117425,2020-12-19 12:00:20,1340265707351777281,127,Fine Gael,702,Continuing my #12DublinRathdownCafesOfXmas🎄 with Day 10 and the @GatheringGrnds Cafe in Kilternan. The Gathering Grounds is a community cafe run by volunteers. So why not show your support and try one of their famous Eggnog lattes! #supportlocal pic.twitter.com/PO0PdiavHQ
Finland,Swedish People's Party in Finland,Anders Adlercreutz,22895229,2020-09-26 10:51:07,1309807710389575686,168,Swedish People's Party,1406,Huh. Kuulostaa pelottavalta sekoitukselta...
Greece,N.D. (New Democracy),Dendias Nikolaos - Georgios,236744081,2020-02-04 15:55:30,1224723160798507008,137,N.D. (New Democracy),402,Συζητήσαμε επίσης για τις σημαντικές προοπτικές που ανοίγονται στον τομέα της ενεργειακής ασφάλειας με τα ευρήματα στην Ανατολική Μεσόγειο. #Italy
Spain,VOX,Hermann TERTSCH,257332880,2021-01-27 00:55:10,1354231441991884803,541,VOX,527,Represalias para la disidencia. No pasa ya solo en Moscú y Pekín. https://t.co/maJL6PqVCh
Germany,CDU/CSU,sebastian steineke,277006619,2020-10-06 12:57:34,1313463410684817408,420,CDU/CSU,301,"Gespräch mit dem Vorstand der @vzbv @Klaus_Mueller zu aktuellen Themen, von #Inkasso bis zum #Haushalt2021 pic.twitter.com/0hCJaSKdq9"
Greece,Nea Demokratia,ELISSAVET VOZEMBERG-VRIONIDI,385358076,2021-03-15 14:44:12,1371472304157425664,200,Nea Demokratia,402,Συνέντευξη μου στην εφημερίδα «Αποκαλυπτικά». pic.twitter.com/GpR87d415w
Netherlands,Party for Freedom,lilian helder,212717686,2021-03-25 12:07:18,1375056695190298628,62,Party for Freedom,1017,Nou die verkenners hebben ons vertrouwen wel verspeeld. Omtzigt andere functie? Schandalig! https://t.co/L7glcAs6dI
Italy,LEGA - SALVINI PREMIER,BORGHI Claudio,337767301,2020-04-07 09:34:16,1247457657616773123,106,LEGA - SALVINI PREMIER,811,"Sapete perchè il governo vi dà un microprestito con garanzia? Perchè con quello potrete pagarci le tasse che, invece di essere cancellate sono differite. Fa così perchè così mette la polvere sotto il tappeto e il conto arriverà dopo quando scadrà il credito e loro saranno lontani"
Germany,Sozialdemokratische Partei Deutschlands,Bernd LANGE,17576181,2021-07-02 06:11:57,1410843670002216960,185,Sozialdemokratische Partei Deutschlands,302,Danke @OlafScholz! Kurz vorm Ziel. Jetzt muss #G20 nächste Woche noch Deckel drauf machen.Die Uhr für Steuervermeider+Steueroasen ist abgelaufen.Neue Zeitrechnung beginnt.Längst überfällig aber vor kurzem noch Utopie. Jetzt müssen auch Steueroasen in #EU endlich Farbe bekennen! https://t.co/W4tJBFOdsR
Spain,Vox,"Del Valle Rodríguez, Emilio Jesús  ",1122839391096004608,2021-03-28 08:42:04,1376092212044435458,541,VOX,527,"1. “Cuando una encuesta falla, y fallar es irse más de dos puntos, quien miente no es el votante, es el responsable de la encuesta”. Así de tajante se mostraba Narciso Michavila, presidente de Gad3, el 14 de abril de 2019. pic.twitter.com/pLHdcR8ACZ"
Spain,PSOE,"Batet Lamaña, Meritxell",725700028392689664,2020-06-06 09:09:00,1269194569951969280,389,PSOE,501,"Hoy vuelven a abrir sus puertas el @museoreinasofia, el @museodelprado y el @MuseoThyssen en Madrid. Para este ""Reencuentro"", el @museodelprado ha reunido las obras más emblemáticas de su colección en una muestra histórica.Os invito a recuperar estos espacios de arte. https://t.co/20mKCc42ih"
France,En Marche,Rodrigue Kokouendo,750407584897724416,2020-03-12 12:07:05,1238074030109921285,149,En Marche,626,"Dans un souci de transparence, je réunis ce matin les présidents des Assemblées, des groupes parlementaires, des associations d’élus et les chefs de parti pour un point sur la situation sanitaire du pays et les mesures prises par le Gouvernement pour faire face au #coronavirus. pic.twitter.com/sorG3R5apZ"
Spain,Partido Socialista Obrero Español,SERGIO GUTIERREZ PRIETO,162055437,2021-04-13 21:05:32,1382077516932845570,192,Partido Socialista Obrero Español,501,"El presidente @garciapage lanza un mensaje de relativa tranquilidad, aunque no se puede bajar la guardia hasta que no se extinga el incendio de Seseña. Lo fundamental, ha dicho, es q no hay q lamentar daños personales. La coordinación de las emergencias está siendo vital. Gracias pic.twitter.com/9OZD875HSI"
Poland,Civic Platform,zbigniew konwiński,4318943867,2020-02-29 09:23:30,1233684207655903232,482,Civic Platform,2603,"Dzisiejsza Konwencja będzie o prawdziwych historiach i marzeniach. Będzie o tym, co zrobię, by zapewnić Polkom i Polakom pewną przyszłość. Bądźcie dziś ze mną w całej Polsce ✌️ Transmisja o 12.00 na moich kanałach społecznościowych. Zapraszam! @kidawa2020 #PrawdziwaPrezydent"
France,Parti Socialiste,Jean-Louis Bricout,3028135792,2020-04-24 13:08:24,1253672138646708227,162,Parti Socialiste,602,"Le fait q pour 1 fois chacun, riche ou pauvre, aie fait l’expérience de l’angoisse pr ses proches, du confinement et de nos lacunes, devrait grossir le nombre de ceux qui comprendront mieux le besoin de collectif,de services publics puissants, d’1outil de production à la hauteur https://t.co/dx8dbxNYUm"
Spain,UP,javier sánchez serna,300969753,2021-07-05 21:39:17,1412164205122408457,390,UP,523,¿Pero esto qué es? https://t.co/tPGPFGI64a
Sweden,Lft,"Andersson, Ulla ",156348820,2021-06-21 20:14:41,1407069484523917321,40,Lft,1601,"Tänk om socialdemokratiska företrädare och ledarskribenter kunde lägga sin energi på att pressa Annie Lööf att släppa kravet på marknadshyror, istället för att gnälla på Vänsterpartiet. Det skulle faktiskt ge Stefan Löfven en verklig chans att sitta kvar som statsminister."
Poland,Civic Coalition,Rosa Monika,2775254939,2020-12-10 12:41:36,1337014601091862531,488,Modern,2618,To jest koszmar. @WasikMaciej https://t.co/z9nXEVHtlC
Slovenia,Slovenian Democratic Party Deputy Group,"Jeraj Alenka ",1714901952,2021-02-13 19:52:03,1360678140029374465,25,Slovenian Democratic Party Deputy Group,2902,".@DominikStrakl: Smo stranka, ki vedno zagovarja sodelovanje. Vsakič  smo ponudili roko sodelovanja drugače mislečim. V naši prvi vladi smo z opozicijo sklenili partnerstvo za razvoj, takšno sodelovanje smo ponudili tudi danes, pa čeprav, žal, neuspešno. #32letSDS pic.twitter.com/Vhy55Ln6yN"
Italy,PARTITO DEMOCRATICO,ANZALDI Michele,2902178505,2021-07-25 11:10:07,1419253623754829830,108,PARTITO DEMOCRATICO,802,"M5s difende il reddito e prepara imboscate ""Conte irresponsabile"" https://t.co/q4eJDcaSv2 via @ilgiornale"
Austria,Social Democratic Party,Schatz Sabine,1533776071,2021-02-24 10:40:45,1364525669670150146,479,Social Democratic Party,1301,"Einmal mehr: Wer Antisemitismus wirksam bekämpfen will, darf zu Rechtsextremismus nicht schweigen!https://t.co/GvRQTAvMRW"
Cavan-Monaghan,Sinn Féin,MATT CARTHY,26586771,2021-02-01 14:15:36,1356244814858248195,7,Sinn Féin,707,We were pleased to see the issue of the retropsective taxation of #CovidPUP was discussed in detail in the Dáil on Thursday https://t.co/Z4aRFWvFeW & note the positive contributions of Deputies @mattcarthy @seansherlocktd @willieodeaLIVE which reflect FLAC’s position on the issue pic.twitter.com/41TGsVihHw
Slovenia,Slovenian Democratic Party Deputy Group,"Jeraj Alenka ",1714901952,2021-08-15 17:08:04,1426953850720866308,25,Slovenian Democratic Party Deputy Group,2902,"👉Ne komentiramo vsi vsega - z razlogom.👈Predlagam, da gospa (in vsi tisti, ki so v tem letu doktorirali iz covidologije) pustijo stroki, da opravi svoje. https://t.co/RIUaTBa8A2"
Denmark,The Alternative,Uffe Elbæk,79255216,2020-07-12 07:47:08,1282219930058981381,415,The Alternative,218,"If the finest fruits of civilization are science, technology, capitalism, nation states, and corporations, we must seriously consider what we mean by civilization."
Ireland,Fianna Fáil,James Browne,319686489,2021-03-20 23:14:04,1373412556358975488,126,Fianna Fáil,701,"Turkey’s withdrawal from the Istanbul convention to combat violence against women is a huge blow to women’s rights. Erdogan must “Withdraw the decision, implement the treaty.” @fiannafailparty"
Germany,CDU,Annette Widmann-Mauz,3351905747,2020-10-10 08:40:36,1314848294972121093,420,CDU/CSU,301,"Wer gewaltsam gegen friedliche Demonstranten vorgehen lässt, gegen den muss auch die #EU mit Sanktionen persönlich vorgehen. #Belarus #Lukaschenko https://t.co/6KVAxzClDO"
Slovenia,Slovenska demokratska stranka,MILAN ZVER,368804657,2020-06-03 08:46:49,1268101824147578882,242,Slovenska demokratska stranka,2902,"Da razčistimo. Ne biti užaljen ni #HumanRights. In ja, kaj je za koga žalitev, je subjektivna ocena, ker se #HumanRights nanašajo na posameznika kot subjekta. In #HumanRights ne morejo biti v enem stoletju (ali desetletju) take, v drugem drugačne. https://t.co/ukwvii2UFL"
United Kingdom,Labour Party,Theresa GRIFFIN,829060856,2020-09-28 12:41:13,1310560193596592129,193,Labour Party,1102,"Thanks to the 170 clps that nominated Tribune candidates @LizMcInnes60, @paulasherriff & @TheresaEurope for the NEC - we appreciate your support. Ballot opens 19th Oct. pic.twitter.com/MgCtzwRMBs"
Germany,CDU,Matthias Hauer,1158585210,2020-08-27 16:15:42,1299017758915661826,420,CDU/CSU,301,Sie sprechen also vor allem mit dem SPD-Kandidaten Kern während Sie ihn begleiten... das erklärt es 😉
Finland,The Finns Party,Sanna Antikainen,1563847117,2020-04-17 11:41:45,1251113618374098945,170,Finns Party,1405,"Niin sinäkö luulet, että tämä on koko sairaalan luku? Mietitään nyt kaksi kertaa. Sairaalassa voi olla myös muun kuin koronan takia, ihan vaan tiedoksesi."
Italy,MOVIMENTO 5 STELLE,DAGA Federica,361373768,2020-11-04 10:58:49,1323942775356903431,105,MOVIMENTO 5 STELLE,845,"Finalmente abbiamo restituito ai cittadini i giardini di piazza Vittorio, nel rione Esquilino. Come potete ascoltare da questo video, i cittadini che lo hanno visitato sono davvero felici di poter tornare a vivere questo luogo: https://t.co/54vm7FqRZM pic.twitter.com/8nqttTRu5W"
Italy,Lega,Antonio Maria RINALDI,1333369999,2021-01-31 20:53:40,1355982605557112834,509,Lega,811,"Insomma l'organo ufficioso di Bruxelles manda a dire che il #recoveryplan è... [inserire aggettivo dispregiativo a scelta].Sarà molto difficile spendere quei soldi con gli attuali meccanismi di spesa, a prescindere dalla loro destinazione.https://t.co/yqsF4X6sLp"
Italy,MOVIMENTO 5 STELLE,DI MAIO Luigi,48062712,2021-07-06 17:02:14,1412456868203618305,105,MOVIMENTO 5 STELLE,845,State rendendo questa giornata davvero speciale. Grazie di vero cuore: https://t.co/IQVy6mx62N
Greece,Coalition of the Radical Left,Konstantinos ARVANITIS,893421475721596928,2021-06-06 08:29:47,1401456272894009347,199,Coalition of the Radical Left,403,Δυναμική απάντηση με αγώνες εντός και εκτός Βουλής θα δώσει ο ΣΥΡΙΖΑ - Προοδευτική Συμμαχία στο νομοσχέδιο Χατζηδάκηhttps://t.co/sGmN5Jiset
Sweden,Lib,"Malm, Fredrik ",20068313,2020-04-29 10:11:20,1255439517932228612,41,Lib,1604,"Jag bokade också besök hos ortopeden en gång, men det visade sig att jag skulle till ortoptisten. Hade kunna sluta mindre bra om de bankat knä mot skelning."
Austria,Social Democratic Party,"Köllner Maximilian, MA",783239278809710593,2021-04-21 20:50:05,1384972733780529154,479,Social Democratic Party,1301,Heute mit @FCNurtenYilmaz Antrag im NR eingebracht zur Verbesserung der Menschenrechte von Arbeitern bei den WM-Stadien in Katar (bereits 6500 Tote!). Abgelehnt von VP/Grüne. Echt jetzt?
Spain,VOX,Hermann TERTSCH,257332880,2020-01-07 08:14:43,1214460340752322562,541,VOX,527,La única verdad te está machacando las entrañas. Tú lo sabes. Y va a quedar por escrito. Para siempre.
Spain,Vox,"Espinosa de los Monteros de Simón, Iván",48976307,2021-04-08 21:12:08,1380267237307789312,541,VOX,527,Hemos conseguido hacer trabajar a los antifas y encima limpiando. Mañana agujetas 😂 https://t.co/37LBwSyk62
Italy,PARTITO DEMOCRATICO,marco di maio,48484178,2021-04-06 12:23:46,1379409493239472131,108,PARTITO DEMOCRATICO,802,"#VjosaOsmani eletta Presidente del #Kosovo: un volto nuovo, giovane, progressista e europeista. Una donna che ha saputo osare, che ha conosciuto la realtà della guerra e che dà ora speranza a tutto il Kosovo. Buon lavoro!"
Belgium,Vlaams Belang,GEROLF ANNEMANS,145252665,2020-05-22 23:23:06,1263973691441975299,334,Vlaams Belang,112,Als het eerste woord van een MSM krantentitel “Omstreden” is : schaar u dan achter het slachtoffer en in de meeste gevallen zit u dan juist.
Spain,Cs,"Tirado Ochoa, Vicente",1096467320468312066,2020-11-27 09:17:50,1332252281715220482,387,Cs,526,"🟢 Hoy, 27 de noviembre, se cumplen 179 años del nacimiento de Lagartijo, el I Califa del ToreoLlegó a lidiar casi 5.000 toros en más de 1.600 festejos. Compitió con Frascuelo. Completo en todas las suertes, sus medias estocadas pasaron a la historia como “medias lagartijeras”. pic.twitter.com/70MJkvatDE"
Greece,SYRIZA (Coalition of the Radical Left),alexios tsipras,334602996,2020-03-30 11:34:08,1244588718775828480,135,SYRIZA (Coalition of the Radical Left),403,"Ο Μανώλης Γλέζος θα μείνει στην αιωνιότητα ως ένα σύμβολο αγωνιστή, που ήξερε να θυσιάζεται για τους ανθρώπους. Καλό σου ταξίδι, σύντροφε Μανώλη!"
United Kingdom,Green Party,Catherine ROWETT,1719936289,2020-01-03 12:03:29,1213068360596041728,215,Green Party,1107,I seem to have forgotten the question mark. Funny that.
Spain,Cs,"Tirado Ochoa, Vicente",1096467320468312066,2021-01-26 11:41:30,1354031707561848832,387,Cs,526,"🔴 Este Gobierno, autodenominado ¿social y progresista?, está dejando tirados a los autónomos, que no pueden hacer frente a los ceses de actividad sin ayudas directas.❌ No iban a dejar a nadie atrás, y no va a quedar un autónomo en pie.https://t.co/e0OykGdoRL"
Poland,Civic Coalition,Rząsa Marek,1157185489,2020-03-04 19:45:15,1235290229646467072,482,Civic Platform,2603,"#GrodziskMazowiecki dziękujemy za dobre, momentami mocne, spotkanie.Czuć siłę 💪Wiatr odnowy zaczyna wiać. Polska zasługuje na zmianę, naprawdę lepszą zmianę. I w maju to nastąpi #Kidawa2020 #PrawdziwaPrezydent #PewnaPrzyszłość#RząsaTeam @MGolbik pic.twitter.com/4i0PuiHPhj"
Germany,The Left Party,katrin werner,224630872,2020-05-03 12:14:29,1256920059441750017,422,The Left Party,306,"Am Tag der #Pressefreiheit machen wir uns einmal mehr Bewusst, welch wichtige Arbeit Journalist*innen ausüben. DIE LINKE tritt für die Stärkung der freien Presse ein, für den Schutz vor Gewalt, Inhaftierung und Zensur. #TagderPressefreiheit #dielinke #Journalismus pic.twitter.com/fCZVWu95Yn"
United Kingdom,Green Party,MOLLY SCOTT CATO,726372601,2020-07-01 08:37:34,1278246355367051265,215,Green Party,1107,✅ We back the @JackLeslieCamp-aign👊🏿 We know Black history is poorly represented ⚽️ Jack would have been the first black player to represent England - if it weren’t for racism 🖤 Let’s build a statue to honour his memory https://t.co/NDExrMzwxZ
Italy,FRATELLI DITALIA,MONTARULI Augusta,421841453,2020-11-05 19:24:52,1324432510890217475,104,FRATELLI DITALIA,844,Ho finalmente capito!!Ecco la foto di uno scrutatore americano! pic.twitter.com/osKXyGr3m8
Germany,CDU/CSU,marco wanderwitz,16361044,2021-08-14 11:06:00,1426500345392467972,420,CDU/CSU,301,"52,5 Mio (63,1%) der Bürgerinnen und Bürger in 🇩🇪 sind mindestens einmal geimpft, 47,4 Mio (57%) haben vollen Impfschutz. Impfen ist der Weg zurück zu Freiheit und Normalität. Wir haben dafür alle Mittel zur Verfügung, wir müssen sie nur nutzen."
Italy,LEGA - SALVINI PREMIER,VINCI Gianluca,924585253783695360,2020-01-10 17:20:49,1215684935031250945,106,LEGA - SALVINI PREMIER,811,"Alle 21:30 su TGCOM24 parliamo un po' di attualità, un Governo che ogni giorno dimostra la propria incapacità! https://t.co/McdvKgYQcA"
Greece,Independent,SOFIA SAKORAFA,533082734,2021-03-14 19:23:42,1371180255281565698,194,Independent,412,Βαρουφάκης: «Καθεστωτική συμπεριφορά» μετά το τροχαίο έξω από τη Βουλή https://t.co/7NgX0PGpgW
Spain,VOX,Hermann TERTSCH,257332880,2020-04-10 21:22:01,1248722931951243264,541,VOX,527,están mucho peor de lo que pensamos https://t.co/v0jgnGYebb
Poland,Civic Coalition,Tracz Małgorzata,3308133795,2021-02-12 09:34:05,1360160236963827712,574,Civic Coalition,2619,"""Pedały raus!"" powitało nas dziś z ranka. Zaczyna się od mowy nienawiści. Potem przechodzą do czynów. Ale nie damy się zastraszyć. Katowice. Moje biuro poselskie. @WyborczaKato @zachodni @KPH_official @milosc_ @BartStaszewski pic.twitter.com/tgKOanscGH"
Spain,PSOE,"Mínguez García, Montse",847169983,2020-07-08 19:01:00,1280939964851728390,389,PSOE,501,"L'Hospital Arnau de Vilanova de Lleida demana ""directrius urgents"" a les institucions https://t.co/YTjMakEoeR"
France,Parti Socialiste,Marietta Karamanli,1189104433,2020-08-13 21:44:01,1294026949472509952,162,Parti Socialiste,602,Un certain nombre d’observations qui interrogent sur la pertinence et l’efficacité des mesures prises aujourd’hui et celles à prendre demain pour prévenir et limiter la pandémie !  https://t.co/9cQWhwB5Pj
Denmark,The Danish People's Party,Pia Kjærsgaard,1054640354690039809,2020-04-19 20:23:51,1251969784239046664,414,The Danish People's Party,215,"Det nytter ikke noget, at dansk kultur forbløder, så vi ikke har ordentlige kulturtilbud til danskerne, når vi kommer på den anden side af coronaen. DF står vagt om dansk kultur og støtter derfor dagens nødhjælpspakke. #dkpol #dkkultur"
Spain,Vox,"Sánchez del Real, Víctor Manuel  ",53517943,2020-11-11 18:32:59,1326593782213644290,541,VOX,527,Os adjunto el lamentable suceso anti democrático de hoy https://t.co/RRaSukAt5l
France,En Marche,Bertrand Bouyx,2968734303,2021-01-18 16:21:01,1351202946160209932,149,En Marche,626,"C'est aujourd'hui que s'ouvre la campagne vaccinale aux personnes âgées de plus de 75 ans dans le #Calvados.Amandine DURAND, sous-préfète de #Bayeux, accompagnée de Magali JACQUET, déléguée territoriale de l'@ars_normandie a visité le centre de #vaccinationCovid à @ISIGNY_CN. pic.twitter.com/xe3QbhLq2y"
Italy,SINISTRA ITALIANA - SINISTRA ECOLOGIA LIBERTA - POSSIBILE,nicola fratoianni,425686235,2021-08-05 12:03:20,1423253285738254341,110,LIBERI E UGUALI,838,"Dicono che migliorare il trasporto scolastico non si può, perché per ordinare un bus servono 14 mesi.Peccato che la pandemia sia con noi da 18, e quindi questa scusa non regge più.La realtà è che se decidi di investire 4 mld nel Ponte sullo Stretto, le tue priorità sono chiare."
Greece,N.D. (New Democracy),Vroutsis Ioannis,3064827747,2020-11-15 20:45:41,1328076731387957249,137,N.D. (New Democracy),402,Επίδομα 800 ευρώ: Σήμερα το απόγευμα 15/11/2020 άνοιξε κανονικά η ΕΡΓΑΝΗ οπως είχε αναγγελθεί απο το Υπ. Εργασίας ! Δέχεται ήδη υποβολές δηλώσεων αναστολών για εργαζόμενους.      Πότε θα γίνουν οι αιτήσεις - πληρωμές- CNN.grm https://t.co/NCsVQlk6HY
Germany,The Left Party,Evrim Sommer,143882918,2021-07-26 16:14:00,1419692487451447299,422,The Left Party,306,"Das #HumboldtForum mit seiner Preußenidealisierung & Raubkunst ist nicht nur ein Grund zum ""Fremdschämen"". Sie ist vor allem ein von eurozentrischer Arroganz triefendes, politisches Tribut an die koloniale Amnesie in Deutschland! #Kolonialismus #decolonize https://t.co/e7psq8YCMx"
Germany,Bündnis 90/Die Grünen,Rasmus ANDRESEN,16606874,2020-01-05 12:23:55,1213798278149689346,209,Bündnis 90/Die Grünen,304,"Die SZ hat eine Rechercheteam zusammen mit NDR & WDR, weil mans alleine nicht mehr stemmen kann bzw. mit ÖR mehr erreicht. Genau mein Punkt. https://t.co/MUiLYNn1Jj"
Spain,PSdG-PSOE,guillermo antonio meijón couselo,118033828,2020-03-18 08:37:10,1240195528698343424,389,PSOE,501,"El Presidente @sanchezcastejon comparece en el #Congreso para explicar medidas adoptadas para combatir #coronavirus y proteger a familias, empresas y trabajadores.Esperemos que hoy haya lealtad institucional y todos los partidos arrimen el hombro ante la grave crisis sanitaria. pic.twitter.com/v9NGYRRP7e"
Poland,Civic Coalition,Pomaska Agnieszka,44146348,2020-02-15 14:04:26,1228681477631676421,482,Civic Platform,2603,"PAD mówi o strategii onkologii świetnie, ale pieniądze poszły na TVPIS a nie na szpitale. Dokumentem nie wyleczymy ludzi potrzebujemy więcej środków, symbolem traktowania onkologii jest #gestLichockiej #Dudaniemoc #wyPAD2020"
Germany,Alliance 90/The Greens,Britta Haßelmann,1131092102,2020-09-05 15:51:16,1302273097383452672,423,Alliance 90/The Greens,304,"Über Klimaschutz, Bildungschancen für alle Kinder, gute Angebote im ÖPNV, Ausbau von Fuß-u. Radwegen,Unterstützung der Kommunen,Digitalpakt u. Agrarwende gab‘s viel zu besprechen.Ich drücke euch ⁦@gruene_enger⁩ die Daumen für ein starkes Ergebnis bei Kommunalwahl 13.9.2020 pic.twitter.com/1Pl2NeUgzd"
Spain,Cs,"Martín Llaguno, Marta  ",65325998,2021-07-26 11:29:30,1419620890711625730,387,Cs,526,Qué vergüenza da este señor siempre https://t.co/bFSAV0tRBA
Ireland,Independents 4 Change,mick wallace,248801998,2020-11-07 16:49:51,1325118277778108422,131,Independents 4 Change,711,And #US Imperialism will continue on it's merry way. No doubt the liberals in the #EU will be more comfortable with a 'Democrat' putting a nicer face on the #US doing the same thing... https://t.co/Cnt5IF3IOQ
Germany,CDU/CSU,tankred schipanski,39938182,2020-10-23 16:51:01,1319682754141966336,420,CDU/CSU,301,"Wir müssen die Schutzmaßnahmen konsequent umsetzen. Es wäre falsch, jetzt mit Hysterie & Aufgeregtheit zu reagieren. Dort, wo der Mindestabstand gilt, haben wir kaum Übertragungen. Dort, wo die Zahlen steigen, müssen wir mit aller Konsequenz handeln. (SK) https://t.co/PW4QnR8IS8"
United Kingdom,Green Party,Catherine ROWETT,1719936289,2020-05-20 08:09:04,1263018891036540928,215,Green Party,1107,"Yes and what's ""control the virus"" code for? Think about it. We are not taught to say ""stop the virus"" or ""exterminate the virus"", or ""slow the virus"" even."
Poland,Civic Platform,michał szczerba,58919878,2020-07-07 17:11:56,1280550126747103235,482,Civic Platform,2603,Przypadkowi mieszkańcy. Z PiS. https://t.co/JzR26HxuAL
Poland,United Left,Żukowska Anna Maria,941899796,2020-05-06 21:34:47,1258148228140277760,575,United Left,2620,"hej, @Platforma_org, jak tam Wasz rząd z Gowinem?"
Italy,PARTITO DEMOCRATICO,FREGOLENT Silvia,590358735,2020-04-30 08:38:29,1255778537228943361,108,PARTITO DEMOCRATICO,802,"Quello che sta accadendo sul tema delle libertà costituzionali è un autentico scandalo. Non è pensabile che il Premier, chiunque esso sia, con un DPCM possa dire chi incontrare e chi no, se la persona che incontri è un fidanzato stabile o saltuario.@matteorenzi pic.twitter.com/fWFS63720C"
Sweden,Mod,"Beckman, Lars ",298744792,2020-11-20 19:32:00,1329870128054407176,42,Mod,1602,Wearing a mask isn't a political statement — it's a patriotic duty.
Spain,PP,"Prohens Rigo, Margarita  ",361322719,2020-08-24 08:33:37,1297814306336186368,392,PP,502,24 de agosto.Y la conferencia ds Presidentes sobre el inicio de curso escolar sin fecha.Siguen de vacaciones. @GPPopular @ppbalears https://t.co/SQMJxS8nUM
Italy,FORZA ITALIA - BERLUSCONI PRESIDENTE,FIORINI Benedetta,604395668,2020-04-13 18:35:00,1249768061185470465,107,FORZA ITALIA - BERLUSCONI PRESIDENTE,815,#iorestoacasa🏚️e stasera preparo la #pizza🍕con mia figlia con prodotti rigorosamente #italiani 🇮🇹 in attesa di mangiarla presto in una #pizzeria... Compriamo #italiano per sostenere la nostra economia e il #madeinitaly 🍽#COVID2019 pic.twitter.com/sJakwB97xM
Ireland,Independent,Luke Ming FLANAGAN,54172831,2020-08-10 21:28:45,1292935942940921856,194,Independent,711,I do the job I'm paid. Yes the wages are obscene
Italy,FRATELLI DITALIA,SILVESTRONI Marco,1101905808,2020-04-10 15:53:47,1248640326606172163,104,FRATELLI DITALIA,844,Invece di abolire le tasse che fa il @pdnetwork per far fronte all’emergenza #coronavirus? tira fuori la #patrimoniale per chi ha reddito oltre gli 80mila euro. Dimostrazione che il Partito democratico di @nzingaretti è totalmente disconnesso dalla realtà @FratellidItalia
Slovenia,Social Democrats Deputy Group,matjaž nemec,587377745,2020-01-11 14:29:03,1216004094848053248,29,Social Democrats Deputy Group,2902,"Čestitamo SLO🇸🇮 športnikoma, alpskemu smučarju @zan_kranjec za veleslalomsko zmago na tekmi SP v #Adelboden in smučarski tekačici Anamariji Lampič za srebrno stopničko v sprintu prostega sloga na tekmi SP v #Dresden. Bravo obema, rezultati kažejo, da bo super sezona!@SloskiSZS pic.twitter.com/mGOwGfJvP4"
Poland,Civic Platform,andrzej halicki,993849096,2020-10-30 12:29:55,1322153759837999105,175,Platforma Obywatelska,2603,"Dzięki i serdecznie pozdrawiam. Jesteście silne, szacun! 👏👏💪"
Sweden,Mod,"Ericson, Jan ",393890670,2021-02-04 14:02:02,1357328564564201482,42,Mod,1602,Fortfarande är det en liten minoritet av de unga i förorterna som begår grova brott. De flesta gör det inte. Trots fattigdom.
France,Les Républicains,ANNE SANDER,2610126043,2020-10-21 13:18:29,1318904491232710656,240,Les Républicains,609,Due to serious health situations in Belgium & France #EPlenary is taking place remotely. For the 1st time MEPs speaking can join fm EP Liaison Offices in their countries. Download/share ILLUSTRATIVE 📽️ stockshots ➡️ https://t.co/RFUdRXCxvR@PEStrasbourg @EP_Slovenija @PE_Polska pic.twitter.com/m5sAd4Sfg2
Spain,Vox,"Del Valle Rodríguez, Emilio Jesús  ",1122839391096004608,2021-04-26 20:14:22,1386775682525679620,541,VOX,527,"La izquierda es la antítesis de la libertad, del trabajo, de los principios, del medio ambiente y de la democracia.#RivasVaciamadridConVox #ProtegeMadrid pic.twitter.com/r81cZEAzGs"
West-Vlaanderen,Nieuw-Vlaamse Alliantie,SANDER LOONES,370709666,2021-03-17 19:24:33,1372267633257672712,310,Nieuw-Vlaamse Alliantie,110,🇳🇱 Wie wordt de volgende Nederlandse premier? Heel benieuwd welke partij als 7e uit de bus komt 🤔
Italy,FORZA ITALIA - BERLUSCONI PRESIDENTE,MARIN Marco,921162848,2020-08-24 12:01:34,1297866639183171592,107,FORZA ITALIA - BERLUSCONI PRESIDENTE,815,Domani parliamo di sport e politica con Carlo Baliviera coordinatore Forza Italia Giovani di Treviso e con Elisa De Zan vicesindaco di Gaiarine. Sono due giovani che si candidano alle elezioni regionali 2020 in  provincia di Treviso. In bocca al lupo! pic.twitter.com/pxqYQHZ2O0
Germany,Alliance 90/The Greens,franziska brantner,32323724,2020-07-18 19:58:12,1284578234970013696,423,Alliance 90/The Greens,304,"Zu keinem Zeitpunkt vor oder während des EU-Gipfels war von einer langfristiger Schuldenunion die Rede. Prinzip Kurz: Sich erst gegen Dinge zu stemmen, die gar keiner fordert, um anschließend zu begrüßen, dass dank seines Widerstands nicht gekommen ist, was nie geplant war. https://t.co/pYdvIl455Z"
Finland,National Coalition Party,saara-sofia sirén,26616416,2021-01-07 06:10:36,1347063066693947396,163,National Coalition Party,1402,"Capitol Hillin hyökkäys on kulminaatiopiste. Isku demokratian ja oikeusvaltion ytimeen vaatii välittömiä ja jatkuvia toimia niiden puolustamiseksi. Rauhanomaisen vallanvaihdon, instituutioiden toiminnan ja demokraattisesti valittujen päätöksentekijöiden turvallisuus olennaista."
Germany,Alliance 90/The Greens,oliver krischer,88630242,2021-06-22 16:01:56,1407368265337278467,423,Alliance 90/The Greens,304,"Heute feiert sich @JuliaKloeckner für das #BioSiegel und den Erfolg der ökologischen Landwirtschaft, die sie mit ihrerPolitik ansonsten konsequent ausbremst. Und sie hat nicht einmal die Größe @RenateKuenast zur heutigen Feier einzuladen. Wie klein ist das denn, Frau Klöckner?"
Spain,Vox,"Del Valle Rodríguez, Emilio Jesús  ",1122839391096004608,2020-11-04 17:55:50,1324047718277353483,541,VOX,527,Congrats to Florida State’s newest (and most closely-elected!) Senator Ileana Garcia! @SpoxDHS_Espanol pic.twitter.com/ppPDamjOZf
Spain,Partido Socialista Obrero Español,JUAN FERNANDO LOPEZ AGUILAR,449951300,2020-10-13 09:09:48,1315942807262187520,192,Partido Socialista Obrero Español,501,"Conversacion con Nina Gregori, Directora EASO,Oficina Europea d Asilo,sobre su colaboracion con las autoridades d recepcion españolas en la ruta migratoria hacia Canarias,mas mortifera q la mediterranea:mil personas en un dia, mayor intensidad q en la 'crisis d ls cayucos'2004! pic.twitter.com/KNu2VnMSXB"
Poland,Law and Justice,dominik tarczyński,347228796,2021-01-20 14:50:29,1351904941049307138,483,Law and Justice,2605,Skandaliczne słowa! pic.twitter.com/ZzGtuTWPxn
France,En Marche,Laurianne Rossi,569390345,2020-04-18 10:23:09,1251456226346622976,149,En Marche,626,"L'@AssembleeNat a voté le second budget rectificatif pour 2020 ✔ Nous portons à 110 Mds€ les financements pour sauver nos emplois, nos entreprises et accompagner les plus précaires. pic.twitter.com/gPT8ZqCRIU"
France,En Marche,Sandrine Le Feur,862999383499042816,2021-04-13 11:03:28,1381926001735823360,149,En Marche,626,❌ Les engrais azotés ne nourrissent pas le monde. Ils nourrissent nos animaux : l’azote est à 80% destiné à l’alimentation animale et nous exportons une tonne sur deux des céréales produites en France. pic.twitter.com/Ckn4lxseAy
Italy,LEGA - SALVINI PREMIER,BORGHI Claudio,337767301,2021-02-08 18:04:57,1358839249295007745,106,LEGA - SALVINI PREMIER,811,https://t.co/YiFKqvyrJS. Bagnai su Rai 2.
Spain,Cs,"Hoyo Juliá, Belén",239779545,2020-05-27 09:14:35,1265572096400384002,387,Cs,526,"#SesionDeControl A los 5” de comenzar su intervención, @sanchezcastejon 🤥 comienza a MENTIR: No es cierto que @JavierMaroto haya pactado nada con Bildu😱 España no se merece un gobierno que hace de la mentira constante su única acción política#GobiernoDeLaMentira#StopBulos pic.twitter.com/KgiflHe4eZ"
Hauts-de-Seine,Les Républicains,CONSTANCE LE GRIP,338910451,2020-10-29 10:40:47,1321763908743581696,155,Les Républicains,609,"Comme un symbole, la basilique Notre Dame de Nice continue de sonner. C’est notre pays et son histoire qui sont touchés aujourd’hui à Nice. La barbarie islamiste ne nous fera jamais taire ! pic.twitter.com/J8TlAw7Scr"
Poland,Law and Justice,Mosiński Jan,753647431,2021-08-17 07:04:32,1427526743192219650,483,Law and Justice,2605,Ma pan coś przeciwko Polsce? Droga na wschód otwarta.
Germany,Bündnis 90/Die Grünen,Reinhard BÜTIKOFER,20610385,2021-01-17 16:51:48,1350848305719357440,209,Bündnis 90/Die Grünen,304,Wo ist das? pic.twitter.com/7JQPmoa02f
Ireland,Social Democrats,Catherine Murphy,190987689,2020-03-16 11:33:32,1239515136416780288,133,Social Democrats,710,"Important info for those who've suddenly lost their jobs due to #COVID19 - Go to this link https://t.co/AtrQ19rrTZ- Print out the #COVIDー19 benefit form- Fill it out and post it back- Once you get the payment, you'll have 6 weeks to apply for normal Jobseekers"
Belgium,Nieuw-Vlaamse Alliantie,Francken Theo,951258554,2020-07-17 12:12:43,1284098704543277056,310,Nieuw-Vlaamse Alliantie,110,"Proficiat Carina, altijd goed samengewerkt @DeKamerBE Succes met de nieuwe job! @CarinaVanCauter"
Greece,K.K.E. (Communist Party of Greece),Gkiokas Ioannis,3030879312,2020-12-19 13:32:14,1340288837361262592,143,K.K.E. (Communist Party of Greece),404,"“Όμως εγώ δεν παραδέχτηκα την ήττα”Το 14ο Συνέδριο του #ΚΚΕ“Είμαστε και θα παραμείνουμε το Κόμμασύγχρονο, μαχητικό, λαϊκό, πατριωτικόκαι διεθνιστικό…” Η ανηφόρα της ανασυγκρότησης ξεκινά…#Κατιουσαhttps://t.co/u4s2E9xXBC pic.twitter.com/Qf5bW5h7FE"
Greece,SYRIZA (Coalition of the Radical Left),Zachariadis Konstantinos,204069781,2020-04-01 08:48:50,1245271896670842880,135,SYRIZA (Coalition of the Radical Left),403,"Να πούμε αλήθειες σ αυτή την κρίση, να είμαστε ρεαλιστές. Αν δεν βάλουν πλάτη για να περάσουμε την μπόρα οι μακροχρόνια άνεργοι, οι ελεύθεροι επαγγελματίες, το επιστημονικό προσωπικό της χώρας, ποιοι θα βάλουν; Οι καναλάρχες; Οι κλινικάρχες; Οι παραχωρησιούχοι των διοδίων;"
France,En Marche,Christine Hennion,864206680648810496,2020-04-07 16:32:41,1247562954763046915,149,En Marche,626,"Important pour les personnes nombreuses qui n'ont pas d'imprimantes chez elles et qui dans le contexte actuel sont démunies, la poste dernier service public même en région parisienne,  @Ch_Hennion @philippejuvin @DelphineJouenne @campionjf @DomPollien https://t.co/Gkmx7gUVsj"
Slovenia,Slovenian Democratic Party Deputy Group,"Janša Janez [Ivan] ",258856900,2020-10-14 07:51:37,1316285518955589634,25,Slovenian Democratic Party Deputy Group,2902,"Pri nizkonakladniku ne ločijo med integr. proračunom, ""klasično"" kohezijo in EU skladi (RRF, REACT) in med lokal. in drž. investicijami. Aktualna @vladaRS ni in ne bo pozabila na Maribor! Min. @ZCernac je bil jasen: več kot milijardo evrov bodo dobili štajerski projekti! #Dejstvo pic.twitter.com/hizU5HxU9C"
Spain,PP,"Montesinos Aguayo, Pablo  ",326735453,2020-11-05 11:51:59,1324318540648882179,387,Cs,526,Es un auténtico escándalo. El Gobierno se arroga la potestad de decidir qué es una noticia falsa o verdadera.¿Van a censurar aquellas noticias que no les gustan? ¿Van a poner multas a los periodistas?El Gobierno tendrá en frente al PP en defensa de la libertad de información. https://t.co/J1Y7Fh5rYJ
Latvia,"National Alliance \All For Latvia!\"" – \""For Fatherland and Freedom/LNNK\""""",Aleksandrs Kiršteins,42878084,2021-02-11 10:53:38,1359817866028146688,79,"National Alliance ""All For Latvia!"""" – """"For Fatherland and Freedom/LNNK""""""",2406,"Tiklīdz neomarksistu kartelī kādam draud reāli sū..., tā apkalpojošo mediju leksikons tiek uzreiz piekoriģēts pēc Patiesības Ministrijas norādēm.""Valsts atteicās"", vai ne Nellij ? Ko tu neteiksi, cik ieturēts politbiroja stiliņš !ILZE ATTEICĀS, ILZE, lūdzu, OK ?#paldiesilze https://t.co/JZY5iKv2TC"
Italy,LEGA - SALVINI PREMIER,BITONCI Massimo,106673706,2021-01-10 19:07:37,1348345772677476354,106,LEGA - SALVINI PREMIER,811,"Un “giornalista” che se la prende con una bimba di 8 anni, innamorata del suo papà come il suo papà è innamorato di lei, deve avere una vita davvero vuota. Bacioni😘 pic.twitter.com/5Zg2Pq4X6O"
Spain,Partido Socialista Obrero Español,Inma RODRÍGUEZ-PIÑERO,381969506,2020-07-28 09:18:35,1288041151732252673,192,Partido Socialista Obrero Español,501,🌿🔴 El PSPV-PSOE i @UnioLlauradors coincideixen en la necessitat de prioritzar la professionalització del sector agrari valenciàEns comprometem a prioritzar les reformes estructurals en l’agricultura valenciana durant l’actual legislatura👈🏻➕🗒️ https://t.co/sBRjoYkklQ pic.twitter.com/Yst5GiXS3f
Finland,National Coalition Party,pauli kiuru,1701995137,2020-12-01 15:27:31,1333794867512635400,163,National Coalition Party,1402,"Työ luo tuloja, kysyntää, verotuloja...."
European Parliament,Lega Nord,LORENZO FONTANA,455378815,2021-06-24 13:05:44,1408048696978202636,106,LEGA - SALVINI PREMIER,811,"Oggi, la Chiesa ricorda la Solennità della Natività di San Giovanni Battista. Auguri a tutti i Giovanni e a le Giovanna! pic.twitter.com/E5EF1VDybc"
Spain,PP,ana belén vázquez blanco,397867366,2021-01-29 14:33:29,1355162151082668034,387,Cs,526,"""Esperamos que @sanchezcastejon apoie tanto as reivindicacións de Galicia como está apoiando ao candidato do @PSOE en Cataluña"". @Mtelladof pic.twitter.com/4CUNHIjq2p"
Spain,PSC-PSOE,"Guinart Moreno, Lídia  ",440281129,2020-07-17 17:31:33,1284178944191758338,398,"PSC-PSOE ",501,"Las mujeres tenemos nombre aunque a la mayoría de medios les parezca mejor silenciarnos. Aquí, @LaVanguardia, @canalsur y @abc_es se olvidan de que la 'joven' 'investigadora' 'andaluza' se llama María Cumplido. #PeriodignoFeminista pic.twitter.com/9zr864AXvJ"
Spain,PSOE,"Leal Fernández, Isaura  ",555395673,2021-06-24 10:56:31,1408016180967886849,389,PSOE,501,¡La bandera arcoíris 🏳️‍🌈 iluminará la fachada de la @asambleamadrid el día 28 de junio!Un #Orgullo que salga adelante la propuesta del @gpsAsamblea. pic.twitter.com/Hj8rF59spn
Netherlands,Christian Democratic Appeal,rené peters,129923832,2020-08-04 23:06:36,1290786243656245248,63,Christian Democratic Appeal,1001,What an unbelief and heavy suffering what happens to the Lebanese people and the many victims today. Our thoughts are with you 🤲🏼🙏 #Lebanon https://t.co/ZXXTc5zbDq
Italy,LEGA - SALVINI PREMIER,GARAVAGLIA Massimo,1095354780,2020-06-08 09:27:17,1269923944494137345,106,LEGA - SALVINI PREMIER,811,Mi ricorda un bel saggio di Massimo Fini:Il Vizio oscuro dell’Occidente
Denmark,The Social Liberal Party,Kristian Hegaard,1259433132,2020-10-18 16:45:51,1317869514294439936,408,The Social Liberal Party,202,Han nåede en øl og skulle hjem og passe børn efter.
Poland,United Left,Żukowska Anna Maria,941899796,2020-04-28 08:14:17,1255047674308505600,575,United Left,2620,"Z tym się nie zgodzę, bo i Węgry są przecież w UE. W ogóle to czekam, czy EPP wywali w końcu Fidesz ze swojego grona, czy Tusk tylko tak pohuczał, PO i PSL listy napisały i czy coś więcej będzie z tego. Jeżeli nie, to i UE nic Węgrom nie zrobi."
Poland,Civic Platform,joanna kluzik-rostkowska,904085023,2020-05-12 08:05:25,1260118870926544896,482,Civic Platform,2603,Katarzyna Pikulska: Kolega #Szumowski powinien stracić prawo do wykonywania zawodu lekarza. Złożyłam wniosek do Izby Lekarskiej https://t.co/KDR9vzYatG
Spain,PODEMOS,Idoia VILLANUEVA RUIZ,610146315,2021-07-21 18:44:57,1417918538933800963,202,PODEMOS,525,"Ahora que acaba el plazo de alegaciones de Quebraduras, Lantueno y Cuesta Mayor, ahora nos mandan los documentos de alcance. La administración colocando alfombras rojas a las grandes empresas y poniendo piedras a los colectivos que intentan defender el territorio."
Sweden,Lft,"Andersson, Ulla ",156348820,2020-09-22 19:25:28,1308487597661073418,40,Lft,1601,Så glad blir man av kokkaffe
Slovenia,Slovenian Democratic Party Deputy Group,jože tanko,1734517825,2021-01-03 17:45:00,1345788265895501824,25,Slovenian Democratic Party Deputy Group,2902,"Priznam, da sem izredno zadovoljen, da sem leta 2006 vztrajal in dosegel, da se je ta proga umestila v poroštveni zakon za železnice. S 100 mio € je daleč največja državna investicija v tej regiji. Danes sem opazil, da jih veliko razlaga o potencialih te proge. https://t.co/nczXYTiJuB"
Spain,PSOE,"López Cano, Ignacio",224199272,2020-04-17 11:55:10,1251116993060765696,389,PSOE,501,Nunca un Estado hizo tanto en tan poco tiempo. Bajo un presidente socialista como @sanchezcastejon https://t.co/rF8woWenNs
Italy,Partito Democratico,Carlo CALENDA,2416067982,2021-05-18 08:56:02,1394577506263609347,176,Partito Democratico,802,"Esiste un posto a Roma che rappresenta un punto di riferimento per i lettori. In particolare per gli appassionati di filosofia, storia ed epica. Ogni volta che ci passo davanti non resisto. E dunque i fori per me e Sofocle e Micenei per papà. Andateci. Tombolini. pic.twitter.com/gCAecZUlef"
Slovenia,Slovenian Democratic Party Deputy Group,janez janša,258856900,2021-08-02 15:00:48,1422210781316321282,25,Slovenian Democratic Party Deputy Group,2902,"𝗜𝗻𝗳𝗼𝗿𝗺𝗮𝗰𝗶𝗷𝗲 𝗼 𝗸𝗼𝗿𝗼𝗻𝗮𝘃𝗶𝗿𝘂𝘀𝘂 ☎️Vladni klicni center na brezplačni telefonski številki 080 1404.Od ponedeljka do petka med 8. in 16. uro. Če kličete iz tujine, je klicni center dosegljiv na +386 1 478 7550. pic.twitter.com/xhNGSoFQb2"
Sweden,Mod,"Ericson, Jan ",393890670,2021-06-10 06:23:14,1402873976377024514,42,Mod,1602,Alla går från terminal 5.
Greece,MeRa25,Arsenis Kriton - Ilias,92969084,2020-04-22 10:12:23,1252903065725829120,569,MeRa25,417,"@K_Hatzidakis αν όχι σήμερα, Παγκόσμια Ημέρα Γης, πότε θα απαντήσετε στις σχεδόν 100 οργανώσεις που ζητάνε απόσυρση του περιβαλλοντοκτόνου ν/σ σας; #aposyre_to #ypen #earthday2020"
Germany,SPD,Manja Schüle,827090742162100224,2021-04-19 16:50:44,1384187719736119298,421,SPD,302,"Um wahrgenommen zu werden, braucht es Substanz & Kontinuität. Bei Professor Kocka kommt große Leidenschaft hinzu: Leibniz-Preisträger ('92), Präsident @WZB_Berlin ('01-'07), Gründungsdirektor @zzfpotsdam. Heute wird der berühmte Historiker 80 Jahre alt. Herzlichen Glückwunsch!"
Spain,Cs,"Casado Blanco, Pablo",523386042,2021-06-03 20:37:57,1400552355641413634,387,Cs,526,El Gobierno debe proceder aún a la devolución a Marruecos de 3.000 personas que entraron en Ceuta irregularmente.Lo apoyamos para garantizar la soberanía nacional y la integridad de nuestras fronteras.Somos más leales que los ministros que agravan conflictos diplomáticos. pic.twitter.com/KwxDu8yW3b
Netherlands,Socialist Party,jasper van dijk,517708604,2021-04-07 19:24:32,1379877774102528000,69,Socialist Party,1014,De verschillende partijen willen dat moeder en kind in Nederland kunnen blijven. https://t.co/VTrwODMuzY
Spain,PP,jaime eduardo de olano vela,1637483929,2020-08-17 21:57:42,1295479946702475265,387,Cs,526,Enhorabuena a @cucagamarra. Gran política y mejor persona. Y también a @AlmeidaPP_ y @anapastorjulian por su próxima incorporación al comité de dirección.@pablocasado_ es el mejor presidente para España 🇪🇸💪 https://t.co/c1Tm73ZT95
Italy,FORZA ITALIA - IL POPOLO DELLA LIBERTA - BERLUSCONI PRESIDENTE,elio vito,1557514573,2021-07-31 20:58:24,1421576001268637703,107,FORZA ITALIA - BERLUSCONI PRESIDENTE,815,Trofeo #Berlusconi 🏆 https://t.co/yTTwYoFzLc
Greece,N.D. (New Democracy),Dendias Nikolaos - Georgios,236744081,2020-01-05 10:26:35,1213768751721656320,137,N.D. (New Democracy),402,"Σας υπενθυμίζω τη  δήλωση που είχε κάνει ο Υπουργός Εξωτερικών των ΗΠΑ κ. Μάικ Πομπέο κατά την επίσκεψή του στην Αθήνα, μετά τη μεταξύ μας συνάντηση, διαμηνύοντας προς την Άγκυρα ότι οι παράνομες γεωτρήσεις είναι απαράδεκτες. @Kathimerini_gr"
Latvia,"For Development/For! ",Dace Rukšāne-Ščipčinska,83447813,2020-07-09 20:22:11,1281322781150494720,95,"For Development/For! ",2417,Es tūlīt pameklēšu foto (ne savu). Nesen redzēju tīklos ļoti skaistu.
Italy,LEGA - SALVINI PREMIER,IEZZI Igor Giancarlo,309937155,2020-04-03 12:51:31,1246057745100558336,106,LEGA - SALVINI PREMIER,811,Il dibattito pubblico non può trasformarsi in una terapia per permettere ad alcuni sindaci del Pd di togliersi il grave fardello che portano sulla coscienza https://t.co/4Xt3jbfGIN
Pyrénées-Orientales,Front national,LOUIS ALIOT,316956459,2021-07-09 05:37:59,1413371836906278914,159,Front National,610,Merci de ton soutien julia 🇫🇷
Italy,LEGA - SALVINI PREMIER,FUGATTI Maurizio,497977012,2020-06-15 16:30:45,1272567230564388873,106,LEGA - SALVINI PREMIER,811,"🔴 Oggi hanno riaperto altri asili nido e scuole materne in tutta la Provincia Autonoma di Trento.Questo servizio, garantito fino al 31 luglio, viene messo a disposizione delle famiglie che hanno la possibilità di… https://t.co/B8WKkWfvNO"
Poland,Civic Platform,joanna kluzik-rostkowska,904085023,2021-03-14 23:31:23,1371242585310822400,482,Civic Platform,2603,Nadwymiarowe zgony. Pierwsi w Europie. Narodowy dramat współtworzony przez rząd nieudaczników. pic.twitter.com/SOLXME1FGD
Greece,MeRa25,Bakadima Foteini,350800867,2021-08-07 07:52:25,1423914913718702080,569,MeRa25,417,Φασίστες επιτέθηκαν σε συνεργείο του Open. Αστυνομικοί ήταν παρόντες και δεν έκαναν τίποτα. Εκθετος για χιλιοστή φορά ο Μιχάλης Χρυσοχοΐδης
Belgium,"Ecologistes Confédérés pour l'organisation de luttes originales Groen ",Calvo Kristof,222893593,2020-06-12 21:49:44,1271560342066409472,458,Ecolo-Groen,104,"Gezondheidsrisico’s zijn stilaan onder controle maar heel veel mensen zijn nog niet uit de miserie... Uitbreiding corona-ouderschapsverlof, extra budget sociaal oa voor energie-armoede, maar ook verhoging aftrek giften NGO’s en vzw’s ... geven extra ademruimte.  #sociaalengroen https://t.co/DiPH5CseYp"
Belgium,Vlaams Belang,Van Langenhove Dries,848784339483721728,2021-03-25 13:01:14,1375070269476372482,334,Vlaams Belang,112,"Niet altijd akkoord met Dries, maar deze keer wel. https://t.co/hCjJ9dS0MT"
Finland,The Finnish Social Democratic Party,Jutta Urpilainen,34611886,2020-04-14 16:10:32,1250094095676178438,169,Social Democratic Party of Finland,1401,Thank you @PMaurerICRC for talks today. EU response must address the grave impact #COVID19 has on populations living in countries already affected by conflicts. And this must be done in cooperation with actors doing outstanding work on the ground – such as @ICRC.
Spain,Vox,"Alcaraz Martos, Francisco José  ",266066285,2020-07-22 07:13:20,1285835304516177920,541,VOX,527,"Pedro el extenuado, está que no se lo cree . Feliz de llevar a la ruina a los españoles y de recoger limosnas  de Europa  que pagaran todos los españoles con su sacrificio."
France,En Marche,Sonia Krimi,861587157416378368,2020-03-12 11:40:44,1238067399393456134,149,En Marche,626,@Sonia_Krimi et @StTRAVERT au plus près de la filière laitière si importante pour la Manche. @FNPLait pic.twitter.com/ndzacgLc65
Poland,Prawo i Sprawiedliwość,Jacek SARYUSZ-WOLSKI,1485429175,2020-12-01 08:26:40,1333688954336522240,175,Platforma Obywatelska,2603,„”Praworządność”. Jacek Saryusz-Wolski w „#Jedziemy” o negocjacjach nad budżetem UE. Wskazuje pułapkę negocjacyjną” https://t.co/RbIazTw7jY
Slovenia,Slovenian Democratic Party Deputy Group,"Doblekar Boris ",156544230,2020-09-13 23:39:57,1305290150570848263,25,Slovenian Democratic Party Deputy Group,2902,"Sejanje razdora in sovraštva je, ko desničar levičarju očita tisto, kar levičar desničarju očita vsak dan. https://t.co/WAVzl0Angb"
Poland,Law and Justice,Milczanowska Anna,713048482622341120,2021-02-24 10:14:02,1364518945936539648,483,Law and Justice,2605,"Minister @MEIN_GOV_PL @CzarnekP w #Warszawa: Chcemy wspomagać dzieci i rodziny niepełnosprawne. Pracujemy nad tym, aby dzieci mogły wieść szczęśliwe życie od samego początku. Wzmocnimy rolę poradni psychologiczno-pedagogicznych i placówek specjalnych."
Sweden,Cen,"Lundgren, Kerstin ",24265642,2020-01-10 19:32:45,1215718137527705601,43,Cen,1602,"At the same time as EU FM’s discuss how to support and preserve the Iran nuclear deal to avoid escalation, US says that they will sanction anyone using the EU #INSTEX mechanism for dealing with Iran. That’s US sanctions against EU for having its own policy. Extraordinary."
Poland,Civic Platform,cezary tomczyk,52367150,2021-02-24 20:42:49,1364677183415975938,482,Civic Platform,2603,"Nie zgłosiliśmy sprzeciwu do uchwały. To nieprawda. Poprosiliśmy o dalsze procedowanie w Komisji, tak aby tekst był dopracowywany. Prosiłbym, aby nie mijać się z prawdą. Taka manipulacja jest niedopuszczalna. Budujmy zaufanie między partiami opozycyjnymi. To naprawdę lepsze. https://t.co/vNKYdqoj9L"
Poland,Civic Platform,krystyna szumilas,2905517248,2020-06-04 11:16:03,1268501766817165317,482,Civic Platform,2603,Czyżby od Szumowskich i Banasiów? #MamyDość pic.twitter.com/i4La4gWGoF
Greece,SYRIZA (Coalition of the Radical Left),"Triantafyllidis Alexandros ",2662790664,2020-11-25 18:23:17,1331664773008789505,135,SYRIZA (Coalition of the Radical Left),403,"Α.Τριανταφυλλίδης: «Μονιμοποίηση εδώ και τώρα των Επικουρικών-Συμβασιούχων του Ε.Σ.Υ., με προκήρυξη των θέσεών τους». (Ηχητικό)https://t.co/tO9b1fExTv"
France,En Marche,Ludovic Mendes,294130753,2020-08-28 10:08:39,1299287773552226311,149,En Marche,626,"Dans 4 ans, commencent les Jeux Paralympiques de #Paris2024 ! 4⃣ans pour renforcer la place du sport dans le quotidien des personnes en situation de handicap !4⃣ans pour soutenir la Génération 2024 et préparer cet événement extraordinaire !#4YearsToGo pic.twitter.com/tEPSnSIaRU"
Netherlands,GroenLinks,Kim VAN SPARRENTAK,55893722,2020-07-15 13:49:10,1283398203769905153,316,GroenLinks,1005,Hofuitspraak Apple moet Europese wetgevers wakker schudden belastingontwijking aan te pakken https://t.co/fO60ylN0wq
United Kingdom,The Brexit Party,Brian MONTEITH,620893984,2020-11-06 23:13:48,1324852513833734144,511,The Brexit Party,1110,This thread rings true to me; the GOP was embarrassed by Trump’s style but not his his successes; having ridden  on his back they will do nothing to help him - but decisions have consequences... https://t.co/lEKoyM9rNv
Greece,SYRIZA (Coalition of the Radical Left),andreas xanthos,1701576919,2020-05-15 09:36:57,1261229070857244672,135,SYRIZA (Coalition of the Radical Left),403,(Video) Επίκαιρη ερώτηση Ανδρέα Ξανθού για κατάργηση των ΤΕΠ ως αυτοτελές τμήμα των νοσοκομείων - 15/5/2020  https://t.co/0HYoSVgtfp μέσω του χρήστη @YouTube
Spain,Partido Socialista Obrero Español,JUAN FERNANDO LOPEZ AGUILAR,449951300,2020-01-15 16:22:44,1217482255116926979,192,Partido Socialista Obrero Español,501,"Orbán is demolishing EU values and using EU money to do so! Hungary's undemocratic drift must be stopped, in the interest of Hungarians and all Europeans, says @drmolnarcsaba | #RuleofLaw pic.twitter.com/kohsTD5MFa"
Spain,PP-PAR,josé alberto herrero bono,2849798849,2020-07-27 19:58:14,1287839736141352966,392,PP,502,"La nefasta reunión ""bilateral"" España-Gibraltar provoca un alto coste para el turismo en #España.  El gobierno británico endurece su discurso y recomienda no viajar a ningún lugar de España, https://t.co/kOVkhLMziR vía @ABC_Conocer"
Poland,Modern,witold zembaczyński,2451775295,2020-03-01 10:46:43,1234067538906144769,488,Modern,2618,"„Fundamentem mojej prezydentury będzie bezpieczeństwo Polski”@M_K_Blonska na dzisiejszej, pełnej energii i refleksji, konwencji.Polska🇵🇱 z Prezydent z Ursusa coraz bliżej✌️#Kidawa2020 #PrawdziwaPrezydent pic.twitter.com/6ihpHw71ky"
Italy,LEGA - SALVINI PREMIER,GRIMOLDI Paolo,417962415,2021-03-23 13:18:25,1374349820132012036,106,LEGA - SALVINI PREMIER,811,"Avendo io candidato il premier #Netanyahu al Nobel per la Pace, non posso che unirmi a Salvini e fare il tifo per lui, nella convinzione che ad oggi sia la migliore risorsa politica per Israele. #IsraElex4 @Likud_Party @netanyahu @Israel_katz https://t.co/xHoZgXBesM"
Poland,Civic Coalition,Szumilas Krystyna,2905517248,2021-01-08 11:54:20,1347511957201563649,482,Civic Platform,2603,Chaos https://t.co/BvKnR5YSxy
Sweden,Mod,"Beckman, Lars ",298744792,2020-02-28 05:58:14,1233270162733830149,42,Mod,1602,Insändare: Kommer vi att få information före beslut om vindkraften? https://t.co/a7UePMCWeG
Spain,Vox,"Sánchez del Real, Víctor Manuel",53517943,2021-01-01 14:38:00,1345016428529909769,541,VOX,527,"Un gráfico de ElEspañol o Pedrojota, dedícate a criar cerdos. pic.twitter.com/TdgArUT12X"
Poland,Law and Justice,Kwiecień Anna,2564000304,2021-02-10 08:28:24,1359418928884244480,483,Law and Justice,2605,Włączyłem se Gwiazdy Lombardu zobaczyć czy Harrisony protestują. Jednak nie. Handlują badziewiem.
France,En Marche,Ludovic Mendes,294130753,2021-04-11 10:53:36,1381198743031193603,149,En Marche,626,Les nombreuses inscriptions anti-musulmanes sur les murs de la mosquée Avicennes de Rennes sont inacceptables. Toute ma solidarité avec les musulmans de notre pays.Je me rendrai sur place en fin de journée.
Slovenia,Slovenian Democratic Party Deputy Group,"Janša Janez [Ivan] ",258856900,2021-03-30 18:29:43,1376964874169880580,25,Slovenian Democratic Party Deputy Group,2902,"Se strinjam z @LidijaDM, da nismo vsi isti. Jaz, na primer, nisem dobil tako poraznega rezultata na volitvah, kot ga je dobila ona. Pa tudi med milijoni in milijardami ločim... https://t.co/jR3LOBrdRz"
Poland,Law and Justice,maciej małecki,2294199122,2020-05-01 19:42:48,1256308108990844930,483,Law and Justice,2605,"Esbecy mówili: „Bijcie tak, żeby śladów nie było”. W 83 roku też były majówki. 3 maja pobito Barbarę Sadowską. 12 maja zakatowano na śmierć Grzegorza Przemyka. Komunistyczny reżim sfingował śledztwo. Ka. Jerzy w kazaniu o Grześku mówił te słowa..tak wiele jest łez...Polski maj. pic.twitter.com/UaBQS0PhZ4"
Slovenia,Socialni demokrati,TANJA FAJON,102918775,2021-07-27 19:07:47,1420098610268676099,381,Socialni demokrati,2903,Good to have you here. #kredarica #Slovenia #triglav https://t.co/nB1vG6wmls
Poland,Kukiz15,tomasz rzymkowski,1393060472,2020-06-30 16:45:48,1278006836583596034,483,Law and Justice,2605,Zapraszam dziś na antenę @TV_Trwam pic.twitter.com/lWj6KHd8Iv
Germany,Bündnis 90/Die Grünen,Sergey LAGODINSKY,436470131,2021-05-12 21:54:11,1392599008091201539,209,Bündnis 90/Die Grünen,304,"„Alles rein und kräftig Schütteln“ bringt auch nichts. Wenn wir alle Mitarbeiter aller Politstiftungen auswerten, dann gute Nacht. Erst recht wenn sie-wie HBS- parteiunabhängig sind. Vielleicht im hier und jetzt bleiben? zB bei aktuellen Statements von ABaerbock, @nouripour,mir?"
Germany,Alliance 90/The Greens,konstantin von notz,17752770,2020-11-17 15:19:40,1328719460535070720,423,Alliance 90/The Greens,304,+Eil+ Nach umstrittenem Waffenkauf: Mecklenburg-Vorpommerns Innenminister Caffier tritt zurück https://t.co/6A7YJop2Dj
Germany,CDU,Sepp Müller,801803127762669568,2021-02-28 16:25:28,1366061968302297091,425,CDU,301,Blick auf die neue Sitzungswoche im #Bundestag. Was steht auf dem Programm? Infos dazu hier: https://t.co/L5ft401tgv #schönensonntag pic.twitter.com/cmGyAzOlHC
France,Rassemblement national,André ROUGÉ,1156135942660460544,2020-05-07 06:45:28,1258286811253743616,512,Rassemblement national,610,"⚠️Le cout du fret en Outre-mer a bien été multiplié par ""2 ou 3"" à cause de la crise du #COVIDー19 , a reconnu la ministre Annick Girardin⚠️Heureusement que le @RNational_off est là pour alerter le gouvernement sur l'#OutreMer...  Nous alertions le gouvernement il y a 7 jours https://t.co/1vXdquSfjG"
Germany,CDU/CSU,florian hahn,403735368,2020-06-01 09:35:14,1267389233146269697,420,CDU/CSU,301,"„Irren ist menschlich. Immer irren ist sozialdemokratisch.“ - Franz Josef Strauss, zeitlos. @CSU @csu_bt https://t.co/aXxMTlGaFD https://t.co/1ohXfUPaQd"
Greece,N.D. (New Democracy),christos dimas,491550694,2020-10-26 19:56:03,1320816482268438529,137,N.D. (New Democracy),402,Με τον Υπουργό Εξωτερικών του Ισραήλ @Gabi_Ashkenazi συζητήσαμε την ανάπτυξη των διμερών σχέσεων καθώς και των περιφερειακών σχημάτων συνεργασίας υπό το φως των νέων δυνατοτήτων που διανοίγονται μετά την ιστορική συμφωνία ομαλοποίησης των σχέσεων του Ισραήλ με τα ΗΑΕ. pic.twitter.com/GDaGs4zSpb
Ireland,Fine Gael,ciaran cannon,20586381,2020-04-08 10:28:26,1247833673828884480,127,Fine Gael,702,pic.twitter.com/dlchscwQhC
Italy,FORZA ITALIA - BERLUSCONI PRESIDENTE,BALDELLI Simone,13812612,2020-11-26 17:55:14,1332020102196322309,107,FORZA ITALIA - BERLUSCONI PRESIDENTE,815,Ottimo esempio di responsabilità 👍👍👍💙💙
Sweden,Lib,"Forssell, Joar ",424539277,2021-01-29 09:38:25,1355087897221849089,41,Lib,1604,"""Varför dröjer beslutet om tillstånd att bygga ett förvar för använt kärnbränsle i Östhammars kommun?"" skriver @JoarForssell (L). https://t.co/z5V4EwX5aj"
Sweden,Mod,"Forssell, Johan ",154050557,2021-03-06 09:50:57,1368137012448989185,42,Mod,1602,Vi delar din och Advokatsamfundets oro. Därför borde regeringen ta initiativ till en utvärdering omedelbart. https://t.co/Jbqk2nIOe9
Poland,United Left,Czarzasty Włodzimierz,485755268,2020-05-24 15:27:05,1264578674969493505,575,United Left,2620,"Od czasu rozmowy z Lisickim nikt mnie do Trójki nie zaprosił. Ale warto było. Myślę , że osoby które teraz odchodzą znały stan tego radia i pół i rok temu. Jak czytam ,że kandydaci na prezydenta spostrzegli (przy okazji Kazika) problem teraz i naprawią PR i TVP to rzygam obłudą."
France,En Marche,Albane Gaillot,315284579,2021-06-13 11:54:35,1404044525014749188,149,En Marche,626,"#PPLIVG la mobilisation continue pour l'allongement des délais #IVG 💜✊Vous soutenez cette mesure ? Signez la pétition ⬇️et partagez, retweetez, likez ...peut-être que @gouvernementFR @olivierveran @1ElisaMoreno @JeanCASTEX @EmmanuelMacron vous entendront 📢😉 https://t.co/mbKcMTVgW6"
Poland,Civic Coalition,Okła-Drewnowicz Marzena,3305466189,2021-03-20 10:49:21,1373225141363220480,482,Civic Platform,2603,"W niedzielę obchodzimy #MiędzynarodowyDzieńLasów 🌲🌳Rozpoczęliśmy weekendową akcję sprzątania 🌿 Wspólnie zadbajmy o nasze środowisko! Anna Myślińska, Agata Wojda, @piasecki_mic pic.twitter.com/G250gLvhvh"
Italy,FORZA ITALIA - BERLUSCONI PRESIDENTE,SGARBI Vittorio,201658727,2020-11-29 20:05:21,1333140008807632899,107,FORZA ITALIA - BERLUSCONI PRESIDENTE,815,"Brunetta su Di Maio: ""Sorprendente, brillante, sembra  uno dei miei studenti più preparati..."". La ""Casaleggio & Associati"" non ha ancora comunicato l'importo del riscatto per la liberazione di Brunetta. @spinozait @VittorioSgarbi"
Greece,SYRIZA (Coalition of the Radical Left),Katsis Marios,3325625573,2021-07-08 12:56:56,1413119913468780544,135,SYRIZA (Coalition of the Radical Left),403,"Σχετικά με το υπό διαβούλευση νομοσχέδιο, οι τομεάρχες του ΣΥΡΙΖΑ ΠΣ εντόπισαν τον κίνδυνο να παραμείνει ημιτελές και άρα αναποτελεσματικό το έργο του Κτηματολογίου. Μπορεί να οδηγήσει στη διατήρηση εκκρεμοτήτων στα κτηματολογικά φύλλα και στη διαιώνιση των ελλειμμάτων."
Poland,United Left,Maciejewska Beata,1126342838,2020-10-04 17:39:32,1312809594184519681,575,United Left,2620,"Krzychu, a czy Wasi parlamentarzyści mogą robić z siebie widowisko w Sejmie? Czy @JkmMikke może spać w ławach słodko a @GrzegorzBraun_ modły odprawiać? pic.twitter.com/Af5NnUtIgR"
Poland,Confederation Liberty and Independence,Dziambor Artur,181121893,2020-02-17 05:36:59,1229278549984583681,577,Confederation Liberty and Independence,2619,"Ej, @WiadomosciTVP, ale powiedzcie, że ten facet, który udawał mówiącą Kingę Rusin w waszym materiale to Fejk. @OlechowskiJarek? Ktoś?"
Germany,The Left Party,Cornelia Möhring,2596171296,2020-08-23 16:17:22,1297568624945889282,422,The Left Party,306,na... morgen wirds doch ein toller Montag #Strandgespraech #Parität im politischen Raum. 🎉 freu mich schon 😘
Italy,LEGA - SALVINI PREMIER,IEZZI Igor Giancarlo,309937155,2020-02-25 14:46:35,1232315963900432385,106,LEGA - SALVINI PREMIER,811,Riunione di gruppo alla Camera per fare il punto sulle misure necessarie per affrontare il #Coronavirus pic.twitter.com/wbqif1LYjT
Spain,MÁS PAÍS-EQUO,"Errejón Galván, Íñigo  ",482389606,2021-07-09 11:43:56,1413463929255337987,390,UP,523,"Reflexiono hoy sobre la necesidad de sumar una mayoría social para abordar la transición ecológica y económica que Andalucía merece, desde un espacio político transversal, centrado en lo que de verdad importa a los andaluces. https://t.co/2Og3ru9D5q"
Greece,MeRa25,Bakadima Foteini,350800867,2021-01-13 12:46:22,1349336990093897730,569,MeRa25,417,Η #ΝΔ έχει περίτρανα αποδείξει πως νομοθετεί επικοινωνιακά&ψηφίζει νόμους που η ίδια καταστρατηγεί. Την ίδια χρησιμότητα θα έχει κι αυτό το νομοσχέδιο.Το @mera25_gr  δεν θα γίνει συμμέτοχος στην προσπάθειά αυτή ούτε θα δώσει λευκή επιταγή. #ΑΣΕΠ #Βορίδηςhttps://t.co/quui4pp9H5
Denmark,The Alternative,uffe elbæk,79255216,2020-10-06 19:56:14,1313568770816970753,415,The Alternative,218,"Just a thread recapping on the key messages from the discussion titled ‘China’s Pressure on Democracies and How to Respond — Transatlantic Perspectives’ earlier today moderated by @jonasPplesner and featuring @uffeelbaek, @GarnettGenuis, @abramowitz and @Ammitzboell_K: https://t.co/QmHfJMxuSW"
Poland,United Left,Żukowska Anna Maria,941899796,2020-05-31 21:24:00,1267205209782132739,575,United Left,2620,Czytanie nie boli. Wystarczy znaleźć: pic.twitter.com/AO8nYuiN7F
Finland,The Finnish Social Democratic Party,Aki Lindén,713937495,2021-06-06 05:50:07,1401416090161500161,169,Social Democratic Party of Finland,1401,"Olen työskennellyt 1990-luvulla terveyskeskuksessa, jossa kunnan jokainen asukas pääsi omalle lääkärilleen vaikka samana päivänä ja sekä koko väestön että asiakkaiden tyytyväisyys oli 9/10-tasoa. Tämä on mahdollista myös tänä päivänä. #omalääkäri #kuntavaalit2021 #sote"
Greece,SYRIZA (Coalition of the Radical Left),"Sarakiotis Ioannis ",709702013865562112,2021-05-30 16:36:15,1399041978877292546,135,SYRIZA (Coalition of the Radical Left),403,"Και αυτό γιατί ενισχύσεις δεν υπάρχουν, τα υγειονομικά πρωτόκολλα δημοσιοποιήθηκαν δύο ημέρες πριν το άνοιγμα του τουρισμού και το μείζον, η υγειονομική εικόνα της χώρας είναι πολύ χειρότερη από εκείνη άλλων ανταγωνιστικών χωρών. #τουρισμός #Ελλάδα"
Spain,PSOE,"Hurtado Zurera, Antonio  ",20585781,2020-05-31 21:37:52,1267208701603184640,389,PSOE,501,Vaya valentía la tuya. Eso lo dice todo.
Spain,VOX,Hermann TERTSCH,257332880,2020-09-03 15:43:50,1301546453156925440,541,VOX,527,"Díganme qué parte de este mensaje no es verdad? Por qué la preocupación cuando se expresan con argumentos irrefutables lo que está ocurriendo en #Venezuela @MariaCorinaYA no ataca la unidad, al contrario, ella expresó lo que millones de venezolanos pensamos.#PensemosEnVenezuela pic.twitter.com/OXgDQTwp2U"
Finland,Swedish People's Party,anders adlercreutz,22895229,2021-01-06 11:12:53,1346776747816189952,168,Swedish People's Party,1406,"Mitä tulee väitteeseen”ei lisätty yhtään”, niin rak. toimet ovat luonteeltaan sellaisia, että vaikutus tulee viiveellä. Helppoja, nopeita toimita ovat pääosin ne, joilla rahalla elvytetään. Mistä tuhoisuuteen tulee, niin Suomi on pärjännyt varsin hyvin esim tässä kriisissä."
Sweden,Mod,"Ericson, Jan ",393890670,2020-06-09 11:28:24,1270316815806316548,42,Mod,1602,Hamnar i ett knä nära dig...
Italy,MOVIMENTO 5 STELLE,GIORDANO Conny,831263917175427072,2020-01-25 10:00:00,1221009819403878401,105,MOVIMENTO 5 STELLE,845,"Leggo della scorta aumentata a @NicolaGratteri, per il pericolo sempre più grave di attentati alla sua vita. Peppino Impastato scrisse: ""La mafia uccide, il silenzio pure"". Per questo esprimo ad alta voce vicinanza umana e solidarietà senza esitazioni a #NicolaGratteri. #Gratteri pic.twitter.com/8XsU2HVItz"
France,En Marche,Aurélien Taché,472903732,2020-11-12 22:49:45,1327020787933573121,149,En Marche,626,"Article 15 de la constitution: ""Le PR est le chef des armées. Il préside les conseils et les comités supérieurs de la défense nationale"" Lien juridique entre PR chef des armées et conseil de défense nationale. Aucun lien entre conseil de défense et lutte contre une maladie."
Ireland,Aontú,Peadar Tóibín,48667895,2020-04-12 17:43:06,1249392614077587459,125,Sinn Féin,707,"Daily #COVID19ireland figures in this state have more to do with the limited testing than the actual amount of Covid-19. ""Dept also confirmed 430 new cases of coronavirus.In addition, a further 297 additional cases from backlog of tests in Germany"".https://t.co/kuKPo2LJPa"
Italy,LEGA - SALVINI PREMIER,ZOFFILI Eugenio,381443107,2021-04-17 09:02:23,1383345081998999552,106,LEGA - SALVINI PREMIER,811,"🟡 Riaperture dal 26 aprile, vittoria della Lega? No, vittoria del buonsenso, con ritorno della zona gialla e riapertura all’aperto di ristoranti e bar anche alla sera. Un aprile di liberazione e progressivo ritorno alla vita per gli italiani, che hanno fatto tanti sacrifici."
Ireland,Fianna Fáil,James Lawless,18492194,2020-03-29 09:21:14,1244192885936926720,126,Fianna Fáil,701,"None of us are omnipotent and it is always useful to hear many views. The whole benefit of social media is a hive mind, especially in a crisis. Never shoot a man for being big enough to ask others opinions."
Greece,N.D. (New Democracy),nikolaos - georgios dendias,236744081,2021-04-14 12:48:05,1382314717293768706,137,N.D. (New Democracy),402,"Η τριαντακονταετής παρουσία του Παναγιώτατου Οικουμενικού Πατριάρχη στην ηγεσία της Ορθοδοξίας, πλαισιώνεται από πρωτοβουλίες παγκόσμιου βεληνεκούς, όπως αυτές για την προστασία του περιβάλλοντος. (οι δηλώσεις μου από τη σημερινή συνάντηση στην Κωνσταντινούπολη) pic.twitter.com/cf5QI5eclY"
Poland,Civic Platform,zofia czernow,353597901,2020-10-26 21:13:00,1320835845973225473,482,Civic Platform,2603,#piekłokobiet  Brawo Kraków ✌️✌️✌️ https://t.co/N7PdWV7cCr
Spain,Vox,"Sánchez del Real, Víctor Manuel",53517943,2020-05-20 20:29:03,1263205117597298690,541,VOX,527,"Los traidores a España se unen para garantizar la ruina de las empresas españolas y sus trabajadores. Menos flexibilidad laboral, menos contratación, menos empleo, más españoles dependientes de su macro Estado chavista.  https://t.co/CU2WsWVeIw"
France,Les Républicains,Olivier Marleix,2305186092,2021-03-28 18:39:56,1376242667856793602,155,Les Républicains,609,"Hommage à @oliviermarleix , un des hommes politiques français qui a la dimension d’un Homme d’Etat. Il y en a plusieurs, en France. Demandez-vous pourquoi vous ne les voyez ni ne les entendez jamais. https://t.co/r1NytekNSR"
Poland,Law and Justice,Andruszkiewicz Adam,3106178813,2021-05-18 07:45:46,1394559824931737610,483,Law and Justice,2605,Kryzys w PO. @Andruszkiewicz1: Życie polityczne nie znosi próżni#wieszwięcej #Jedziemy Zobacz więcej: https://t.co/RplH4Sseq9 pic.twitter.com/nvDKivO6XB
Spain,PSOE,"Casares Hontañón, Pedro  ",378525757,2021-03-24 18:51:05,1374795924963135488,389,PSOE,501,"Acuerdo histórico que compromete al Gobierno, empresas y sindicatos en una transición ecológica inclusiva y justa que garantice el empleo. Avanzamos para conseguir un progreso seguro sin dejar a nadie atrás!! 👏🏻👏🏻@Teresaribera👏🏻👏🏻@Yolanda_Diaz_ https://t.co/OeNE8lM7WL"
Finland,Green League,Iiris Suomela,1630164722,2021-02-04 10:57:46,1357282192121098240,164,Green League,1408,"Kyllä, viittaan viime päivien tapahtumiin, kun monet levittivät sinimustan liikkeen viestejä eteenpäin sellaisenaan.Näkyvyys on aina näkyvyyttä ja se auttaa tavoittamaan uusia kannattajia. Ilman somea sinimusta liike ei varmasti saisi kasaan tarvitsemiaan kannattajakortteja."
France,En Marche,Anne-Christine Lang,977015028,2021-04-03 18:00:15,1378407009532395523,149,En Marche,626,"Avec leurs 3000 amendements, les députés les plus conservateurs souhaitent non seulement s’opposer à de nouveaux droits pour les personnes en fin de vie, mais aussi empêcher le débat.Cette obstruction n’est pas à la hauteur des souffrances ni de notre responsabilité à légiférer https://t.co/J0i2kbclJz"
Poland,Civic Coalition,Gajewska Kinga,1263232465,2020-05-20 15:20:33,1263127479939629058,482,Civic Platform,2603,"W związku z moim startem w wyborach prezydenckich powtarza się pytanie: a co z Warszawą? Uspokajam - jeśli wygram wybory prezydenckie, nasza Warszawa nadal będzie bezpieczna! pic.twitter.com/tfqwtSIdqp"
United Kingdom,Labour Party,JULIE WARD,1354570123,2020-10-15 18:12:55,1316804261825646594,193,Labour Party,1102,#StopTheDeportation #FreeOsimeBrown https://t.co/DwcbJBHRcL
France,Front National,Louis Aliot,316956459,2020-03-31 08:06:50,1244898939377201157,159,Front National,610,"Suite aux différentes prises de parole de Christophe Prudhomme, @R_Bachelot évoque une ""instrumentalisation politicienne"" de la part du porte-parole de l’association des médecins urgentistes de France.#CàVous pic.twitter.com/PbpkHRXKoY"
Finland,Green League,Krista Mikkonen,1122819409,2020-06-23 13:07:23,1275415152251359235,164,Green League,1408,"Terveydenhoitoalalla usein taivutaan ihmeisiin, mutta liika on liikaa. Vanhustenpalveluiden henkilöstömitoituksen muuttaminen suosituksesta sitovaan vie meitä kohti inhimillisempää yhteiskuntaa, jossa kaikista pidetään huolta loppuun saakka.@koponnohttps://t.co/ISd0umFy28"
Poland,Kukiz15,stanisław tyszka,31377422,2020-02-19 18:49:39,1230202804603625477,485,Kukiz15,2606,"💬  Zgadzam się z tym, że pacjent jest dziś w stanie agonalnym. Nie przywrócimy zaufania obywateli do wymiaru sprawiedliwości, jeśli nie dojdzie do jego uspołecznienia, np. poprzez wprowadzenie sędziów pokoju.🙋‍♂️ @RGwiazdowski 📍 Okrągły Stół ws. wymiaru sprawiedliwości pic.twitter.com/48cW4fbeLv"
France,En Marche,Agnès Thill,827581398965944320,2020-04-29 07:16:17,1255395464482107393,149,En Marche,626,Les classes à 15 élèves autorisés mais pas les messes à 15 paroissiens. Les évêques les curés sont plus cloches que les autres pour organiser les offices avec toutes les précautions ?Vous avez vu le métro en ce moment? On y est debout.Ce sera pire mais autorisés.
Poland,Civic Coalition,Kierwiński Marcin,308367619,2020-01-03 18:43:11,1213168947325030400,482,Civic Platform,2603,Podsumowanie roku cz.7 H jak hejt: tu bezapelacyjnie zwycięża ekipa trenera Ziobry. Od poziomu regionalnego aż po neoKRS i pisowską izbę Sądu Najwyższego zebrano tu najwyższej klasy specjalistów od oczerniania kolegów i koleżanek sędziów.
Spain,PSdG-PSOE,pilar cancela rodríguez,1042939466,2021-03-30 15:07:17,1376913930317144070,389,PSOE,501,"Agora sí. O outra vez, sendo xa oficial 😉"
Poland,Civic Coalition,Wielichowska Monika,2248939558,2021-03-26 12:15:26,1375421133558837249,482,Civic Platform,2603,Warto sprawdzić kiedy i czego dotyczył ten protest zamiast fejki rozsyłać 🤯
Greece,N.D. (New Democracy),Lazaridis Makarios,189807100,2020-03-31 22:11:10,1245111421714784256,137,N.D. (New Democracy),402,Ξεκίνησε κανονικά χωρις κανένα πρόβλημα η λειτουργία της ηλεκτρονικής πλατφόρμας  https://t.co/eUmLGTwbZ3  υποβολής του ειδικού εντύπου των εργαζομένων για την ειδική αποζημίωση των 800€. pic.twitter.com/8ZkosL3atL
Italy,FRATELLI DITALIA,MELONI Giorgia,130537001,2021-05-03 09:11:46,1389145650579877888,104,FRATELLI DITALIA,844,"Piano nascite? Incentivi per la natalità? Ma no, per l'idolo dei radical chic Saviano per ripopolare il Sud bisogna accogliere un milione di immigrati. Delirante. pic.twitter.com/WPaTBO5bnX"
Poland,Modern,witold zembaczyński,2451775295,2020-06-16 10:56:56,1272845611923013632,488,Modern,2618,"R. Trzaskowski zapowiada postawienie A. Macierewicza przed Trybunałem Stanu. To ważna deklaracja pokazująca, ze nie będzie ulgowej taryfy dla takich ludzi jak Macierewicz. Ludzi, których publiczną działalność trudno nazwać inaczej, niż antypolską."
Spain,Cs,"Tirado Ochoa, Vicente",1096467320468312066,2020-06-29 21:44:53,1277719716010827784,387,Cs,526,"Desde el PP vamos a trabajar para que España reciba los mayores fondos de la PAC, como siempre hemos defendido, negociado y conseguido.No vamos a abandonar al campo español y menos aún en estos duros momentos de crisis. pic.twitter.com/duJqFAjLyE"
Slovenia,Slovenian Democratic Party Deputy Group,janez janša,258856900,2021-07-04 13:01:38,1411671545697734656,25,Slovenian Democratic Party Deputy Group,2902,"Bilo je pred 30 leti, 4. julija 1991 so bil vsi mejni prehodi znova v slovenskih rokahhttps://t.co/PdJqaPN2h2"
Poland,Law and Justice,Kwiecień Anna,2564000304,2021-07-04 06:06:20,1411567031502188544,483,Law and Justice,2605,Merkel tylko udawała walkę z antysemityzmem? https://t.co/YRrXJD44AC
Germany,SPD,Fritz Felgentreu,2805274855,2020-11-28 09:13:41,1332613625840799744,421,SPD,302,"Herzlichen Glückwunsch! An die Gewählten und an das ganze KSH: Toll, dass ihr es geschafft habt, einen beratungs- und beschlussfähigen Parteitag sicher zu organisieren. Reife Leistung! Das motiviert für die Herausforderungen des kommenden Jahres. https://t.co/G78nPwDNSZ"
Poland,United Left,Śmiszek Krzysztof,3025432383,2021-07-07 15:12:19,1412791596568006660,575,United Left,2620,Dzisiaj się trochę działo 😉Wszystko to skomentujemy w dzisiejszej #DebataDnia w @PolsatNewsPL u red. @AGozdyra. Do zobaczenia! ✌🏼👋🏼 pic.twitter.com/sszRflSqKk
France,Les Républicains,NADINE MORANO,413839619,2021-05-17 08:08:06,1394203055319625728,240,Les Républicains,609,"""J. #Rottner a signé une tribune dans @lemondefr pour soutenir E. #Macron et saluer la nomination d'E. #Philippe. Ma ligne politique ""n'est pas compatible avec la sienne selon lui"". Mon bulletin de vote ne sera donc pas compatible avec lui non plus"" @CNEWS #hdespros"
Spain,Vox,"Toscano de Balbín, Carla",3050371833,2020-09-06 17:52:09,1302665908360536066,541,VOX,527,Pero ¿en qué quedamos? ¿es su cuerpo o es otra persona? Aclaraos antes de acabar con la vida de alguien.
Germany,Alliance 90/The Greens,lisa paus,569166756,2020-02-13 09:52:30,1227893301828816897,423,Alliance 90/The Greens,304,Neues Projekt: Nichts verdeutlicht die menschengemachte Klimakrise besser als die Erwärmung der Weltmeere. Wir zeigen die extremen Veränderungen von 1960 bis heute. https://t.co/uS2WdxHsRX pic.twitter.com/okSpIex9IV
Spain,PSOE,"Rodríguez Salas, José Antonio  ",21361705,2021-04-22 11:51:23,1385199551771029506,389,PSOE,501,"Afortunadamente, la sociedad española cada vez está más concienciada y practica un consumo responsable y comprometido en pro de la preservación del planeta.🗣️ @inmaoria en Comisión de #TransiciónEcológica pic.twitter.com/12diQ82RQY"
Poland,Law and Justice,Kwiecień Anna,2564000304,2020-06-23 18:11:13,1275491617164664835,483,Law and Justice,2605,"I mówi to polityk PO, który chce funkcjonariuszom komunistycznej Służby Bezpieczeństwa przywrócić wysokie emerytury!! Hipokryzja i cynizm. #RafałNieKłam https://t.co/GiLcIK3Aen"
Netherlands,Party for Freedom,harm beertema,144487331,2020-01-09 20:12:40,1215365795515195394,62,Party for Freedom,1017,In dit land gymmen we in korte broek. Gewoon aanpassen meiden. #stopislamisering https://t.co/kqaqsMDoyO
Germany,CDU,Marian Wendt,2430137675,2020-09-15 08:20:06,1305783436754530305,420,CDU/CSU,301,"Wir bleiben unserer Linie treu: Wer Schutz braucht, bekommt Asyl. Alle anderen müssen in ihre Heimat zurück! Übrigens gibt es nicht nur in #moria und auf #levsos Migranten, sondern auch auf anderen griechischen Inseln, sowie in Italien, Zypern & Malta. https://t.co/dcZFnOMdcK"
United Kingdom,The Brexit Party,Christina Sheila JORDAN,1156244818827403264,2020-06-22 21:02:55,1275172439287357440,511,The Brexit Party,1110,On #skypapers at 10.30 and 11.30pm tonight.  Rather too much news.  At least some Lockdown-easing to lighten the mood @SkyNews
Latvia,"Political Party “KPV LV” ",Didzis Šmits,624632199,2020-02-07 16:19:03,1225816253115326464,94,"Political Party “KPV LV” ",2415,"Sniega krabju lietas apd..šanas speciālistiem. Teksts no t. lēmuma: “Ar Svalbāru saistītie jautājumi sniedzas tālāk par zvejniecības interesēm un blakus ietekmes riski ir svarīgs elements, kas jāņem vērā, sperot katru nākamo soli,” Būtība netika skatīta."
France,Rassemblement national,Jordan BARDELLA,1499400284,2020-02-10 16:12:38,1226901801347186688,512,Rassemblement national,610,"🔴 L'année 2019 avait connu une explosion ahurissante de l'insécurité.2020 débute très mal : janvier est déjà un mois noir comme la France en a rarement connu.La situation est intenable. Le gouvernement doit réagir d'urgence, avant l'embrasement.https://t.co/eD18pYMNsk"
Poland,United Left,Nowicka Wanda,346539842,2021-05-23 17:59:13,1396526143398989828,575,United Left,2620,"Dyżurny krytyk @__Lewica @LeszekMiller znów uderzył w #PosłankiLewicy w @tvn24, że jakoby nie broniłyśmy marszałkini @GabrielaMorStan. To nieprawda. Stanęłyśmy w jej obronie. Zaś wiarygodność p. Millera jako obrońcy kobiet jest mocno wątpliwa. https://t.co/VMmWkZ0fLw"
Germany,The Left Party,Fabio Valeriano Masi,14784765,2020-11-24 15:32:16,1331259347960205312,204,DIE LINKE.,306,"Fabio De Masi, a lawmaker with leftwing Die Linke party, pointed out that BaFin’s move in spite of the Bundesbank concerns “smacks of price management” in favour of the Wirecard stock. #Wirecard https://t.co/x4xDlOjgn4"
Spain,Partido Popular,ESTEBAN GONZALEZ PONS,106231214,2020-08-02 06:33:09,1289811458348527617,201,Partido Popular,502,Gracias 😊 de todo corazón
Poland,Bezpartyjny,ZDZISLAW KRASNODEBSKI,539156512,2021-06-15 20:45:17,1404902858584211463,223,Prawo i Sprawiedliwość,2605,Unmut in Polen und der Ukraine: „Biden setzt Europa mit Deutschland gleich“ via @faznet https://t.co/KMo4h5JavT
France,En Marche,Daniel Labaronne,3063365597,2020-07-15 10:21:01,1283345818410459138,149,En Marche,626,⚡️ Flash Hebdo n°54👉 https://t.co/32oYHUQ9LO▶️ Interview du Président de la République▶️ Un accord historique à 8 Mds d'€ pour les soignants▶️ Mes bons gestes de l'été▶️ Que faire en cas de difficulté pour payer son impôt sur le revenu ?▶️ Sorties estivales en #Touraine pic.twitter.com/dfVgqvLtFl
Poland,Law and Justice,andrzej kryj,730303957982167040,2021-04-05 20:37:14,1379171291710828548,483,Law and Justice,2605,Oczywiście.  Ziemniaki mi umknęły 😀
Slovenia,Slovenian Democratic Party Deputy Group,danijel krivec,394674420,2020-04-09 08:20:17,1248163811670077440,25,Slovenian Democratic Party Deputy Group,2902,"Draga @tfajon, vljudno te prosim, da vsaj toliko energije in truda, kot vložiš v zagotavljanje medijske svobode v 🇸🇮, vložiš v takojšen sprejem evropske korona obveznice. Začneš lahko s prepričevanjem svojega strankarskega tovariša, nemškega finančnega ministra. Najlepša hvala. https://t.co/UMO5aTjJTD"
Germany,Freie Demokratische Partei,Svenja HAHN,1124773536,2021-03-08 12:24:39,1368900471373594625,177,Freie Demokratische Partei,303,"#Weltfrauentag: Weltweit sind Millionen von Mädchen/Frauen ganz weit entfernt davon, ein selbstbestimmtes Leben führen zu können: Zwangsverheiratung, Genitalverstümmelung, Gewalt. Wir dürfen diese furchtbare Realität nicht verdrängen, müssen weiterhin entschieden dagegen kämpfen."
United Kingdom,The Brexit Party,Martin Edward DAUBNEY,568143078,2020-09-12 22:34:56,1304911398624022531,511,The Brexit Party,1110,"Black Lives Matter “seek to divide us” - and you took the knee to them, Sir Keir That, along with trying your utmost to reverse Brexit, has sealed your fate among the patriotic working classesMillions, like me, who used to vote Labour, don’t recognise this Party any more pic.twitter.com/KpZF8Iv31Z"
Germany,Freie Demokratische Partei,ALEXANDER GRAF LAMBSDORFF,149299258,2020-03-28 22:16:23,1244025571543261185,177,Freie Demokratische Partei,303,"Kann man drüber diskutieren, stimmt. Ich finde, dass @3sat den Bildungsauftrag des #ÖRR gut wahrnimmt.(...und das mit der “Rückseite von Schokoladentafeln” müssen Sie bei Gelegenheit mal erklären 😃)"
Greece,MeRa25,Bakadima Foteini,350800867,2021-03-06 09:31:39,1368132158737571842,569,MeRa25,417,Το μέγιστο διακύβευμα των ημερών είναι αν είμαστε ή όχι Κράτος Δικαίου... https://t.co/Y79bz8xgs5
Spain,Vox,"Espinosa de los Monteros de Simón, Iván  ",48976307,2021-01-11 12:29:56,1348608078397247489,541,VOX,527,"...defienda un día que el calentamiento global se intensifica, y a los seis meses, que quizá estemos cerca de una nueva edad de hielo. Pero qué más da. Se aprovecha un medio público para atacar no lo que he dicho, sino lo que ellos quieren transmitir que he dicho. Y así..."
Netherlands,Christian Democratic Appeal,pieter omtzigt,19223962,2020-03-03 22:23:38,1234967696212668417,63,Christian Democratic Appeal,1001,Ik weet oprecht niet wie @HaagseInsider is. Wel dat het interessant is om hem/haar te volgen. (en ik ben het dus niet)
Italy,MOVIMENTO 5 STELLE,AZZOLINA Lucia,1106533782,2020-07-31 18:40:13,1289269653919813638,105,MOVIMENTO 5 STELLE,845,Nel suo discorso durante la cerimonia del Ventaglio il Presidente della Repubblica Sergio Mattarella ha posto l’apertura regolare delle scuole come obiettivo primario.Continua: https://t.co/E9rIOJtiNe
Sweden,Cen,"Lundgren, Kerstin ",24265642,2020-01-17 14:40:10,1218181221827608582,43,Cen,1602,"Ser uppgifter om att riksdagsled och idag ordförande för Utrikesutskottet, Sannfinländare haft intressen i kinesiskt teknologibolag. Och fått lån t valkampanj av grundaren av det kinesisktägda bolaget i Finland."
Italy,FORZA ITALIA - BERLUSCONI PRESIDENTE,ROSSELLO Cristina,837629276912504832,2020-08-12 08:16:12,1293461267546615808,107,FORZA ITALIA - BERLUSCONI PRESIDENTE,815,Non capita tutti i giorni di vedere uno spettacolo simile! Questa sera ad avere questa opportunità saranno i cittadini e le cittadine di #Maratea! Al calare del sole Tricolore illuminerà e colorerà gli alberi di #naveVespucci!#MarinaMilitare#NoiSiamolaMarina#IlMarenelTuoFuturo pic.twitter.com/m0syBrj67Y
European Parliament,Nova Slovenija – Krščanski demokrati,Ljudmila NOVAK,514541450,2021-05-31 06:41:36,1399254718656958466,27,New Slovenia – Christian Democrats Deputy Group,2905,S cepljenjem proti covidu-19 zaščitimo sebe in ljudi okoli nas.#CepimoSe pic.twitter.com/0Er4uBVtZq
Spain,Vox,"Chamorro Delmo, Ricardo  ",279233001,2021-08-02 10:55:52,1422149141619220480,541,VOX,527,"La riqueza y belleza de España es única.VOX prepara #VIVA21 🇪🇸, un acontecimiento que permitirá a los españoles disfrutar de esa riqueza y esa belleza en un mismo recinto donde estarán todas las provincias representadas. Resérvate el 9 y 10 de octubre https://t.co/N7GPfpLrND pic.twitter.com/RnOwet5mA9"
Germany,DIE LINKE.,FABIO DE MASI,14784765,2021-05-12 05:58:03,1392358391406862337,204,DIE LINKE.,306,"Der Bund stellt bis zu 200 Millionen Euro Fördergeld bereit, um bei Schnelltests unabhängiger von Importen zu werden. Doch die Bewilligung dauere viel zu lange, kritisiert @FabioDeMasi @handelsblatt https://t.co/NJUM4sHB0r @SpechtFr @MartinGreive"
France,Mouvement Démocrate,Josy Poueyto,1890087739,2021-03-31 09:29:05,1377191206438993920,152,Mouvement Démocrate,613,Le Charles de Gaulle prend le commandement du volet maritime de la lutte contre Daech : c'est la 2e fois que la France prend la suite des Etats-Unis pour exercer cette responsabilité. Une marque de confiance opérationnelle et le signe de notre détermination constante contre Daech pic.twitter.com/7yxsq7rPP9
Ireland,Fine Gael,Leo Varadkar,229466877,2021-02-19 18:04:20,1362825360887468034,127,Fine Gael,702,We’re on the right track with #Covid19 thanks to your efforts.Here’s a quick update: pic.twitter.com/O9fK8bg6gG
Poland,Law and Justice,artur szałabawka,2289701923,2021-07-15 10:30:50,1415619861712146432,483,Law and Justice,2605,"Dziś uczestniczyłem w uroczystym podpisaniu umów na budowę ścieżek rowerowych na trasie #Gryfino - #Wełtyń - #Gardno.Inwestycja wsparta środkami UE oraz Rządowym Funduszem Inwestycji Lokalnych.Wykonawcy to przedsiębiorcy z zachodniopomorskiego,firmy Dankom i Kristone #DajemyRadę pic.twitter.com/CPo8n6XRNd"
Slovenia,Slovenian Democratic Party Deputy Group,janez janša,258856900,2021-01-04 18:42:00,1346164997165084673,25,Slovenian Democratic Party Deputy Group,2902,"➡️ Še moj članek, takrat, 2017, faksimile: https://t.co/6PWnBzuweU pic.twitter.com/jPT9APc5sc"
Sweden,Lft,"Gunnarsson, Hanna ",120152296,2021-07-28 15:50:19,1420411303512973323,40,Lft,1601,Det är faktiskt sorgligt.
Greece,SYRIZA (Coalition of the Radical Left),Igoumenidis Nikolaos,907201823613837312,2020-05-22 18:47:51,1263904424461651968,135,SYRIZA (Coalition of the Radical Left),403,Άρθρο-παρέμβαση Νίκου Ηγουμενίδη στη “Νέα Κρήτη”: Στόχος η διατροφική αυτάρκεια της χώρας https://t.co/rIhomYIPZw
Ireland,Fine Gael,frances fitzgerald,111338251,2020-02-01 15:38:26,1223631703832453123,127,Fine Gael,702,I will never go into government with Sinn Féin. I asked my team if they would and they answered unequivocally.Micheál Martin cannot say the same about his front bench. pic.twitter.com/zEoKqpIgQO
Germany,CDU,Michael Günther Meister,34214048,2021-08-10 18:55:27,1425168935566127107,420,CDU/CSU,301,„Wir fordern eine faire und verantwortliche Vorgehensweise der politisch Handelnden. Die immensen Corona-Kosten wie auch die Kosten für den Klimaschutz dürfen nicht vor allem beim Mittelstand und seinen Betrieben hängen bleiben.“ #ZDH #Wollseifer #BTW21 https://t.co/LrUnGGTwqo
Germany,CDU,Sepp Müller,801803127762669568,2021-05-24 16:59:01,1396873381811834886,425,CDU,301,- Homeofficepflicht- Restaurants und Bars geschlossen - Maskenpflicht auf ArbeitDa waren die Schweizer härter. Rest:„Jedes fünfte Zürcher Schulkind hatte schon Corona. Dies zeigt eine Coronatest-Studie der Universität Zürich an 2500 Schülern“Quelle: https://t.co/7MA1A6vxkv
Greece,SYRIZA (Coalition of the Radical Left),georgios katrougkalos,42008209,2020-09-27 12:51:57,1310200503616274432,135,SYRIZA (Coalition of the Radical Left),403,"Η προσβολή της Ελληνικής σημαίας στο Καστελλόριζο αποτελεί απαράδεκτη ενέργεια. Χρήζει άμεσης διερεύνησης από τις τουρκικές αρχές, για να μην υπονομεύσει τις προοπτικές αποκλιμάκωσης και διαλόγου."
Finland,National Coalition Party,Juhana Vartiainen,229602587,2020-09-09 15:30:23,1303717396390252545,163,National Coalition Party,1402,"Tuskin matalammat palkat. Mahdollisesti enemmän vaihtelua yksilöiden välillä ja ajassa. Mutta yleisesti tehokkaampia sopimuksia, jotka sopivat molemmille osapuolille. Täällä lisää: https://t.co/zJfllfsCCW"
France,Les Républicains,Julien Dive,106557131,2021-06-17 19:39:47,1405611147370369031,155,Les Républicains,609,"Depuis 5 ans, le conseil de circonscription du saint-quentinois est l’outil de démocratie de proximité qui donne la parole aux citoyens sur le travail parlementaire.En mode « normal » ce soir, nous travaillions sur la sécurité, la justice, lutte contre le terrorisme. #Circo0202 pic.twitter.com/rgXlh1J2mD"
Latvia,"National Alliance “All For Latvia!”–“For Fatherland and Freedom/LNNK” ",Aleksandrs Kiršteins,42878084,2020-11-25 21:33:05,1331712536950026252,79,"National Alliance ""All For Latvia!"""" – """"For Fatherland and Freedom/LNNK""""""",2406,"LTV 7 skatos par Fidelu Kastro. Tautai patīkot, jo esot pieticīgs. Kadrā, kur sniedz interviju amerikāņiem, uz rokas divi rokaspulksteņi. Bet, mēs par Burovu uztraucamies"
France,En Marche,Rodrigue Kokouendo,750407584897724416,2020-03-31 11:03:17,1244943343127232512,149,En Marche,626,Toutes les grandes entreprises qui auraient bénéficié de reports de charges sociales et fiscales et qui versent en même temps des dividendes devront rembourser cette avance de trésorerie de l’État avec des pénalités d’intérêt. #COVID19 pic.twitter.com/VWRhLcix5G
United Kingdom,Labour Party,SEB DANCE,45360352,2021-07-21 21:10:47,1417955238670176258,193,Labour Party,1102,You don’t think that during a pandemic where there is a highly contagious airborne virus that people shouldn’t be encouraged to change their behaviour temporarily to try and mitigate its spread???
Germany,FDP,Alexander Müller,936235058792484864,2020-10-29 09:18:14,1321743135358230529,428,FDP,303,Hinter dem Geschrei von @rbrinkhaus: Leider viel Doppelmoral. Der #Bundestag ist unser Parlament und Entscheidungsort. https://t.co/W8eDcsLsnR
Italy,LIBERI E UGUALI,FRATOIANNI Nicola,425686235,2020-04-15 13:45:00,1250419859696922625,110,LIBERI E UGUALI,838,"+++ Migranti. Tovato barcone: 5 cadaveri, 47 superstiti.  Riconsegnati ai libici +++Malta avrebbe mentito anche alle autorità italiane. Tripoli si rifiuta di farli sbarcare@nelloscavo @Avvenire_Nei https://t.co/IRqzhfilTL"
Germany,CDU,Sepp Müller,801803127762669568,2021-03-09 22:19:29,1369412553298878466,425,CDU,301,".@rbrinkhaus bei #Lanz „Wir müssen jetzt nach vorne schauen und nach der Pandemie nicht bräsig werden. Digitalisierung, insbesondere in der Bildung, wollen wir angehen.“#klareKante @cducsubt"
Spain,VOX,Jorge BUXADÉ VILLALBA,154110601,2020-01-16 09:54:50,1217747026982658053,541,VOX,527,💭 Llevamos años escuchando que cualquier gesto de firmeza frente el separatismo ayudaba al separatismo o era una fábrica de separatistas.🥱 A nosotros eso nos parece una excusa para no tener que mojarse ni desgastarse. Y además sabemos que funciona exactamente al revés. pic.twitter.com/OcDyyaRwm4
Belgium,Christen-Democratisch & Vlaams,Beke Wouter,515620055,2021-03-15 19:40:32,1371546877905227782,345,Christen-Democratisch & Vlaams,109,De Hoge Gezondheidsraad is formeel: ze adviseert om de vaccinatiecampagne met #AstraZeneca voort te zetten. We blijven dit uiteraard opvolgen. Meer info? 👉https://t.co/gijklqgOYa pic.twitter.com/53W7a66F1U
Finland,Centre Party of Finland,Mikko Kärnä,531527946,2020-05-10 17:37:32,1259538074402533377,166,Centre Party,1403,"Suomen kansalaisilla on perustuslaillinen oikeus käydä ostamassa nuuskaa Ruotsista. Ihmetyttää vain, miksi tätä perustuslaillista oikeutta ei voi toteuttaa Suomessa? Nuuska pitäisi saada kauppoihin heti. EU ei sitä estä."
Spain,Vox,"Del Valle Rodríguez, Emilio Jesús  ",1122839391096004608,2021-04-25 17:29:01,1386371683947368449,541,VOX,527,"Monasterio defiende el ""verdadero feminismo"" que no impone ideas ni ""arrebata la libertad"" a las mujeres https://t.co/cRdxazy8wG vía @epmadrid"
Poland,Law and Justice,anna milczanowska,713048482622341120,2020-07-31 09:22:56,1289129406368284672,483,Law and Justice,2605,Wczorajsze posiedzenie Podkomisji ds. wyjaśnienie przyczyn katastrofy smoleńskiej. To jak zachowywali się przedstawiciele PO to skandal!Fragment mojego komentarza. pic.twitter.com/LxBaKZvBnj
Germany,FDP,Otto Fricke,18044683,2021-03-22 11:45:51,1373964136980344833,428,FDP,303,Die dann auch noch einen glorreichen Wahl Sieg errungen hat.
France,En Marche,Caroline Janvier,865135799293050880,2020-05-11 08:56:39,1259769375206375424,149,En Marche,626,"Avec 48 collègues @LaREM_AN, j'ai souhaité écrire à @BrunoLeMaire sur la situation des grossistes-distributeurs de boissons et des brasseries artisanales face au #COVID19 et à la crise économique. #Deconfinement pic.twitter.com/zDVBflzvhx"
Spain,PP,"Rojas García, Carlos  ",158846236,2020-01-04 08:44:00,1213380548166586371,387,Cs,526,Sánchez nada más empezar su discurso ya ha mentido diciendo que no se va a romper España.Solo él es el culpable de vendernos a independentistas y comunistas.#SánchezliquidaEspaña
Germany,SPD,Burkhard Karl Lischka,36665085,2020-05-06 11:30:39,1257996195059904513,421,SPD,302,Trotz stufenweiser Lockerungen sind einige Branchen weiter von Schließungen betroffen. Deshalb fordert Minister @WillingmannA gemeinsam mit Amtskolleginnen &-kollegen der Länder eine Verlängerung der #Corona-#Soforthilfe. Zudem kämpft er weiter um #Unternehmerlohn. #corona_LSA pic.twitter.com/16dqGH49dV
France,Front National,Ludovic Pajot,496370501,2020-03-31 13:51:46,1244985741563830274,159,Front National,610,"📢 ""Les français sont inquiets quant au manque de masques et équipements pour nos soignants qui sont en première ligne, en secteur hospitalier, en médecine de ville, sans oublier les infirmières libérales."" #QAG #DirectAN"
Slovenia,Slovenian Democratic Party Deputy Group,janez janša,258856900,2021-07-13 17:30:41,1415000745863258116,25,Slovenian Democratic Party Deputy Group,2902,Misijonar #Opeka se je zahvalil @vladaRS za humanitarno pomoč https://t.co/BObHvlkauZ
Sweden,Mod,"Cederfelt, Margareta ",871668595,2020-04-16 18:24:45,1250852647965425667,42,Mod,1602,👏@EPP @GTsereteli @MCederfelt https://t.co/21EQnPz6I0
Germany,CDU,Michael Günther Meister,34214048,2021-03-25 18:19:57,1375150475868262403,420,CDU/CSU,301,"Die Dynamik der 3. #Corona-Welle in 🇩🇪 befindet sich weiter auf hohem (wenn auch nicht mehr eindeutig steigenden) Niveau.Zuwachsraten im Vorwochenvergleich von 25-30% heißt: Verdopplung der Werte ungefähr alle 2,5  Wochen.@welt pic.twitter.com/SNjrSKXACq"
Ireland,Fianna Fáil,darragh o'brien,195697781,2020-11-21 12:26:01,1330125313456607233,126,Fianna Fáil,701,I am glad that @DeptHousingIRL was in a position to help. #COVID-19 has had a devastating impact on so many aspects of our society but it is important that we support this sector to ensure zoos do not face a welfare crisis this winter due to lack of access to funding.
Ireland,Fine Gael Party,Maria WALSH,3350861938,2020-08-05 10:27:14,1290957530949197824,190,Fine Gael Party,702,Wonderful suggestion! Thank you. I know a Rose 🌹 in that neck of the woods too!!
Spain,UP,"Muñoz Dalda, Lucía  ",2578198139,2020-11-25 08:24:58,1331514202440261633,390,UP,523,"Este Gobierno trabaja con el firme compromiso de combatir todas las violencias machistas, avanzando junto al conjunto de la sociedad hacia un futuro en igualdad. En el Día Internacional de la Eliminación de la Violencia contra la Mujer lo decimos alto y claro: #NosQueremosVivas pic.twitter.com/ccEogPMzfK"
Spain,PP,"Moro Almaraz, María Jesús  ",2365318187,2020-09-25 07:11:38,1309390086459490310,392,PP,502,"#AUDIO Herrera: ""Creíamos que el Gobierno iba a tensar las cuerdas, pero está forzando los límites del Estado""➡ Escucha el monólogo de 'Herrera en COPE' 👇 https://t.co/iAl41U7PN3"
France,Les Républicains,Xavier Breton,110940366,2021-06-07 20:44:56,1402003664231931912,155,Les Républicains,609,La Une du @Le_Figaro pic.twitter.com/pBizpMsuHT
Spain,Vox,"Romero Vilches, María de los Reyes  ",3074491774,2020-10-11 20:32:53,1315389931464921089,541,VOX,527,📢ESPAÑA a la CALLE‼️📢R📢DIFUNDE📢T📢📌Se trata de defender al pueblo Español 🇪🇦➡️ TODOS a una contra esta DICTADURA SOCIALCOMUNISTA‼️📢 El momento es    👇👇👇👇👇🇪🇦💪AHORA💪🇪🇦#120ALaCalle#LAÑESTÁENPELIGRO pic.twitter.com/M9fYAut9ER
Spain,PP,carolina españa reina,700630213462401024,2020-07-15 12:16:46,1283374948061523969,392,PP,502,"▶️ @CarolinaEspanaR recuerda a José Mª Martín Carpena, asesinado por ETA hace 20 años:""Sirva hoy su recuerdo para remover conciencia de quien quieren blanquear la historia del terrorismo y de quienes lo ampararon y aun hoy siguen amparándolo"".@populares @ppandaluz @PPMalaga pic.twitter.com/OHOck89yXv"
Germany,Alliance 90/The Greens,kai gehring,110368456,2021-04-07 10:20:56,1379740970703593473,423,Alliance 90/The Greens,304,"Für die effektive Bekämpfung der #CoronaPandemie müssen die Impfstoffe weltweit möglichst rasch und fair verteilt werden.Das ist eine Frage der Solidarität, aber auch die Voraussetzung zur tatsächlichen Eindämmung der Pandemie.#Weltgesundheitstag pic.twitter.com/psWa2URC8K"
Spain,VOX,Hermann TERTSCH,257332880,2021-05-04 06:10:58,1389462539277377537,541,VOX,527,"#Opinión ""Quiero rendir homenaje a todas las buenas madres y, entre ellas, sin que me duelan prendas y sin por ello renunciar al espíritu crítico, a la Madre Patria"". Por @F_Sanchez_Drago https://t.co/rxcrmpRxRt"
Spain,Partido Socialista Obrero Español,César LUENA,163029352,2021-05-26 05:10:28,1397419845646536706,192,Partido Socialista Obrero Español,501,El retorno literario del exilio español https://t.co/Ts6lTXPq00 vía @el_pais
Greece,N.D. (New Democracy),Dendias Nikolaos - Georgios,236744081,2021-04-16 18:23:58,1383124021445865481,137,N.D. (New Democracy),402,"Η Ελλάδα επιδιώκει να οικοδομήσει σχέσεις καλής γειτονίας με όλες τις χώρες της περιοχής, χωρίς καμία εξαίρεση. Η σημερινή μας συνάντηση δίνει μια επιπλέον δυναμική προς αυτή την κατεύθυνση. #PaphosMeeting2021"
Spain,PP,"Rojas García, Carlos  ",158846236,2020-11-05 14:12:35,1324353925814853638,387,Cs,526,"Desde el 🅿️🅿️ de Granada, hemos trasladado nuestro pésame a la familia popular del distrito Genil tras la pérdida de nuestro compañero Resti Valverde, quien nos dejó días atrás. 😢 pic.twitter.com/qvl9T1jfJt"
France,En Marche,Éric Bothorel,162094209,2020-04-06 16:29:20,1247199721741004800,149,En Marche,626,"Coronavirus : la #5G victime de la théorie du complot..,  https://t.co/UQgGkNc8NJ"
France,Europe Écologie,David CORMAND,525436041,2021-05-25 20:00:59,1397281562991996931,330,Europe Écologie,605,"Pour un élevage éthique, socialement juste et soucieux du bien-être animal, les pratiques doivent changer !Signez la pétition pour soutenir la proposition de loi présentée demain par @EstherBenbassa et le groupe @ecologistesenat ➡️ https://t.co/IYyeuIr23r pic.twitter.com/xrDjtWaIql"
Italy,PARTITO DEMOCRATICO,ASCANI Anna,492325083,2020-02-01 17:38:55,1223662024015667201,108,PARTITO DEMOCRATICO,802,"Cultura, Ascani: investire in formazione giovani per valorizzare nostro immenso patrimonio @AnnaAscani @MiurSocial @_MiBACT @dariofrance @AzzolinaLucia https://t.co/yXRIOVEZ1P"
Germany,CDU/CSU,matthias hauer,1158585210,2020-06-14 12:04:19,1272137792487915522,420,CDU/CSU,301,"Der Begriff #Rasse sollte im #Grundgesetz ersetzt werden. Es gibt keine biolog Grundlage für Menschenrassen. Merkmal wurde als Reaktion auf #Rassenwahn der #Nazis aufgenommen. Heute würde Verfassungsgeber so nicht formulieren, auch wenn der Begriff völkerrechtl verankert ist. 1/2"
Poland,Civic Coalition,Urbaniak Jarosław,3437755967,2020-07-08 22:20:59,1280990291890188302,482,Civic Platform,2603,"My głosujemy na Rafała Trzaskowskiego🇵🇱. Dlaczego?📺Zobacz. ⁦@Hetman_K⁩, Jarosław Kalinowski😊👍🍀 pic.twitter.com/f20BePkGQY"
Poland,United Left,Żukowska Anna Maria,941899796,2020-10-31 21:43:23,1322655432071065600,575,United Left,2620,"No właśnie!A przy okazji wątku. Ja wspieram moją lokalną knajpę Pasta i Basta. A ona wspiera mnie i nas ❤️Pyszne włoskie żarcie (pizza, pasta), najlepsza zupa rybna w mieście, genialny stek i rewelacyjne pielmieni 🍝🍴#StrajkKobiet pic.twitter.com/tZys3zZ0g0"
Belgium,Vlaams Belang,Troosters Frank,185283970,2021-05-25 17:44:39,1397247253954375690,334,Vlaams Belang,112,"Rechts-extremist is het nieuwe racist.Waarom zijn er problemen met migranten? Vlamingen zijn racisten.Waarom is er steun voor JC? Vlamingen zijn rechts-extremisten.Kijk niet naar de échte problemen, gebruik geen argumenten, roep gewoon een scheldwoord en het debat is dood."
Sweden,Lib,"Avci, Gulan ",28527773,2021-08-10 05:38:28,1424968368721965073,41,Lib,1604,”Det är inte rimligt att ge alla som samarbetat med Sverige asyl” är justitieministerns svar ang afghanska tolkarna till @sr_ekot. Ett ohederligt och vilseledande svar. Att ge asyl till dem som riskerat sina liv för att hjälpa svenska soldater är inte vilka som helst. Skamlöst!
Austria,"The New Austria and Liberal Forum ",Brandstötter Henrike,278921219,2021-04-03 13:02:10,1378331995613331456,480,"The New Austria and Liberal Forum ",1306,"Mit 1.1.2021 ist übrigens AfCFTA gestartet, die afrikanische Freihandelszone. Prozess dauert noch (einheitliche Grenzkontrollen, Zölle etc), am Ende werden 54 Staaten mit 1,2 Milliarden Menschen einen Binnenmarkt bilden."
Poland,United Left,Falej Monika,2860103476,2020-04-29 15:52:00,1255525248709079042,575,United Left,2620,"Mały sukces @HannaGillPiatek, ale jaki wielki dla lokatorek i lokatorów. Brawo ! https://t.co/muC1tYApEI"
Spain,Partido Socialista Obrero Español,SERGIO GUTIERREZ PRIETO,162055437,2021-04-14 12:48:29,1382314819618025474,192,Partido Socialista Obrero Español,501,"👉🏼 Lo suyo ya no es el “sálvese quien pueda”, es mucho peor, es el “sálvese quien tenga”.@Adrilastra al PP  #PlanEspañaPuede pic.twitter.com/H19O3MM6Pb"
Spain,PODEMOS,Miguel URBÁN CRESPO,392199690,2020-09-18 10:58:19,1306910416614940674,202,PODEMOS,525,@MiguelUrban thank you for signing our petition calling for radical change in EU migration policies. The fire at Moria camp was inevitable. We have to break this cycle of suffering. Please share it widely. Thank youhttps://t.co/imQzcIXe3j
Poland,Civic Coalition,Kluzik-Rostkowska Joanna,904085023,2020-05-02 20:09:39,1256677253070704641,482,Civic Platform,2603,"W. Frasyniuk: „Polska lewica nie rozumie podstawowej zasady, że aby dać, trzeba mieć. A skąd państwo ma? Od przedsiębiorców, którzy tworzą nasze PKB.”..."
Germany,AfD,Frank Pasemann,1490376331,2020-06-01 10:06:54,1267397202751733763,427,AfD,310,#FDP setzt sich FÜR #Muezzin-Ruf ein+damit die weitere Islamisierung D's. Ein Fraktionschef in #NRW ist FÜR die muslimische Beschallung ganzer Städte! #afd #CDU dagegen. Die #lindner-Partei liefert erneut Beweis für ihre absolute Überflüssigkeit!https://t.co/Vq6SmVm5PH via @wdr
Slovenia,Slovenian Democratic Party Deputy Group,"Janša Janez [Ivan] ",258856900,2020-12-08 13:50:17,1336307113115721734,25,Slovenian Democratic Party Deputy Group,2902,"And we look forward to using your port in the Adriatic Sea, Koper, to have it as an entry point for Israeli products to Europe as well. We are well under way going in that direction."
Poland,Civic Platform,marta golbik,3823794201,2020-11-14 21:04:11,1327718996234395648,482,Civic Platform,2603,"Każdy dzień chłopaczkowatego uporu p. Dudy przed uznaniem, że nowym prezydentem USA będzie Joe Biden, pogłębia straty międzynarodowe Polski.Grow up! pic.twitter.com/mfCo79Dvs7"
France,En Marche,Albane Gaillot,315284579,2020-03-20 10:11:25,1240944022912479232,149,En Marche,626,[ Artistes et techniciens intermittents du spectacle - Crise sanitaire COVID-19]Audiens met en place un dispositif d’aide ponctuelle exceptionnelle à destination des artistes et techniciens intermittents du spectacle en difficulté. Plus d’informations : https://t.co/QTyEOAojsT pic.twitter.com/56Bu1O4AuY
Italy,FORZA ITALIA - BERLUSCONI PRESIDENTE,ROTONDI Gianfranco,87467449,2020-02-26 09:24:01,1232597173122060288,107,FORZA ITALIA - BERLUSCONI PRESIDENTE,815,Non voglio immaginare di cosa sarebbero stati capaci questi dilettanti-con la epidemia di colera che colpì #Napoli nel #1973 e chr fu gestita bene dalla tanto deprecata #primarepubblica. @alearesu @grotondi
Italy,Lega,Angelo CIOCCA,493153944,2021-02-07 17:13:01,1358463791399337990,264,Lega Nord,811,“A volte è meglio tacere e sembrare stupidi che aprir bocca e togliere ogni dubbio”. Oscar Wilde #7febbraio pic.twitter.com/0JjSXJ9L9f
Sweden,Centerpartiet,Abir AL-SAHLANI,18690932,2020-08-06 11:56:01,1291342259292692481,206,Centerpartiet,1603,"The @EU_Commission is mobilising over €33 million for 🇱🇧’s first emergency needs, including an €8 million contract with @RedCrossLebanon under the #EUTFSyria, which is part of the €55 million COVID-19 assistance package adopted in June. More info➡️https://t.co/lNrFJXGS8W pic.twitter.com/f7ma1nPsn0"
Denmark,The Red-Green Alliance,pernille skipper,611076925,2020-04-02 11:31:02,1245675099988033536,409,The Red-Green Alliance,213,"De @almeneboliger er kernen i en menneskelig infrastruktur, der løfter. Under #Covid_19 og altid. Tak til de boligsociale medarbejdere, gode samarbejdspartnere, NGO'er og frivillige #dksocial #dkbolig #dkpol #samfundssind @niddaleljabri @rikkeloenne https://t.co/xOpkgY7bBo"
Netherlands,VVD,Daniel  Koerhuis,115774132,2021-07-02 16:54:34,1411005389408198663,66,People's Party for Freedom and Democracy,1003,Goede vraag waarom @KajsaOllongren niks doet. We moeten die makelaars die zich blijken te gedragen als kleine maffiabaasjes aanpakken.Ik heb mondelinge vragen voor dinsdag aangemeld! https://t.co/1h3n8kWxyi
Germany,Alliance 90/The Greens,agnieszka brugger,172269309,2020-05-20 15:05:19,1263123645238476800,423,Alliance 90/The Greens,304,"Heute Abend noch nichts vor & Lust, über globale Solidarität in der #Corona-Krise zu sprechen? Um 20 Uhr startet unser Live-Stream mit spannenden Gästen. Einfach reinklicken & mitdiskutieren! https://t.co/8KfA9LE3Lg @GrueneBundestag pic.twitter.com/BeX3GhXLDY"
Spain,PsdeG-PSOE,"Cancela Rodríguez, Pilar  ",1042939466,2021-08-14 21:28:48,1426657078668562433,389,PSOE,501,Paréceme unha campaña fantástica! Parabéns a todas as Delegacións do Goberno implicadas e a @jose_minones . #NonCamiñasSoa💜 https://t.co/ZDzcasAbY5
Belgium,"Ecologistes Confédérés pour l'organisation de luttes originales Groen ",Calvo Kristof,222893593,2020-06-15 19:02:28,1272605410181222402,458,Ecolo-Groen,104,"En (3/3): speculaties over federale coalitie woeden weer volop, bij afwezigheid van duidelijkheid. Helaas. Maar over plek van België in Europa hoop ik dat we morgen in parlement meerderheid vinden: pro samenwerking & solidariteit 🇧🇪🇪🇺"
Slovenia,Slovenian Democratic Party Deputy Group,jelka godec,267650499,2020-02-22 21:05:11,1231324075605315584,25,Slovenian Democratic Party Deputy Group,2902,"Se strinjam. Poglejte malo na “drugo stran”. Baje politiziramo, ustrahujemo ljudi, ustvarjamo paniko, ker zahtevamo transparentnost...Ko smo obravnavali na seji primer Anhovo, so rekli, da se z netransparentnostjo ustvarja panika. #razumikdormore"
Denmark,The Socialist People's Party,Jacob Mark,2373406198,2020-05-08 06:37:04,1258647086150684674,411,The Socialist People's Party,206,"Jeg er glad for at højskolerne og kulturlivet er med i fase 3. Indtil da skal vi have lavet gode hjælpepakker for dem som kan sørge for, at vi også har højskoler, kunst og kultur, når de åbner i juni måned. Det vil vi straks tage initiativ til #dkpol"
France,En Marche,Alexandre Holroyd,2863717025,2020-06-08 11:16:08,1269951339431329794,149,En Marche,626,"#postcovid : ""Formons la France ! la variable clé pour accompagner les Françaises et les Français, c’est la formation aux métiers de demain"". #LHeureH @BFMBusiness @hchevrillon @BFMTV pic.twitter.com/1syEj8v5wm"
Spain,PP,ana belén vázquez blanco,397867366,2021-07-13 07:44:00,1414853102071648256,387,Cs,526,"No olvides #Marlaska no te quiere ni la @guardiacivil , @policia  , #funcionariosprisiones ,ni Sánchez …sigues xq otro le dijo que no aceptaba!Ni dignidad para irte!Pedro Sánchez intentó cesar a Marlaska el viernes pero no encontró el recambio adecuado https://t.co/tkHWkg3Xum"
Spain,Vox,"Contreras Peláez, Francisco José  ",192834709,2020-11-22 20:57:14,1330616352651030529,541,VOX,527,"2) No niego que se perdiera talento en el exilio. Hubiera ocurrido también si hubiese triunfado el bando rojo. Consecuencia inevitable de una guerra civil.Pero el mito progre del franquismo como ""erial cultural"" es infumable: https://t.co/fJJNqEKznW"
Spain,Ciudadanos – Partido de la Ciudadanía,María Soraya RODRÍGUEZ RAMOS,380200858,2020-10-23 09:36:02,1319573284288106497,260,Ciudadanos – Partido de la Ciudadanía,526,Estupenda moderación de @MariaenEUropa para un debate brillante sobre Pacto verde y transición ecológica #UEPostCOVID y enhorabuena a los ponentes @lazarotouza @javilopezEU @sorayarr_  por su claridad y por su alegato por el necesario consenso del que estamos tan necesitados pic.twitter.com/nkHzzrC2We
United Kingdom,Conservative Party,ANDREW LEWER,3320682953,2021-05-11 09:16:52,1392046035275550722,179,Conservative Party,1101,"""We need to let local areas draw down the powers that they need to meet local needs, without jumping through Whitehall hoops"".@ALewerMBE urges the government to ""turbo charge devolution"" in Queen’s Speechhttps://t.co/RtFIUkH7FT"
Poland,United Left,Żukowska Anna Maria,941899796,2021-01-28 08:31:24,1354708642776416257,575,United Left,2620,Bzdura. https://t.co/oaH2YP9wDz
France,Liste Renaissance,Irène TOLLERET,923116072856846336,2020-05-12 09:22:45,1260138334342479872,519,Liste Renaissance,626,Tellement fière de pouvoir amplifier la voix de 10 femmes ! @VerdierJouclas @helenadalli @VTrillet_Lenoir @NathalieLoiseau @s_yoncourtin @ValerieHayer @SophieintVeld @karmel80 @samiraraf @sorayarr_ https://t.co/eFa43PjeO0
Spain,PP,"Carazo Hermoso, Eduardo  ",242430168,2021-04-20 17:15:07,1384556244170645506,392,PP,502,"""González dejó miles de parados como legado de su Gobierno, Zapatero dejó a uno de cada dos jóvenes que querían trabajar sin empleo y con Sánchez la tasa desempleo juvenil en España se eleva por encima del 40%, a la cabeza de UE"".👉 @educarazo pic.twitter.com/JuGJqtnGO4"
Italy,FORZA ITALIA - IL POPOLO DELLA LIBERTA - BERLUSCONI PRESIDENTE,laura ravetto,587805027,2020-01-24 11:18:50,1220667268935405568,107,FORZA ITALIA - BERLUSCONI PRESIDENTE,815,se in Emilia Romagna la sinistra è stata tanto brava e va tutto tanto bene perché i sondaggi oggi danno un testa a testa tra centrodestra e centrosinistra quando nei 5 anni precedenti al loro governo con Bonaccini la sinistra vinceva su di noi 80 a 20??!! Ieri sera su @rete4 pic.twitter.com/xgOaPhmQ8b
Finland,National Coalition Party,Timo Heinonen,27205855,2021-04-14 13:20:51,1382322963316367363,163,National Coalition Party,1402,STT on yrittänyt saada vastausta #pääministeri Marinilta? Miksi pääministeri @MarinSanna ei halua @STTuutiset vastata?
Germany,DIE LINKE.,FABIO DE MASI,14784765,2021-01-18 08:34:39,1351085583830048770,204,DIE LINKE.,306,Es wird immer absurder. Nach Bekanntwerden des #Wirecard-Skandals knöpfte sich @OlafScholz die Prüfer von #EY vor. Zeitgleich ließen sich seine Staatssekretäre @W_Schmidt_ und @joergkukies von EY schulen https://t.co/yeJix5w4Gu? @handelsblatt @florian_toncar @FabioDeMasi
Czech Republic,Křesťanská a demokratická unie - Československá strana lidová,Tomáš ZDECHOVSKÝ,796413882,2021-04-14 14:07:57,1382334815719002116,294,Křesťanská a demokratická unie - Československá strana lidová,2104,Tohle není Agent bez minulosti. Současný premiér s krycím jménem #Bureš podle materiálu vědomě spolupracoval s #STB.https://t.co/kSGGTSm5q1
Netherlands,SGP,Kees van der Staaij,118666416,2021-01-29 08:03:30,1355064009951748102,71,Reformed Political Party,1006,Kijk vanaf 10:00 uur live naar de les van schoolmeester @keesvdstaaij. De les is te volgen via YouTube: https://t.co/Hj7lCHq7CL. pic.twitter.com/sAYLawcBnf
Germany,CDU/CSU,matthias hauer,1158585210,2021-02-28 17:43:13,1366081538258067456,420,CDU/CSU,301,Sehr treffendes Statement unseres Generalsekretärs @PaulZiemiak 👍🏻👍🏻 - leider schweigen @spdde und @Die_Gruenen zur „Neuausrichtung“ ihres Wunsch-Mehrheitsbeschaffers. #noR2G https://t.co/6Bo1u3dLln
Poland,Civic Platform,sławomir nitras,74463657,2020-07-15 23:03:10,1283537620958687234,482,Civic Platform,2603,".@Gasiuk_Pihowicz: Gdzie w państwie PiS jest prokuratura? Myślałam, że jak będziecie rządzić to chociaż złodziei dobrze będziecie łapać, a wy nawet tego nie potraficie!"
Poland,Law and Justice,Tułajew Sylwester,164761542,2020-05-20 18:12:24,1263170727894802437,483,Law and Justice,2605,Dziś swoje święto obchodzą pierwsze w Polsce sześcioraczki. Urodzinowe życzenia tym wyjątkowym maluchom i ich rodzicom złożyła Para Prezydencka. #Duda2020 pic.twitter.com/7r3KJDe0nM
France,Les Républicains,Marine Brenier,96111834,2020-04-23 15:05:33,1253339232279490561,155,Les Républicains,609,"Enfin, nous avons discuté avec Dominique Libault de la nécessité de prendre des mesures fortes pour le grand âge et l’autonomie, et d’une meilleure gestion des ressources accordées au médico-social et à la santé, dans un contexte de crise qui devrait perdurer dans le temps."
United Kingdom,The Brexit Party,Brian MONTEITH,620893984,2020-10-20 06:52:58,1318445086720610304,511,The Brexit Party,1110,"Excellent, especially on what it foretells about the horrible process of ripping Scotland out of the UK. https://t.co/nUbymi6G6a"
France,En Marche,Anne-Laurence Petel,1415195768,2021-01-17 09:43:32,1350740528502083584,149,En Marche,626,Allez hop! #PiecesJaunes s'adapte à la crise sanitaire.➡️ On donne par SMS 92 111 ou par internet https://t.co/11T1cRgluq  👇Et la promo est très drôle 😁 https://t.co/iqBFfvac2R
Spain,PSOE,pere joan pons sampietro,22079985,2020-01-23 08:20:43,1220260054697414656,389,PSOE,501,"Hoy hemos logrado el primer gran acuerdo social de la legislatura: la subida a los 950 euros del salario mínimo. Es un gran orgullo para esta ministra y para este Gobierno haber iniciado esta nueva etapa: la del Diálogo en mayúsculas, codo con codo con todos los agentes sociales pic.twitter.com/wALMYhxn1d"
France,Liste Renaissance,Irène TOLLERET,923116072856846336,2020-04-09 15:22:52,1248270160252805122,519,Liste Renaissance,626,"We must ensure that fundamental EU values of equality & non-discrimination are as strong as ever in the current circumstances.Along with @NicolasSchmitEU & @SKyriakidesEU, I urge Member States to ensure that vulnerable groups receive the needed support during the #COVID19 crisis pic.twitter.com/xnDSJR5ZET"
Poland,Civic Platform,cezary tomczyk,52367150,2020-04-09 10:50:01,1248201493641154560,482,Civic Platform,2603,"Kto uzna takiego prezydenta? Cywilizowany świat wyników takich wyborów może nie uznaćMój komentarz do hucpy przy skrzynkach pocztowych, jaką Polsce chce zafundować #PIS⬇️⬇️⬇️https://t.co/VrBQi1Ec9P"
France,En Marche,Guillaume Chiche,864228297613479938,2020-03-31 15:50:03,1245015509533200384,149,En Marche,626,"#Niort @Mairie_Niort ouvre un nouveau lieu d’accueil pour les sans-abri en partenariat avec la Protection civile. La mise en relation s'effectue toujours par le biais du numéro d'urgence du SAMU social, le 115. https://t.co/VRmqFyEr2h pic.twitter.com/QRxo19S5aB"
Ireland,Fianna Fáil,brendan smith,430714461,2020-06-09 20:40:14,1270455688683229184,126,Fianna Fáil,701,At tonight’s @RenewEurope group meeting @MichelBarnier presented this interesting analysis of how important the EU & UK are to each other in terms of trade. We need a successful resolution to the negotiations to avoid catastrophe. pic.twitter.com/dQg23nrrGs
Germany,SPD,Cansel Kiziltepe,23248102,2020-08-06 09:16:47,1291302189865082880,421,SPD,302,Ich bin fassungslos! Ich habe selten so einen fairen und lieben Menschen kennengelernt. Ich bin sehr sehr traurig. Mein herzliches Beileid. https://t.co/RPrAviL45x
Germany,FDP,Nicola Gertrud Beer,828623998921629696,2020-09-07 13:47:57,1302966842663800835,177,Freie Demokratische Partei,303,"#Lukashenko must immediately release those who have been abducted. #EU should consider a fact-finding mission with #EEAS & #OSZE. Possible torture must be avoided at all costs. Call for video-presence of #Kolesnikova in @EP_ForeignAff, to protect her. #Rodnenkov #Kravtsov @ALDE"
Poland,Civic Coalition,Nowacka Barbara,291740186,2020-05-22 15:17:49,1263851566492196874,574,Civic Coalition,2619,"❗️Jesteśmy po kontrolach poselskich w Ministerstwie Nauki i Szkolnictwa Wyższego oraz Narodowym Centrum Badań i Rozwoju. 🔹 Nie ulega wątpliwości, że #AferaSzumowskiego to największy skandal w historii polskiej polityki. pic.twitter.com/Cbvql2vmr1"
Varsinais-Suomi,Vihreä liitto,Ville NIINISTÖ,333954467,2020-07-01 07:51:28,1278234754177994753,164,Green League,1408,"Today online at 11(CET) MEP @VilleNiinisto, Marco Fritz @EUScienceInnov, Andreas Baumüller @WWFEU & Finnish leading biodiversity researchers discussing the role of #science & #education in safeguarding global #biodiveristy #EUBiodiversity. Registration: https://t.co/m8wIp4dZML pic.twitter.com/mPet1ILTOu"
Greece,N.D. (New Democracy),Lazaridis Makarios,189807100,2021-04-11 10:35:00,1381194061315465224,137,N.D. (New Democracy),402,Για να καταλάβετε πως θα ήταν με ΣΥΡΙΖΑΠρόεδρος Συλλόγου Εστίασης Πάργας: Ο Τσακαλώτος είπε ότι η εστίαση δεν είναι προτεραιότητα του ΣΥΡΙΖΑ pic.twitter.com/qUytISyUwO
Latvia,"For Development/For! ",Vita Anda Tērauda,20590232,2020-04-07 12:41:28,1247504766860754947,95,"For Development/For! ",2417,"Operatīvs un precīzs atbalsts Latvijas komercmedijiem krīzē - šodien lemts, ka valsts tiem piešķir 2,04 miljonus eiro. Tagad tikpat svarīgi turpināt ar lēmumiem sabiedrisko mediju atbalstam, par ko būs jālemj jau tuvākajā laikā. https://t.co/L7UpNSAzDa"
Poland,United Left,Maciejewska Beata,1126342838,2020-03-11 08:35:06,1237658294120058882,575,United Left,2620,"💬 Musimy stworzyć poczucie, że nikt nie pozostał sam w tej trudnej sytuacji. Musimy pokazać, że państwo ma kontrolę nad sytuacją. Pakiet antykryzysowy Polska 2020 to moja odpowiedź na tę trudną sytuację, którą obecnie mamy. 📌 Warszawa 🇵🇱 #Biedron2020"
Netherlands,Democrats 66,jan paternotte,25893416,2021-05-28 07:05:28,1398173561341329408,70,Democrats 66,1004,Wat een schandalige intimidatie van een Nederlandse bewindspersoon.
Netherlands,Forum voor Democratie,Derk Jan EPPINK,191409618,2020-03-29 19:21:46,1244344015325220865,530,Forum voor Democratie,1051,Het coronavirus stelt de politiek voor vreselijk moeilijke keuzes. In zijn nieuwe column denkt @Rob_Roos namens #FVD constructief mee over haalbare oplossingen. https://t.co/YfEZtVuzbV
Finland,Left Alliance,anna kontula,203126022,2021-02-07 14:39:39,1358425193123840002,167,Left Alliance,1404,Sitä se kapitalismi teettää.
Spain,JxCat-JUNTS,"Illamola Dausà, Mariona  ",441732574,2021-06-03 12:09:53,1400424499003207680,590,JxCat-JUNTS,550,📺 @assumpcas: “Presentem una moció per l’execució de les obres de l’estació intermodal de l’Aerport de Reus. És un projecte imprescindible per la vertebració del territori català. I és també una reivindicació històrica del conjunt de la demarcació de Tarragona.” pic.twitter.com/66Plrx3XVN
Poland,Law and Justice,Zyska Ireneusz,877868124984442880,2020-07-21 20:57:44,1285680380432056320,483,Law and Justice,2605,"🇵🇱 Prezydent @AndrzejDuda: Obiecuję wszystkim moim rodakom, że będę czynił wszystko, aby pięć lat mojej prezydentury było budowaniem Polski spokojnej, bezpiecznej, jak najbardziej dostatniej, rozwiniętej. https://t.co/YC5snNYYZ0 pic.twitter.com/U50j8w1N31"
Italy,PARTITO DEMOCRATICO,ORLANDO Andrea,496437886,2021-07-01 10:11:12,1410541491978649600,108,PARTITO DEMOCRATICO,802,"👷⚙️✅La nuova verifica di congruità nel #SettoreEdileIl ministro @AndreaOrlandosp ha firmato lo scorso 25 giugno il Decreto, ora al vaglio della Corte dei Conti▶️https://t.co/nAV1jzMQON(1/2) pic.twitter.com/FsOFzUgWIq"
Spain,PSOE,"García Gómez, Valentín",353808961,2020-06-03 12:13:21,1268153797232254976,389,PSOE,501,"La política y las instituciones son las únicas herramientas que tenemos para hacer frente, como comunidad, a los retos que se nos presenten. Y sin el estado de alarma no habríamos doblegado la curva de la pandemia. 🗣️ @Adrilastra #NadieSeQuedaAtrás pic.twitter.com/407CARUUAv"
Spain,PP,juan ignacio zoido álvarez,169843986,2020-12-11 08:00:00,1337306122500202501,201,Partido Popular,502,"Hace 33 años que ETA asesinó a Pedro Alcaraz, José Ignacio y Silvia Ballarín, Esther y Myriam Barrera, Rocío y Emilio Capilla, José Joaquín y Silvia Pino, Carmen Fernández y Dolores Franco con un coche bomba en la casa cuartel de la @guardiacivil de Zaragoza. #memoria pic.twitter.com/jHu1spP9sM"
Spain,PSOE,"Pons Sampietro, Pere Joan  ",22079985,2021-03-18 08:32:36,1372465948913979394,389,PSOE,501,Siguiendo de forma telemática el pleno de esta mañana en el @Congreso_Es con el primer punto del orden del día https://t.co/QEURnyHjXF pic.twitter.com/GckuvkYFhZ
France,En Marche,Monique Limon,867852249673891840,2020-09-20 13:00:28,1307665935151566852,149,En Marche,626,"Le temps presse pour libérer @NasrinSotoudeh qui après 39 jours de grève de la faim, se trouve hospitalisée dans un état critique. Ne lâchons rien pour libérer cette avocate militante des droits humains et du #droitdesfemmes. pic.twitter.com/a9YJgnsuom"
Poland,United Left,Żukowska Anna Maria,941899796,2021-03-06 12:40:08,1368179588484988929,575,United Left,2620,"Nie, dzisiaj się kłócę z @SamPereira_ o kierunki polityki lewicy 🤓"
Poland,Law and Justice,michał jach,1469602327,2020-05-02 19:21:00,1256665010002108416,483,Law and Justice,2605,"Obchodzimy #DzieńFlagi oraz #DzieńPolonii i Polaków za granicą. Nie bez powodu te dwa święta są tego samego dnia. Biel i czerwień zapisane są przede wszystkim w sercu. Wszystkim Polakom - w kraju i zagranicą - życzę, by Polska się zmieniała, ale zawsze zachowała swoją tożsamość. pic.twitter.com/um4jlGldGG"
Slovenia,Slovenian Democratic Party Deputy Group,"Doblekar Boris ",156544230,2020-10-26 22:46:08,1320859283349774336,25,Slovenian Democratic Party Deputy Group,2902,"Tranzicijska levica obvladuje 90 odstotkov slovenskih medijev! Kaj sploh želi predsednica SD Tanja Fajon? Morda, to, da kot v prejšnjem totalitarnem komunističnem režimu spet obvladujejo praktično vse medije? https://t.co/JKdLF5Anzw pic.twitter.com/ZOeM54hinU"
United Kingdom,Labour Party,JULIE WARD,1354570123,2020-12-01 20:22:25,1333869079183101953,193,Labour Party,1102,Democratic #education #training systems a must for bringing #citizenshipeducation from theory to practice! Our director at @ECITFound' Conference calls for cross-sector cooperation & #lifelonglearning to build sustainable societies!https://t.co/7JW4fV5mTE#LLLWeek2020 #ECIT2020 pic.twitter.com/miFb79HXuc
France,En Marche,Jean-Charles Colas-Roy,864042960119320576,2021-06-08 16:55:08,1402308220711018504,149,En Marche,626,🌱 Faisons de nos combats personnels sur la #transitionecologique des actions collectives.👉 Venez partager vos propositions et soutenir les causes de citoyens engagés sur la plateforme https://t.co/bItAu2jVFA et sur https://t.co/kfBio3kOMZ.#PouruneCause @ecologienmarche
Italy,FORZA ITALIA - BERLUSCONI PRESIDENTE,BERGAMINI Deborah,92556620,2021-04-29 07:42:14,1387673564036440065,107,FORZA ITALIA - BERLUSCONI PRESIDENTE,815,"""Non è uno strumento propagandistico la commissione d'inchiesta, che mi sembra debba essere vista come un'opportunità che si dà al paese per capire le responsabilità di una gestione della pandemia che ha colpito l'Italia come primo paese occidentale"".@DeborahBergamin#agorarai pic.twitter.com/v9VAJCOWIo"
Poland,Law and Justice,Zubowski Wojciech,875584567,2021-08-06 20:06:33,1423737278753554433,483,Law and Justice,2605,"#PolskiŁad na jednej infografice - prosto, zwięźle i przejrzyście.🇵🇱📊 📈 https://t.co/y1jbUpJOan pic.twitter.com/QHEBnna67u"
Sweden,Lib,"Malm, Fredrik ",20068313,2020-04-29 15:17:04,1255516458307792896,41,Lib,1604,"Försäljningen av min bok Naftasyndikat går över förväntan, så Carlsson bokförlag har beslutat att göra ett nytryck på 1 000 exemplar. Jag blir väldigt glad över detta! Finns att köpa online, men stötta gärna fysiska bokhandlare i denna tuffa tid!"
Poland,Civic Platform,joanna kluzik-rostkowska,904085023,2021-01-08 18:19:47,1347608956924030979,482,Civic Platform,2603,"Pomożecie również tym razem? Proszę o RT i oczywiście zapraszam zainteresowanych adopcją. Suczka, znaleziona w szopie na wiosce. Obowiązuje procedura adopcyjna. #nieKupujAdoptuj pic.twitter.com/tuMP6QnHsS"
Finland,National Coalition Party,Pia Kauma,41351210,2021-02-23 13:02:38,1364198985762820103,163,National Coalition Party,1402,"Ihmettelen, että pääministeri @MarinSanna ei ota selvää kantaa sotelain muuttamiseksi siten, että Coxan ja Sydänsairaalan jatko turvaataan! Ne ovat osoittaneet toimivansa potilaiden eduksi käytännössä, pitääkö vielä tutkia toimiiko teoriassa? #sydänsairaala #coxa #yhteinenasia"
Varsinais-Suomi,Vihreä liitto,Ville NIINISTÖ,333954467,2021-01-22 14:18:58,1352621782554062848,164,Green League,1408,"Se on sivuseikka, kyllä. Mielestäni tässä Navalnyi-asiassa hienoa oli se, että Suomi kykeni ilmaisemaan demokratiaa ja perusoikeuksia vaalivan kantansa nopeasti ja toimimaan monella taholla, EUn sisällä ja suoraan suhteessa Venäjän valtiojohtoon, linjansa edistämisen puolesta."
Slovenia,Slovenian Democratic Party Deputy Group,"Breznik Franc ",1712334996,2021-06-25 11:45:22,1408390859276656644,25,Slovenian Democratic Party Deputy Group,2902,"7 zlatih🥇,13 srebrnih🥈,20 bronastih🥉medalj -  je 30 letna bilanca osvojenih 🇸🇮 olimpijskih medalj. Ponosen na 🇸🇮 sportnike. Vse najboljse, Slovenija 🇸🇮 #Slovenija30"
Poland,Law and Justice,maciej małecki,2294199122,2020-12-09 16:31:41,1336710115425136646,483,Law and Justice,2605,"Nie mam samochodu,ale WSPIERAM ORLEN.Polskiego Orła.Biało-Czerwonego. pic.twitter.com/XNhfgCchcZ"
Spain,PSOE,"Leal Fernández, Isaura",555395673,2020-10-03 16:10:38,1312424834887036930,389,PSOE,501,"Lo hizo Mariano Rajoy tras la victoria de Zapatero en 2004. Y es lo que está haciendo Pablo Casado con la llegada del Gobierno de coalición.Pero la renovación de las instituciones del Estado es urgente, no puede esperar más ‼️#BloqueoPPInstitucional pic.twitter.com/GDCIjp0mqQ"
Sweden,Mod,"Ericson, Jan ",393890670,2021-08-04 10:03:42,1422860789447380995,42,Mod,1602,Tycker du det är bäst med1. Meningslösa åtgärder eller2. Meningsfulla åtgärder?
Austria,Social Democratic Party,"Matznetter Christoph, Dr.",249404950,2021-02-17 11:39:27,1362003726978924544,479,Social Democratic Party,1301,Klage zurückgezogen: Freispruch für Maurer - https://t.co/Q03DGNmxlG - https://t.co/rwtGZ1nuQw Congrats to Sigi Maurer - verdienter Freispruch in einem unangemessenen Strafverfahren
Italy,PARTITO DEMOCRATICO,PAITA Raffaella,455562995,2020-05-02 20:23:40,1256680779545018370,108,PARTITO DEMOCRATICO,802,"“Tocca a lei, Presidente Conte, decidere: se ci vorrà al suo fianco, noi ci saremo, a condizione di fare le cose che servono agli italiani.Se sceglierà la strada del populismo, non avrà @ItaliaViva al suo fianco. Se prenderà la strada della politica, ci troverà là”@matteorenzi pic.twitter.com/iohBzfKx9Q"
France,En Marche,Jean-Luc Fugit,810591493597630464,2021-03-11 13:42:03,1370007112856780801,149,En Marche,626,"""Gaz vert : rouler et se chauffer grâce à nos déchets !"": le point avec @gazafg  @AFGNV @FNEasso et @AAMF_Agris #biognv #biogaz #TransitionEcologique 👉 @Jean_LucFUGIT @J_Denormandie @barbarapompili @PierreCuypers77 @Senateur_Salmon https://t.co/2uZfXIEVad via @YouTube"
Finland,National Coalition Party,Juhana Vartiainen,229602587,2020-04-29 11:33:28,1255460185604263941,163,National Coalition Party,1402,"Uusi elinkeinotuki, jossa nykyiset sisäpiiriläiset jakavat rahaa suosikeilleen. Ei kiitos. https://t.co/nmeLGxmOfk"
Slovenia,Slovenian Democratic Party Deputy Group,janez janša,258856900,2020-02-12 11:03:28,1227548772336533504,25,Slovenian Democratic Party Deputy Group,2902,"Potem ko je Miro zavrnil funkcijo, ki mu jo ni nihče ponudil, sta včeraj @24ur_com in @RTV_Slovenija poročala, da je odpadel sestanek, ki ga ni nihče sklical. Samosmešenje #MSM ne pozna meja. 😀😅 pic.twitter.com/Dpmo7FwSxW"
Finland,The Left Alliance,Anna Kontula,203126022,2020-06-18 06:02:07,1273496195156107264,167,Left Alliance,1404,Ei vaan kivaa. Laatikon järsiminen on Emman harrastus ja täysin normaalia kissakäytöstä (ymmärtääkseni myös koirat järsivät monista syistä).
Poland,Confederation Liberty and Independence,Braun Grzegorz,1186367483546165248,2020-11-15 10:19:50,1327919227399966720,577,Confederation Liberty and Independence,2619,"""Chcemy Mszy!"" Francuzi gromadzą się przed kościołami i na kolanach proszą Boga o powrót Mszy Świętych https://t.co/MrVqgw9SNO"
Poland,Law and Justice,Milczanowska Anna,713048482622341120,2020-11-13 11:23:56,1327210583029125125,483,Law and Justice,2605,"Premier @MorawieckiM w #KPRM: Rozmawiałem dziś z przedstawicielami Pfizer Polska. Jak tylko szczepionka zostanie zatwierdzona, chcemy być gotowi do tego, aby rozpocząć procedurę szczepień."
Italy,Partito Democratico,BRANDO BENIFEI,87306292,2020-04-16 08:48:51,1250707719159414784,176,Partito Democratico,802,"Accogliamo con favore misure assunte fino a qui da istituzioni europee, ma ora serve alzare il livello delle ambizioni per rispondere ai bisogni concreti dei cittadini, soprattutto i più esposti come indigenti, anziani, persone con disabilità #EPlenary #COVID19 @Europarl_IT"
Poland,Law and Justice,bogdan rzońca,1548724530,2020-11-30 16:20:48,1333445889130700807,223,Prawo i Sprawiedliwość,2605,"„Nieoficjalnie: Za zamkniętymi drzwiami Polskę i Węgry popierało 6 państw. Wiemy, które” https://t.co/e1cpv55qGR"
Italy,Forza Italia,ANTONIO TAJANI,529247064,2020-07-09 08:44:41,1281147248647254016,243,Forza Italia,815,"Sono già passati 14 anni da quel 9 luglio 2006. Quella sera eravamo tutti davanti alla tv a gioire vedendo i nostri azzurri vincere il mondiale. Da amante dello sport e del #calcio, un’emozione indimenticabile. Voi dove eravate quella sera? pic.twitter.com/3adz94hDBH"
Spain,Cs,"Gamarra Ruiz-Clavijo, Concepción",83573034,2021-04-27 11:31:47,1387006559235055617,387,Cs,526,"➡️ La portavoz del @populares en el Congreso de los Diputados, @cucagamarra visita hoy Almería donde conoce el ejemplo de innovación de la agricultura de esta provincia en @coprohnijar pic.twitter.com/Yga2wNWHzu"
Spain,Partit dels Socialistes de Catalunya,JAVI LOPEZ,153388751,2021-01-06 21:30:45,1346932238542385161,349,Partit dels Socialistes de Catalunya,519,La democràcia i el respecte a la llei i a les seves institucions són l'únic camí possible.Els comportaments extremistes i totalitaris són terreny adobat per a la violència i la inestabilitat.La presidència de @JoeBiden tornarà a unir el poble nord-americà. https://t.co/xDHztYUqSp
Greece,N.D. (New Democracy),Georgiadis Spyridon - Adonis,70340615,2020-07-26 04:10:08,1287238751375286272,137,N.D. (New Democracy),402,"Αιγαίο: Προς αποκλιμάκωση, αλλά και σε επιφυλακή -Τι συμβαίνει με το Oruc Reis #iefimerida https://t.co/rRs5A4KG27"
Spain,Vox,"Rodríguez Almeida, Andrés Alberto  ",96874050,2020-07-05 20:09:12,1279869962547494914,541,VOX,527,"Cada año se organiza un escrache a la @guardiacivil y sus familias en Oñate. Este miércoles, a las 19.00 horas, estaremos allí @Ortega_Smith y yo. Haciendo frente a los cobardes. #AldeHemendik🤡 pic.twitter.com/p0rjoQCdMU"
Spain,PP,"Cruz-Guzmán García, María Soledad  ",789120175,2020-08-22 07:36:21,1297075120595443712,392,PP,502,"Esto puede que tenga alguna explicación, pero lo que no tiene es justificación. Debería haberse previsto la situación actual. https://t.co/PZvEZSJ3Bq"
Latvia,"For Development/For! ",Dace Rukšāne-Ščipčinska,83447813,2020-06-28 16:54:47,1277284321154433024,95,"For Development/For! ",2417,Kā jau dabiņā… Stārķi viengad savus beigtos bērnus vnk apēda.
Ireland,Social Democrats,catherine murphy,190987689,2021-02-03 14:31:55,1356973699249889281,133,Social Democrats,710,"Home #quarantining is unenforceable. The Taoiseach said as much in the #Dáil today.Travel has been a major weakness in Gov's #Covid strategy from beginning.We need mandatory hotel quarantining, so that we may have prospect of returning domestic life & economy to normality. pic.twitter.com/xPccDHTRVp"
Ireland,Independent,Luke Ming FLANAGAN,54172831,2021-02-13 09:07:07,1360515837275369481,194,Independent,711,They're normally excellent in Castlerea. They would have had to run a 1/4 of the shop yesterday though with all that were at it.
Spain,Vox,"Alcaraz Martos, Francisco José  ",266066285,2020-07-31 15:32:05,1289222308301697024,541,VOX,527,Agradecemos que por fin Ciudadanos se sume a la petición que VOX hizo hace ya unos meses de trabajar en el Congreso durante el mes de agosto.La respuesta de nuestro portavoz @ivanedlm recordándoselo a @BalEdmundo https://t.co/jnpcqIKK5N pic.twitter.com/Qg44DsqZ8G
Netherlands,Forum voor Democratie,Robert ROOS,130406156,2020-09-26 14:52:30,1309868453566861314,530,Forum voor Democratie,1051,"Nog steeds melden @detelegraaf @volkskrant @nos @NRC dat er 38 doden bij gekomen zijn. Formeel is dat waar, maar het waren er wel 21 van voor half april. En dat terwijl de geweldige @mzelst het al kort na kwart over twee geleden correct heeft aangegeven bij zijn dagrapportage. pic.twitter.com/wTx9cQrEOi"
Poland,Civic Platform,arkadiusz myrcha,58348751,2020-10-02 14:29:25,1312036974895738882,482,Civic Platform,2603,Gorąco polecam transmisję z konferencji poświęconej zjawisku samobójstw wśród młodzieży. Gratulacje i uznanie dla @MGolbik za podjęcie tego wyjątkowo trudnego tematu.  https://t.co/w4gNXeHi8U
Sweden,Mod,"Ericson, Jan ",393890670,2020-12-11 16:38:48,1337436682761723909,42,Mod,1602,Sånt här alltså! Det värmer! 😊 https://t.co/Xqsh0PbKUa
United Kingdom,Green Party,Molly SCOTT CATO,726372601,2020-04-22 14:29:48,1252967846885367811,215,Green Party,1107,"'New council army of coronavirus tracers needed'It’s good to see local public health officials beginning to build community shield at local level. If this isn’t happening in your area,  it’s time to put pressure on your councillors#TestTraceIsolatehttps://t.co/FmhTuXCdHP"
Spain,PP,"Cruz-Guzmán García, María Soledad  ",789120175,2020-12-10 22:54:19,1337168796990189570,392,PP,502,Recogida de firmas #StopLeyCelaa de nuestros compañeros de #Triana con nuestro portavoz @BeltranPerezPP y nuestros diputados nacionales  @MarioGarcesSan @solcruzguzman @Milamarcos @teresajbecerril#Sevilla#MasPlurales pic.twitter.com/3wPunGl1oX
Poland,Law and Justice,dominik tarczyński,347228796,2021-03-19 08:47:46,1372832155055894530,483,Law and Justice,2605,Donald Tusk milczy w tej sprawie#wieszwięcej https://t.co/dG693ZGwXV
Greece,N.D. (New Democracy),Voloudakis Manousos - Konstantinos,21152451,2020-03-03 14:04:57,1234842201370263552,137,N.D. (New Democracy),402,"Ο Έβρος είναι πάντα όρθιος. Στο Τμήμα Συνοριακής Φύλαξης Φερών ενημερώθηκα για την κατάσταση. Οι ελληνικές αρχές έχουν τον πλήρη έλεγχο. Το ηθικό είναι ακμαιότατο και η κοινωνία ενωμένη. Ευχαριστώ τις Ένοπλες δυνάμεις, τα σώματα ασφαλείας και τους κατοίκους που βοηθούν. pic.twitter.com/KoOeIhrphW"
Spain,PP,ana belén vázquez blanco,397867366,2020-01-07 20:25:46,1214644316972433408,387,Cs,526,Orgulloso de los 10 diputad@s del @ppdegalicia que dijeron NO a Sánchez. Los únicos gallegos que defenderán nuestra tierra. GRACIAS @anadebande @CelsoDelgadoOU @jaimedeolano @Quin1954 @MartaGlezVzqz @TristanaMg @valentinam @MariaRamallov @DiegoGagoB @javierbasco pic.twitter.com/jmWdNXNLN9
Poland,United Left,Wieczorek Dariusz,2470417238,2020-12-13 16:48:58,1338164016930312194,575,United Left,2620,Oj coś podejrzane te życzenia i to 13 grudnia! Coś Pan Redaktor wie.....😉! Ale wzajemnie! https://t.co/lbtmZjMmsz
Finland,The Left Alliance,Anna Kontula,203126022,2021-04-29 10:13:03,1387711519111225344,167,Left Alliance,1404,"Kyllä niitä aina silloin tällöin tulee, mutta ei näin isoa viestimäärää samasta asiasta ole tainnut tulla minun urani aikana kuin pari kertaa.Jos tulee samaan aikaan useita viestejä, yleensä siinä on jonkinlaista organisoitumista taustalla. Se ei sinänsä poikkeuksellista."
Greece,The Greek Solution,Velopoulos Kyriakos,579067205,2020-02-02 08:43:47,1223889741592104960,568,The Greek Solution,412,Έτσι κάνουν οι Ελληνες!Όποιος παραβιάζει την εθνική μας κυριαρχία ...βυθίζεται! ΑΥΤΗ ΕΙΝΑΙ Η...ΛΥΣΗ! ΒΙΝΤΕΟ ΣΟΚ @ellinikilisi#Oruc_Reis pic.twitter.com/P2bpOr2BmH
Spain,ERC-S,"Salvador i Duch, Jordi  ",326105216,2020-10-22 11:20:53,1319237283598524416,402,"ERC-CATSÍ ",511,En unos minutos estaré en @tv3cat @plantabaixatv3 para analizar la actualidad política. Mucha tela que cortar.
Denmark,The Social Liberal Party,sofie carsten nielsen,16955917,2020-01-18 16:21:06,1218569009014112256,408,The Social Liberal Party,202,"Reel frihed og lige rettigheder først. Før rød og blå, før taktik, før symbolpolitik. Tak for opråb @Saraoomarr! Vi skal sætte endnu mere ind på tværs af partiskel for at bekæmpe undertrykkelse af piger og kvinder i Danmark. Alle steder #dkpol #ligestilling https://t.co/F4oqfNisOk"
Finland,Vihreä liitto,Heidi HAUTALA,92337227,2020-12-14 15:49:07,1338511343847084035,338,"Vihreä liitto ",1408,🆕 Are you a journalist covering the #SakharovPrize for Freedom of Thought? Sign up for tomorrow's online seminar with MEPs @HeidiHautala and @petras_petras and Belarusian opposition leader @Tsihanouskaya. More information ➡️ https://t.co/xZVKzWi4yd 🇪🇺 pic.twitter.com/JBpehhQzwf
United Kingdom,Conservative Party,Daniel HANNAN,85794542,2020-09-07 10:04:10,1302910523462254592,179,Conservative Party,1101,"A reminder that a low rate of corporation tax attracts investment, stimulates growth, creates jobs and thus brings in MORE government revenue than a high rate. pic.twitter.com/RrsoXsg5bT"
Greece,N.D. (New Democracy),Dendias Nikolaos - Georgios,236744081,2020-09-16 17:12:10,1306279723656458242,137,N.D. (New Democracy),402,Στο περιθώριο της στρογγυλής τράπεζας του Economist είχα την ευκαιρία να συνομιλήσω με τον Πρωθυπουργό της Αλβανίας @ediramaal  -  I had the opportunity to discuss with the PM of #Albania @ediramaal in the margins of #EconRoundtableGR pic.twitter.com/fbdmSK1QPJ
Poland,Civic Coalition,Kowal Paweł,96859379,2020-09-16 08:25:14,1306147116809625600,574,Civic Coalition,2619,A summit at ⁦@PISM_Poland⁩ with ⁦@_JakubJanda⁩. In great sunny day we were comparing notes after a joint article in ‘Politico’ (we felt James Sherr of ⁦@ICDS_Tallinn⁩ spirit with us). If you missed our letter read it here: https://t.co/pHh5rppa88 pic.twitter.com/lMsiVmg1jZ
Portugal,Partido Social Democrata,Maria Da Graça CARVALHO,30360274,2021-04-07 07:00:01,1379690408201060352,219,Partido Social Democrata,1206,"Delighted to participate in the E-Conference ""Health Innovation: No Citizen left behind”  to exchange views on patient access to innovative treatments, while making #EU a world-leader in innovation.7 april#WorldHealthDay2021 Link to watch live: https://t.co/ezSxA575rc pic.twitter.com/WZl6bJIYDu"
Latvia,"National Alliance \All For Latvia!\"" – \""For Fatherland and Freedom/LNNK\""""",jānis dombrava,28656558,2020-12-03 15:45:32,1334524175399202818,79,"National Alliance ""All For Latvia!"""" – """"For Fatherland and Freedom/LNNK""""""",2406,"Kas ir multikulturālisms? Cilvēki iedalās divās daļās, atbildot uz šo jautājumu."
Poland,Law and Justice,Milczanowska Anna,713048482622341120,2020-02-15 13:28:11,1228672353607000067,483,Law and Justice,2605,#Konwencja @pisorgpl wśród zgromadzonych#AndrzejDuda2020 🇵🇱✌️🇵🇱✌️🇵🇱✌️🇵🇱✌️🇵🇱✌️🇵🇱 pic.twitter.com/cfevH0IUI3
Poland,Civic Platform,tomasz siemoniak,64759001,2021-08-15 05:45:36,1426782105409892356,482,Civic Platform,2603,"W Święto Wojska Polskiego wyrazy wielkiego szacunku dla Żołnierzy, Weteranów, Emerytów i Pracowników Wojska. A w 101 rocznicę Bitwy Warszawskiej: ""Wstań, ofiarny orle biały,Zbawić ludy jeszcze raz!Marsz, Polaku, w pole chwały,Dzień tryumfu wzywa nas!"" (Artur Oppman Or-Ot)."
Belgium,Open Vlaamse Liberalen en Democraten,Hilde VAUTMANS,700605423,2020-12-01 19:04:42,1333849524373233667,337,Open Vlaamse Liberalen en Democraten,107,Congratulations @charanzova ! Very proud of you! 👏
France,En Marche,Jean-Baptiste Moreau,615337066,2020-10-02 11:31:53,1311992294178983937,149,En Marche,626,"🏛🇫🇷 Déclaration du Président de La République @EmmanuelMacronEn direct des Mureaux dans les Yvelines, le #Président de la #République a dévoilé ce matin le projet de loi visant à lutter contre les #séparatismes. 1/10 https://t.co/YleWJqdpe4"
Sweden,SweDem,"Fransson, Josef ",400001248,2021-06-01 06:36:03,1399615710935068672,37,SweDem,1610,Jag önskar mig ett tryggt och sammanhållet Sverige men alla engagerar sig politiskt av olika skäl. https://t.co/l3ijM3LZtA
Slovenia,Slovenian Democratic Party Deputy Group,janez janša,258856900,2020-09-30 18:01:57,1311365683465330691,25,Slovenian Democratic Party Deputy Group,2902,#PM @JJansaSDS sees #Slovenia among 15 most competitive countries https://t.co/KYX5SngfVs pic.twitter.com/04YLlg77SX
France,Mouvement Démocrate,Marc Fesneau,606371561,2020-04-28 11:40:21,1255099532012130304,152,Mouvement Démocrate,613,🔴 Suivez en direct à 15h la présentation de la stratégie nationale de #déconfinement : ➡️ sur Facebook : https://t.co/wyeotKH52t➡️ sur Twitter : @EPhilippePM pic.twitter.com/6xCVk0ACeO
Spain,Cs,"Martín Llaguno, Marta  ",65325998,2020-07-01 06:24:23,1278212838364938240,387,Cs,526,"Sí quiere un resumen en un titular de por qué los españoles no conseguimos resolver nuestros problemas educativos, es difícil encontrar uno mejor. La identidad es el principal objetivo de la política educativa en la mayor parte de las CCAA, por encima de cualquier otro. https://t.co/2Rv1zsHnLv"
Germany,The Left Party,katja kipping,28066013,2020-05-21 07:25:33,1263370330271342597,422,The Left Party,306,"Gestern Bürgersprechstunde in #Dresden - wegen Infektionsschutz unter freiem Himmel und mit Abstand. Wir sprachen u.a. über #Pflegenotstandstoppen, die Notwendigkeit eines #Mietendeckel/s und übers #BGE. pic.twitter.com/799x7jhWxB"
Poland,Law and Justice,Kowalski Janusz,1150329318633017345,2021-08-12 07:48:34,1425725885819326465,483,Law and Justice,2605,Zdrowia i pomyślności Pawle!
Italy,FRATELLI DITALIA,MELONI Giorgia,130537001,2020-11-11 16:40:54,1326565575229927424,104,FRATELLI DITALIA,844,"Palazzo Chigi fa sapere che #Arcuri sarà responsabile del piano operativo per la distribuzione dei vaccini anti-Covid. Evidentemente Conte punta sull'affidabilità. D'altronde, i risultati raggiunti su mascherine, tamponi, banchi a rotelle e scuole in sicurezza, sono innegabili."
