Model,ΔMAE (RAG-Base),ΔRMSE (RAG-Base),ΔPearson_r (RAG-Base),ΔSpearman_rho (RAG-Base)
Deepseek,0.236,0.3126000000000002,-0.0857,-0.09910000000000002
Mistral,0.08989999999999987,0.20520000000000005,-0.0917,-0.13340000000000002
Openai,0.10139999999999993,0.1522000000000001,-0.06769999999999998,-0.15180000000000005
Xai,0.1612,0.15329999999999977,-0.05049999999999999,-0.06289999999999996
