run_id,model,embedding_model,retrieval_mode,condition,text_index,party,n_chunks,score_top1,score_top5,score_mean,score_variance,score_range,predicted_bias,label_ideology,abs_error
eval_20260722_233914,Ministral-3-8B-Instruct-2512,e5,hyde,e5/hyde,334,CDU,5,0.9449,0.9428,0.94414,8.929999999999876e-07,0.0020999999999999908,6.5,4.7,1.7999999999999998
eval_20260722_233914,Ministral-3-8B-Instruct-2512,e5,hyde,e5/hyde,68,BÜNDNIS 90/DIE GRÜNEN,5,0.94,0.9371,0.9378399999999999,1.5179999999999055e-06,0.0028999999999999027,7.0,2.4,4.6
eval_20260722_233914,Ministral-3-8B-Instruct-2512,e5,hyde,e5/hyde,683,SPD,5,0.9309,0.9249,0.9275800000000001,4.696999999999816e-06,0.005999999999999894,5.8,2.7,3.0999999999999996
eval_20260722_233914,Ministral-3-8B-Instruct-2512,e5,hyde,e5/hyde,399,FDP,5,0.9309,0.9269,0.92974,2.8480000000000166e-06,0.0040000000000000036,5.8,4.3,1.5
eval_20260722_233914,Ministral-3-8B-Instruct-2512,e5,hyde,e5/hyde,216,BÜNDNIS 90/DIE GRÜNEN,5,0.9549,0.948,0.9506599999999998,6.5779999999999944e-06,0.006900000000000017,2.1,2.4,0.2999999999999998
eval_20260722_233914,Ministral-3-8B-Instruct-2512,e5,hyde,e5/hyde,807,SPD,5,0.9317,0.9262,0.92868,4.396999999999926e-06,0.005499999999999949,3.2,2.7,0.5
eval_20260722_233914,Ministral-3-8B-Instruct-2512,e5,hyde,e5/hyde,87,BÜNDNIS 90/DIE GRÜNEN,5,0.9364,0.9334,0.9349599999999999,1.442999999999983e-06,0.0030000000000000027,3.5,2.4,1.1
eval_20260722_233914,Ministral-3-8B-Instruct-2512,e5,hyde,e5/hyde,539,DIE LINKE,5,0.9357,0.9327,0.9344199999999999,2.0869999999999844e-06,0.0030000000000000027,4.5,1.3,3.2
eval_20260722_233914,Ministral-3-8B-Instruct-2512,e5,hyde,e5/hyde,713,SPD,5,0.9348,0.9293,0.93122,4.506999999999908e-06,0.005499999999999949,4.5,2.7,1.7999999999999998
eval_20260722_233914,Ministral-3-8B-Instruct-2512,e5,hyde,e5/hyde,522,DIE LINKE,5,0.945,0.9419,0.94374,1.8430000000000159e-06,0.0030999999999999917,1.2,1.3,0.10000000000000009
eval_20260722_233914,Ministral-3-8B-Instruct-2512,e5,hyde,e5/hyde,772,SPD,5,0.9437,0.9401,0.94176,2.557999999999968e-06,0.0035999999999999366,4.5,2.7,1.7999999999999998
eval_20260722_233914,Ministral-3-8B-Instruct-2512,e5,hyde,e5/hyde,435,DIE LINKE,5,0.9451,0.9406,0.9430799999999999,3.7270000000000653e-06,0.0045000000000000595,1.1,1.3,0.19999999999999996
eval_20260722_233914,Ministral-3-8B-Instruct-2512,e5,hyde,e5/hyde,30,AfD,5,0.9181,0.913,0.91456,4.1280000000000586e-06,0.005099999999999993,5.8,6.5,0.7000000000000002
eval_20260722_233914,Ministral-3-8B-Instruct-2512,e5,hyde,e5/hyde,776,SPD,5,0.9248,0.9237,0.9243399999999999,2.0299999999999082e-07,0.0010999999999999899,4.5,2.7,1.7999999999999998
eval_20260722_233914,Ministral-3-8B-Instruct-2512,e5,hyde,e5/hyde,434,DIE LINKE,5,0.943,0.9402,0.9414999999999999,1.0399999999999263e-06,0.0027999999999999137,1.2,1.3,0.10000000000000009
eval_20260722_233914,Ministral-3-8B-Instruct-2512,e5,hyde,e5/hyde,39,AfD,5,0.9396,0.936,0.9376,2.7999999999999825e-06,0.0035999999999999366,6.8,6.5,0.2999999999999998
eval_20260722_233914,Ministral-3-8B-Instruct-2512,e5,hyde,e5/hyde,213,BÜNDNIS 90/DIE GRÜNEN,5,0.934,0.932,0.9327,6.700000000000134e-07,0.0020000000000000018,3.2,2.4,0.8000000000000003
eval_20260722_233914,Ministral-3-8B-Instruct-2512,e5,hyde,e5/hyde,292,BÜNDNIS 90/DIE GRÜNEN,5,0.9456,0.9441,0.9448599999999999,3.8799999999998563e-07,0.0014999999999999458,2.1,2.4,0.2999999999999998
eval_20260722_233914,Ministral-3-8B-Instruct-2512,e5,hyde,e5/hyde,782,SPD,5,0.9302,0.927,0.9284800000000001,1.4319999999999867e-06,0.0031999999999999806,,2.7,
eval_20260722_233914,Ministral-3-8B-Instruct-2512,e5,hyde,e5/hyde,451,DIE LINKE,5,0.9398,0.9377,0.9384799999999999,7.069999999999986e-07,0.0020999999999999908,1.2,1.3,0.10000000000000009
eval_20260722_233914,Ministral-3-8B-Instruct-2512,e5,hyde,e5/hyde,205,AfD,5,0.9393,0.9368,0.9380000000000001,1.0300000000000227e-06,0.0025000000000000577,2.1,6.5,4.4
eval_20260722_233914,Ministral-3-8B-Instruct-2512,e5,hyde,e5/hyde,327,CDU,5,0.9364,0.9341,0.9353400000000001,7.329999999999662e-07,0.0022999999999999687,3.8,4.7,0.9000000000000004
eval_20260722_233914,Ministral-3-8B-Instruct-2512,e5,hyde,e5/hyde,708,SPD,5,0.9256,0.9211,0.9226599999999999,3.5479999999999167e-06,0.0044999999999999485,3.2,2.7,0.5
eval_20260722_233914,Ministral-3-8B-Instruct-2512,e5,hyde,e5/hyde,251,BÜNDNIS 90/DIE GRÜNEN,5,0.9314,0.9288,0.93026,1.0380000000000278e-06,0.0026000000000000467,,2.4,
eval_20260722_233914,Ministral-3-8B-Instruct-2512,e5,hyde,e5/hyde,577,DIE LINKE,5,0.9344,0.9295,0.9314,5.925000000000037e-06,0.0049000000000000155,1.2,1.3,0.10000000000000009
eval_20260722_233914,Ministral-3-8B-Instruct-2512,e5,hyde,e5/hyde,197,AfD,5,0.9286,0.9255,0.9267199999999999,1.5070000000000167e-06,0.0030999999999999917,7.0,6.5,0.5
eval_20260722_233914,Ministral-3-8B-Instruct-2512,e5,hyde,e5/hyde,345,CSU,5,0.9253,0.9215,0.9229800000000001,2.236999999999999e-06,0.0038000000000000256,4.5,5.4,0.9000000000000004
eval_20260722_233914,Ministral-3-8B-Instruct-2512,e5,hyde,e5/hyde,741,SPD,5,0.9385,0.934,0.93598,4.216999999999896e-06,0.0044999999999999485,3.8,2.7,1.0999999999999996
eval_20260722_233914,Ministral-3-8B-Instruct-2512,e5,hyde,e5/hyde,339,CDU,5,0.9292,0.9265,0.9275400000000001,1.79800000000002e-06,0.0027000000000000357,6.8,4.7,2.0999999999999996
eval_20260722_233914,Ministral-3-8B-Instruct-2512,e5,hyde,e5/hyde,706,SPD,5,0.9368,0.9348,0.93568,5.169999999999971e-07,0.0020000000000000018,2.1,2.7,0.6000000000000001
eval_20260722_233914,Ministral-3-8B-Instruct-2512,e5,hyde,e5/hyde,528,DIE LINKE,5,0.9369,0.9323,0.93384,3.357999999999928e-06,0.0045999999999999375,1.2,1.3,0.10000000000000009
eval_20260722_233914,Ministral-3-8B-Instruct-2512,e5,hyde,e5/hyde,138,AfD,5,0.9459,0.9397,0.9425800000000001,5.2969999999999715e-06,0.006199999999999983,7.0,6.5,0.5
eval_20260722_233914,Ministral-3-8B-Instruct-2512,e5,hyde,e5/hyde,353,FDP,5,0.9246,0.9208,0.92242,2.3020000000000146e-06,0.0038000000000000256,3.5,4.3,0.7999999999999998
eval_20260722_233914,Ministral-3-8B-Instruct-2512,e5,hyde,e5/hyde,617,SPD,5,0.9355,0.9282,0.9305200000000001,8.821999999999944e-06,0.007299999999999973,3.8,2.7,1.0999999999999996
eval_20260722_233914,Ministral-3-8B-Instruct-2512,e5,hyde,e5/hyde,66,BÜNDNIS 90/DIE GRÜNEN,5,0.9458,0.9409,0.9426399999999999,3.583000000000018e-06,0.0049000000000000155,6.5,2.4,4.1
eval_20260722_233914,Ministral-3-8B-Instruct-2512,e5,hyde,e5/hyde,64,BÜNDNIS 90/DIE GRÜNEN,5,0.9369,0.9336,0.9349599999999999,1.7779999999999405e-06,0.0032999999999999696,5.8,2.4,3.4
eval_20260722_233914,Ministral-3-8B-Instruct-2512,e5,hyde,e5/hyde,671,SPD,5,0.9395,0.9341,0.9367000000000001,5.134999999999946e-06,0.00539999999999996,3.2,2.7,0.5
eval_20260722_233914,Ministral-3-8B-Instruct-2512,e5,hyde,e5/hyde,140,AfD,5,0.9434,0.9377,0.94012,4.717000000000069e-06,0.005700000000000038,7.0,6.5,0.5
eval_20260722_233914,Ministral-3-8B-Instruct-2512,e5,hyde,e5/hyde,23,BÜNDNIS 90/DIE GRÜNEN,5,0.942,0.9394,0.94058,1.276999999999963e-06,0.0025999999999999357,2.3,2.4,0.10000000000000009
eval_20260722_233914,Ministral-3-8B-Instruct-2512,e5,hyde,e5/hyde,110,BÜNDNIS 90/DIE GRÜNEN,5,0.9265,0.9243,0.9254999999999999,7.349999999999601e-07,0.0021999999999999797,5.8,2.4,3.4
eval_20260722_233914,Ministral-3-8B-Instruct-2512,e5,hyde,e5/hyde,212,AfD,5,0.9351,0.9287,0.9315,7.075000000000163e-06,0.006400000000000072,6.8,6.5,0.2999999999999998
eval_20260722_233914,Ministral-3-8B-Instruct-2512,e5,hyde,e5/hyde,558,DIE LINKE,5,0.9351,0.9341,0.93476,1.579999999999974e-07,0.0010000000000000009,1.1,1.3,0.19999999999999996
eval_20260722_233914,Ministral-3-8B-Instruct-2512,e5,hyde,e5/hyde,240,BÜNDNIS 90/DIE GRÜNEN,5,0.945,0.9359,0.9392799999999999,1.6836999999999883e-05,0.009099999999999997,1.2,2.4,1.2
eval_20260722_233914,Ministral-3-8B-Instruct-2512,e5,hyde,e5/hyde,478,DIE LINKE,5,0.9415,0.9381,0.9401200000000001,2.111999999999947e-06,0.0033999999999999586,3.2,1.3,1.9000000000000001
eval_20260722_233914,Ministral-3-8B-Instruct-2512,e5,hyde,e5/hyde,214,BÜNDNIS 90/DIE GRÜNEN,5,0.9408,0.9391,0.93972,4.369999999999637e-07,0.0016999999999999238,6.5,2.4,4.1
eval_20260722_233914,Ministral-3-8B-Instruct-2512,e5,hyde,e5/hyde,406,FDP,5,0.9431,0.9372,0.9392199999999999,5.332000000000092e-06,0.005900000000000016,6.8,4.3,2.5
eval_20260722_233914,Ministral-3-8B-Instruct-2512,e5,hyde,e5/hyde,67,BÜNDNIS 90/DIE GRÜNEN,5,0.9381,0.9307,0.9327200000000001,9.517000000000195e-06,0.007400000000000073,1.2,2.4,1.2
eval_20260722_233914,Ministral-3-8B-Instruct-2512,e5,hyde,e5/hyde,680,SPD,5,0.9153,0.9102,0.9122599999999998,4.2129999999999764e-06,0.005099999999999993,5.8,2.7,3.0999999999999996
eval_20260722_233914,Ministral-3-8B-Instruct-2512,e5,hyde,e5/hyde,530,DIE LINKE,5,0.9378,0.936,0.93672,4.669999999999571e-07,0.0017999999999999128,3.2,1.3,1.9000000000000001
eval_20260722_233914,Ministral-3-8B-Instruct-2512,e5,hyde,e5/hyde,538,DIE LINKE,5,0.9263,0.9218,0.92424,4.183000000000058e-06,0.0045000000000000595,2.1,1.3,0.8
eval_20260722_233914,Ministral-3-8B-Instruct-2512,e5,hyde,e5/hyde,653,SPD,5,0.9215,0.9186,0.91982,1.526999999999967e-06,0.0029000000000000137,3.2,2.7,0.5
eval_20260722_233914,Ministral-3-8B-Instruct-2512,e5,hyde,e5/hyde,335,CDU,5,0.9375,0.9348,0.9359,9.75000000000024e-07,0.0027000000000000357,4.5,4.7,0.20000000000000018
eval_20260722_233914,Ministral-3-8B-Instruct-2512,e5,hyde,e5/hyde,496,DIE LINKE,5,0.9351,0.93,0.9318,4.595000000000015e-06,0.005099999999999993,7.0,1.3,5.7
eval_20260722_233914,Ministral-3-8B-Instruct-2512,e5,hyde,e5/hyde,804,SPD,5,0.9348,0.9319,0.9331400000000001,1.4529999999999753e-06,0.0029000000000000137,3.8,2.7,1.0999999999999996
eval_20260722_233914,Ministral-3-8B-Instruct-2512,e5,hyde,e5/hyde,432,DIE LINKE,5,0.9473,0.9414,0.94346,5.593000000000019e-06,0.005900000000000016,2.1,1.3,0.8
eval_20260722_233914,Ministral-3-8B-Instruct-2512,e5,hyde,e5/hyde,569,DIE LINKE,5,0.932,0.9289,0.9300200000000001,1.6770000000001112e-06,0.0031000000000001027,4.5,1.3,3.2
eval_20260722_233914,Ministral-3-8B-Instruct-2512,e5,hyde,e5/hyde,801,SPD,5,0.9339,0.9285,0.9309799999999999,4.04699999999991e-06,0.00539999999999996,1.2,2.7,1.5000000000000002
eval_20260722_233914,Ministral-3-8B-Instruct-2512,e5,hyde,e5/hyde,783,SPD,5,0.935,0.9275,0.93148,1.0807000000000085e-05,0.007500000000000062,3.2,2.7,0.5
eval_20260722_233914,Ministral-3-8B-Instruct-2512,e5,hyde,e5/hyde,817,SPD,5,0.9273,0.9234,0.92444,2.598000000000003e-06,0.0039000000000000146,3.2,2.7,0.5
eval_20260722_233914,Ministral-3-8B-Instruct-2512,e5,hyde,e5/hyde,546,DIE LINKE,5,0.9375,0.9356,0.93652,7.569999999999876e-07,0.0019000000000000128,7.0,1.3,5.7
eval_20260722_233914,Ministral-3-8B-Instruct-2512,e5,hyde,e5/hyde,381,FDP,5,0.9473,0.9426,0.94568,4.016999999999997e-06,0.0047000000000000375,4.5,4.3,0.20000000000000018
eval_20260722_233914,Ministral-3-8B-Instruct-2512,e5,hyde,e5/hyde,775,SPD,5,0.933,0.9316,0.9325199999999999,3.3200000000003124e-07,0.0014000000000000679,4.5,2.7,1.7999999999999998
eval_20260722_233914,Ministral-3-8B-Instruct-2512,e5,hyde,e5/hyde,261,BÜNDNIS 90/DIE GRÜNEN,5,0.945,0.9389,0.9411799999999999,8.391999999999997e-06,0.006099999999999994,2.1,2.4,0.2999999999999998
eval_20260722_233914,Ministral-3-8B-Instruct-2512,e5,hyde,e5/hyde,507,DIE LINKE,5,0.9396,0.9358,0.93714,2.1780000000000133e-06,0.0038000000000000256,3.2,1.3,1.9000000000000001
eval_20260722_233914,Ministral-3-8B-Instruct-2512,e5,hyde,e5/hyde,666,SPD,5,0.9378,0.9339,0.93538,2.2920000000000036e-06,0.0039000000000000146,3.2,2.7,0.5
eval_20260722_233914,Ministral-3-8B-Instruct-2512,e5,hyde,e5/hyde,369,FDP,5,0.9338,0.9274,0.9302199999999999,5.78199999999995e-06,0.006399999999999961,3.2,4.3,1.0999999999999996
eval_20260722_233914,Ministral-3-8B-Instruct-2512,e5,hyde,e5/hyde,50,CDU/CSU,5,0.9411,0.9366,0.93894,3.0380000000000614e-06,0.0045000000000000595,4.2,4.7,0.5
eval_20260722_233914,Ministral-3-8B-Instruct-2512,e5,hyde,e5/hyde,97,AfD,5,0.9359,0.933,0.9345399999999999,1.8729999999998875e-06,0.0028999999999999027,7.0,6.5,0.5
eval_20260722_233914,Ministral-3-8B-Instruct-2512,e5,hyde,e5/hyde,777,SPD,5,0.943,0.94,0.9413199999999999,1.6170000000000126e-06,0.0030000000000000027,3.2,2.7,0.5
eval_20260722_233914,Ministral-3-8B-Instruct-2512,e5,hyde,e5/hyde,651,SPD,5,0.9409,0.931,0.93422,1.5571999999999803e-05,0.009899999999999909,3.2,2.7,0.5
eval_20260722_233914,Ministral-3-8B-Instruct-2512,e5,hyde,e5/hyde,483,DIE LINKE,5,0.9446,0.9411,0.9425399999999999,2.6529999999999206e-06,0.0034999999999999476,1.2,1.3,0.10000000000000009
eval_20260722_233914,Ministral-3-8B-Instruct-2512,e5,hyde,e5/hyde,600,SPD,5,0.9394,0.9361,0.9370799999999999,1.8069999999999884e-06,0.0032999999999999696,3.5,2.7,0.7999999999999998
eval_20260722_233914,Ministral-3-8B-Instruct-2512,e5,hyde,e5/hyde,816,SPD,5,0.9343,0.9317,0.93272,9.570000000000213e-07,0.0026000000000000467,3.2,2.7,0.5
eval_20260722_233914,Ministral-3-8B-Instruct-2512,e5,hyde,e5/hyde,33,AfD,5,0.9322,0.928,0.9297600000000001,3.922999999999984e-06,0.0041999999999999815,6.8,6.5,0.2999999999999998
eval_20260722_233914,Ministral-3-8B-Instruct-2512,e5,hyde,e5/hyde,31,AfD,5,0.9146,0.9119,0.91334,9.5299999999994e-07,0.0026999999999999247,7.0,6.5,0.5
eval_20260722_233914,Ministral-3-8B-Instruct-2512,e5,hyde,e5/hyde,819,SPD,5,0.9394,0.9359,0.9368400000000001,2.263000000000041e-06,0.0035000000000000586,3.2,2.7,0.5
eval_20260722_233914,Ministral-3-8B-Instruct-2512,e5,hyde,e5/hyde,494,DIE LINKE,5,0.9427,0.9401,0.94126,1.2729999999999838e-06,0.0025999999999999357,1.2,1.3,0.10000000000000009
eval_20260722_233914,Ministral-3-8B-Instruct-2512,e5,hyde,e5/hyde,337,CDU,5,0.9223,0.9193,0.92038,1.452000000000002e-06,0.0030000000000000027,5.8,4.7,1.0999999999999996
eval_20260722_233914,Ministral-3-8B-Instruct-2512,e5,hyde,e5/hyde,297,BÜNDNIS 90/DIE GRÜNEN,5,0.9364,0.9323,0.93434,2.173000000000001e-06,0.0040999999999999925,1.2,2.4,1.2
eval_20260722_233914,Ministral-3-8B-Instruct-2512,e5,hyde,e5/hyde,300,BÜNDNIS 90/DIE GRÜNEN,5,0.9448,0.9321,0.9389799999999999,2.9356999999999753e-05,0.012699999999999934,4.2,2.4,1.8000000000000003
eval_20260722_233914,Ministral-3-8B-Instruct-2512,e5,hyde,e5/hyde,441,DIE LINKE,5,0.9356,0.9311,0.9327,3.4099999999999314e-06,0.0044999999999999485,4.5,1.3,3.2
eval_20260722_233914,Ministral-3-8B-Instruct-2512,e5,hyde,e5/hyde,405,FDP,5,0.9268,0.9229,0.92462,2.4069999999999127e-06,0.0038999999999999035,4.5,4.3,0.20000000000000018
eval_20260722_233914,Ministral-3-8B-Instruct-2512,e5,hyde,e5/hyde,73,BÜNDNIS 90/DIE GRÜNEN,5,0.9435,0.9321,0.9355399999999999,2.1702999999999917e-05,0.011399999999999966,3.2,2.4,0.8000000000000003
eval_20260722_233914,Ministral-3-8B-Instruct-2512,e5,hyde,e5/hyde,78,BÜNDNIS 90/DIE GRÜNEN,5,0.9356,0.9311,0.9333600000000001,3.57299999999999e-06,0.0044999999999999485,3.2,2.4,0.8000000000000003
eval_20260722_233914,Ministral-3-8B-Instruct-2512,e5,hyde,e5/hyde,749,SPD,5,0.94,0.9348,0.9375199999999999,5.676999999999967e-06,0.005199999999999982,3.2,2.7,0.5
eval_20260722_233914,Ministral-3-8B-Instruct-2512,e5,hyde,e5/hyde,523,DIE LINKE,5,0.9436,0.9417,0.94256,5.529999999999836e-07,0.0019000000000000128,1.2,1.3,0.10000000000000009
eval_20260722_233914,Ministral-3-8B-Instruct-2512,e5,hyde,e5/hyde,352,FDP,5,0.948,0.9331,0.9368000000000002,4.070499999999963e-05,0.014899999999999913,2.1,4.3,2.1999999999999997
eval_20260722_233914,Ministral-3-8B-Instruct-2512,e5,hyde,e5/hyde,582,DIE LINKE,5,0.9359,0.9325,0.9334199999999999,1.9869999999999337e-06,0.0033999999999999586,5.8,1.3,4.5
eval_20260722_233914,Ministral-3-8B-Instruct-2512,e5,hyde,e5/hyde,366,FDP,5,0.9351,0.9308,0.93254,4.703000000000085e-06,0.0043000000000000815,4.5,4.3,0.20000000000000018
eval_20260722_233914,Ministral-3-8B-Instruct-2512,e5,hyde,e5/hyde,444,DIE LINKE,5,0.9368,0.9354,0.9362200000000002,2.919999999999812e-07,0.0013999999999999568,1.2,1.3,0.10000000000000009
eval_20260722_233914,Ministral-3-8B-Instruct-2512,e5,hyde,e5/hyde,607,SPD,5,0.9485,0.9398,0.94282,1.3057000000000192e-05,0.008700000000000041,1.3,2.7,1.4000000000000001
eval_20260722_233914,Ministral-3-8B-Instruct-2512,e5,hyde,e5/hyde,351,FDP,5,0.9381,0.9352,0.93658,1.6170000000000057e-06,0.0029000000000000137,3.2,4.3,1.0999999999999996
eval_20260722_233914,Ministral-3-8B-Instruct-2512,e5,hyde,e5/hyde,156,AfD,5,0.9337,0.9254,0.92804,1.119299999999991e-05,0.008299999999999974,7.0,6.5,0.5
eval_20260722_233914,Ministral-3-8B-Instruct-2512,e5,hyde,e5/hyde,614,SPD,5,0.9373,0.9281,0.9309,1.3900000000000058e-05,0.009199999999999986,3.2,2.7,0.5
eval_20260722_233914,Ministral-3-8B-Instruct-2512,e5,hyde,e5/hyde,317,BÜNDNIS 90/DIE GRÜNEN,5,0.9244,0.9195,0.9214600000000001,4.683000000000003e-06,0.0049000000000000155,3.2,2.4,0.8000000000000003
eval_20260722_233914,Ministral-3-8B-Instruct-2512,e5,hyde,e5/hyde,622,SPD,5,0.9423,0.9278,0.9329599999999999,3.30080000000003e-05,0.014500000000000068,4.2,2.7,1.5
eval_20260722_233914,Ministral-3-8B-Instruct-2512,e5,hyde,e5/hyde,769,SPD,5,0.9286,0.9244,0.9256,2.944999999999973e-06,0.0041999999999999815,3.2,2.7,0.5
eval_20260722_233914,Ministral-3-8B-Instruct-2512,e5,hyde,e5/hyde,55,BÜNDNIS 90/DIE GRÜNEN,5,0.9338,0.9323,0.93286,3.7299999999998334e-07,0.0014999999999999458,2.1,2.4,0.2999999999999998
eval_20260722_233914,Ministral-3-8B-Instruct-2512,e5,hyde,e5/hyde,771,SPD,5,0.9295,0.922,0.92376,1.0342999999999953e-05,0.007499999999999951,5.8,2.7,3.0999999999999996
eval_20260722_233914,Ministral-3-8B-Instruct-2512,e5,hyde,e5/hyde,502,DIE LINKE,5,0.936,0.9315,0.93276,3.363000000000096e-06,0.0045000000000000595,4.5,1.3,3.2
eval_20260722_233914,Ministral-3-8B-Instruct-2512,e5,hyde,e5/hyde,266,BÜNDNIS 90/DIE GRÜNEN,5,0.9379,0.9288,0.9322000000000001,1.3955000000000045e-05,0.009099999999999997,3.2,2.4,0.8000000000000003
eval_20260722_233914,Ministral-3-8B-Instruct-2512,e5,hyde,e5/hyde,548,DIE LINKE,5,0.9412,0.9382,0.94024,1.3729999999999774e-06,0.0030000000000000027,1.1,1.3,0.19999999999999996
eval_20260722_233914,Ministral-3-8B-Instruct-2512,e5,hyde,e5/hyde,98,AfD,5,0.9414,0.936,0.9394600000000001,4.557999999999873e-06,0.00539999999999996,2.1,6.5,4.4
eval_20260722_233914,Ministral-3-8B-Instruct-2512,e5,hyde,e5/hyde,583,DIE LINKE,5,0.9404,0.9345,0.93672,5.507000000000029e-06,0.005900000000000016,1.2,1.3,0.10000000000000009
eval_20260722_233914,Ministral-3-8B-Instruct-2512,e5,hyde,e5/hyde,77,CDU/CSU,5,0.935,0.931,0.9329000000000001,3.175000000000011e-06,0.0040000000000000036,4.2,4.7,0.5
eval_20260722_233914,Ministral-3-8B-Instruct-2512,e5,hyde,e5/hyde,121,AfD,5,0.9232,0.9196,0.92086,2.108000000000073e-06,0.0036000000000000476,6.5,6.5,0.0
eval_20260722_233914,Ministral-3-8B-Instruct-2512,e5,hyde,e5/hyde,395,FDP,5,0.9348,0.9326,0.9338199999999999,7.719999999999898e-07,0.0021999999999999797,4.5,4.3,0.20000000000000018
eval_20260722_233914,Ministral-3-8B-Instruct-2512,e5,hyde,e5/hyde,785,SPD,5,0.9441,0.9309,0.9364800000000001,3.264200000000037e-05,0.0132000000000001,5.8,2.7,3.0999999999999996
eval_20260722_233914,Ministral-3-8B-Instruct-2512,e5,hyde,e5/hyde,358,FDP,5,0.9339,0.933,0.93352,1.669999999999632e-07,0.0008999999999999009,3.2,4.3,1.0999999999999996
eval_20260722_233914,Ministral-3-8B-Instruct-2512,e5,hyde,e5/hyde,731,SPD,5,0.9477,0.942,0.9441,4.90499999999998e-06,0.005700000000000038,2.8,2.7,0.09999999999999964
eval_20260722_233914,Ministral-3-8B-Instruct-2512,e5,hyde,e5/hyde,535,DIE LINKE,5,0.9376,0.9318,0.9343400000000001,6.398000000000041e-06,0.005800000000000027,1.2,1.3,0.10000000000000009
eval_20260722_233914,Ministral-3-8B-Instruct-2512,e5,hyde,e5/hyde,465,DIE LINKE,5,0.9394,0.9318,0.93538,8.567000000000082e-06,0.007600000000000051,1.2,1.3,0.10000000000000009
eval_20260722_233914,Ministral-3-8B-Instruct-2512,e5,hyde,e5/hyde,85,BÜNDNIS 90/DIE GRÜNEN,5,0.9213,0.9186,0.9195399999999999,1.0580000000000145e-06,0.0027000000000000357,6.2,2.4,3.8000000000000003
eval_20260722_233914,Ministral-3-8B-Instruct-2512,e5,hyde,e5/hyde,10,BÜNDNIS 90/DIE GRÜNEN,5,0.9403,0.9393,0.9398799999999999,1.3199999999999425e-07,0.0010000000000000009,5.8,2.4,3.4
eval_20260722_233914,Ministral-3-8B-Instruct-2512,e5,hyde,e5/hyde,169,AfD,5,0.9419,0.9294,0.9340999999999999,2.5819999999999868e-05,0.012499999999999956,7.0,6.5,0.5
eval_20260722_233914,Ministral-3-8B-Instruct-2512,e5,hyde,e5/hyde,111,BÜNDNIS 90/DIE GRÜNEN,5,0.9427,0.9363,0.93904,8.143000000000024e-06,0.006399999999999961,6.8,2.4,4.4
eval_20260722_233914,Ministral-3-8B-Instruct-2512,e5,hyde,e5/hyde,293,BÜNDNIS 90/DIE GRÜNEN,5,0.9271,0.9202,0.9227400000000001,7.572999999999974e-06,0.006900000000000017,2.1,2.4,0.2999999999999998
eval_20260722_233914,Ministral-3-8B-Instruct-2512,e5,hyde,e5/hyde,495,DIE LINKE,5,0.9335,0.9312,0.93198,8.769999999999879e-07,0.0022999999999999687,3.2,1.3,1.9000000000000001
eval_20260722_233914,Ministral-3-8B-Instruct-2512,e5,hyde,e5/hyde,219,BÜNDNIS 90/DIE GRÜNEN,5,0.9426,0.938,0.93956,3.512999999999987e-06,0.0046000000000000485,3.2,2.4,0.8000000000000003
eval_20260722_233914,Ministral-3-8B-Instruct-2512,e5,hyde,e5/hyde,722,SPD,5,0.9375,0.9317,0.9341799999999999,4.612000000000009e-06,0.005800000000000027,7.0,2.7,4.3
eval_20260722_233914,Ministral-3-8B-Instruct-2512,e5,hyde,e5/hyde,328,CDU,5,0.9377,0.9335,0.93566,3.888000000000034e-06,0.0041999999999999815,3.2,4.7,1.5
eval_20260722_233914,Ministral-3-8B-Instruct-2512,e5,hyde,e5/hyde,544,DIE LINKE,5,0.9375,0.9327,0.9345199999999998,4.046999999999991e-06,0.0048000000000000265,2.1,1.3,0.8
eval_20260722_233914,Ministral-3-8B-Instruct-2512,e5,hyde,e5/hyde,119,AfD,5,0.9323,0.9269,0.9299199999999999,3.882000000000098e-06,0.005400000000000071,7.0,6.5,0.5
eval_20260722_233914,Ministral-3-8B-Instruct-2512,e5,hyde,e5/hyde,532,DIE LINKE,5,0.9394,0.9326,0.93468,7.77700000000001e-06,0.006800000000000028,2.1,1.3,0.8
eval_20260722_233914,Ministral-3-8B-Instruct-2512,e5,hyde,e5/hyde,364,FDP,5,0.9416,0.9389,0.9395999999999999,1.2950000000000145e-06,0.0027000000000000357,5.8,4.3,1.5
eval_20260722_233914,Ministral-3-8B-Instruct-2512,e5,hyde,e5/hyde,29,AfD,5,0.9298,0.9277,0.9284399999999999,6.829999999999662e-07,0.0020999999999999908,6.8,6.5,0.2999999999999998
eval_20260722_233914,Ministral-3-8B-Instruct-2512,e5,hyde,e5/hyde,635,SPD,5,0.9389,0.9333,0.9355800000000001,6.2469999999998235e-06,0.005599999999999938,2.1,2.7,0.6000000000000001
eval_20260722_233914,Ministral-3-8B-Instruct-2512,e5,hyde,e5/hyde,584,DIE LINKE,5,0.9364,0.9329,0.9343999999999999,1.8550000000000356e-06,0.0035000000000000586,2.1,1.3,0.8
eval_20260722_233914,Ministral-3-8B-Instruct-2512,e5,hyde,e5/hyde,446,DIE LINKE,5,0.9385,0.9286,0.9314600000000001,1.6123000000000015e-05,0.00990000000000002,1.2,1.3,0.10000000000000009
eval_20260722_233914,Ministral-3-8B-Instruct-2512,e5,hyde,e5/hyde,307,BÜNDNIS 90/DIE GRÜNEN,5,0.9275,0.9221,0.9243,3.93499999999995e-06,0.00539999999999996,4.5,2.4,2.1
eval_20260722_233914,Ministral-3-8B-Instruct-2512,e5,hyde,e5/hyde,82,BÜNDNIS 90/DIE GRÜNEN,5,0.9358,0.9325,0.93408,1.9369999999999863e-06,0.0032999999999999696,4.5,2.4,2.1
eval_20260722_233914,Ministral-3-8B-Instruct-2512,e5,hyde,e5/hyde,718,SPD,5,0.9284,0.9233,0.92554,3.6330000000000074e-06,0.005099999999999993,4.2,2.7,1.5
eval_20260722_233914,Ministral-3-8B-Instruct-2512,e5,hyde,e5/hyde,457,DIE LINKE,5,0.9316,0.9283,0.92936,1.7229999999999958e-06,0.0032999999999999696,1.3,1.3,0.0
eval_20260722_233914,Ministral-3-8B-Instruct-2512,e5,hyde,e5/hyde,518,DIE LINKE,5,0.9433,0.9352,0.93742,1.1372000000000082e-05,0.008099999999999996,1.2,1.3,0.10000000000000009
eval_20260722_233914,Ministral-3-8B-Instruct-2512,e5,hyde,e5/hyde,745,SPD,5,0.9294,0.9255,0.92712,2.0370000000000256e-06,0.0039000000000000146,5.8,2.7,3.0999999999999996
eval_20260722_233914,Ministral-3-8B-Instruct-2512,e5,hyde,e5/hyde,757,SPD,5,0.9346,0.9333,0.93392,2.569999999999967e-07,0.0012999999999999678,3.2,2.7,0.5
eval_20260722_233914,Ministral-3-8B-Instruct-2512,e5,hyde,e5/hyde,660,SPD,5,0.9374,0.9287,0.9324,1.5695000000000025e-05,0.008700000000000041,3.2,2.7,0.5
eval_20260722_233914,Ministral-3-8B-Instruct-2512,e5,hyde,e5/hyde,752,SPD,5,0.9274,0.9221,0.9253,5.624999999999994e-06,0.005299999999999971,3.2,2.7,0.5
eval_20260722_233914,Ministral-3-8B-Instruct-2512,e5,hyde,e5/hyde,248,BÜNDNIS 90/DIE GRÜNEN,5,0.9352,0.9303,0.93154,4.283000000000049e-06,0.0049000000000000155,3.2,2.4,0.8000000000000003
eval_20260722_233914,Ministral-3-8B-Instruct-2512,e5,hyde,e5/hyde,609,SPD,5,0.9276,0.9239,0.9254199999999999,2.1169999999999435e-06,0.0036999999999999256,4.5,2.7,1.7999999999999998
eval_20260722_233914,Ministral-3-8B-Instruct-2512,e5,hyde,e5/hyde,7,BÜNDNIS 90/DIE GRÜNEN,5,0.9282,0.9263,0.92728,5.46999999999985e-07,0.0019000000000000128,2.1,2.4,0.2999999999999998
eval_20260722_233914,Ministral-3-8B-Instruct-2512,e5,hyde,e5/hyde,286,BÜNDNIS 90/DIE GRÜNEN,5,0.9387,0.9322,0.9341000000000002,7.164999999999898e-06,0.00649999999999995,1.2,2.4,1.2
eval_20260722_233914,Ministral-3-8B-Instruct-2512,e5,hyde,e5/hyde,102,AfD,5,0.9406,0.9378,0.9386000000000001,1.3000000000000132e-06,0.0028000000000000247,6.8,6.5,0.2999999999999998
eval_20260722_233914,Ministral-3-8B-Instruct-2512,e5,hyde,e5/hyde,336,CDU,5,0.9426,0.9342,0.93726,1.329799999999995e-05,0.008399999999999963,4.5,4.7,0.20000000000000018
eval_20260722_233914,Ministral-3-8B-Instruct-2512,e5,hyde,e5/hyde,678,SPD,5,0.9425,0.9387,0.94048,2.7970000000000433e-06,0.0038000000000000256,5.8,2.7,3.0999999999999996
eval_20260722_233914,Ministral-3-8B-Instruct-2512,e5,hyde,e5/hyde,634,SPD,5,0.9396,0.9363,0.9375600000000001,1.5529999999999543e-06,0.0032999999999999696,4.5,2.7,1.7999999999999998
eval_20260722_233914,Ministral-3-8B-Instruct-2512,e5,hyde,e5/hyde,658,SPD,5,0.9284,0.9262,0.9275800000000001,7.319999999999898e-07,0.0021999999999999797,4.5,2.7,1.7999999999999998
eval_20260722_233914,Ministral-3-8B-Instruct-2512,e5,hyde,e5/hyde,2,CDU/CSU,5,0.9105,0.9066,0.90848,2.4570000000000084e-06,0.0039000000000000146,,4.7,
eval_20260722_233914,Ministral-3-8B-Instruct-2512,e5,hyde,e5/hyde,232,BÜNDNIS 90/DIE GRÜNEN,5,0.9425,0.937,0.9388200000000001,4.816999999999991e-06,0.005499999999999949,2.1,2.4,0.2999999999999998
eval_20260722_233914,Ministral-3-8B-Instruct-2512,e5,hyde,e5/hyde,426,DIE LINKE,5,0.9481,0.9431,0.9459200000000001,5.232e-06,0.0050000000000000044,2.1,1.3,0.8
eval_20260722_233914,Ministral-3-8B-Instruct-2512,e5,hyde,e5/hyde,333,CDU,5,0.9357,0.9323,0.93366,1.727999999999988e-06,0.0033999999999999586,3.8,4.7,0.9000000000000004
eval_20260722_233914,Ministral-3-8B-Instruct-2512,e5,hyde,e5/hyde,209,AfD,5,0.9393,0.9362,0.9372999999999999,1.510000000000017e-06,0.0030999999999999917,4.5,6.5,2.0
eval_20260722_233914,Ministral-3-8B-Instruct-2512,e5,hyde,e5/hyde,211,AfD,5,0.9446,0.9371,0.93936,9.06299999999996e-06,0.007499999999999951,5.8,6.5,0.7000000000000002
eval_20260722_233914,Ministral-3-8B-Instruct-2512,e5,hyde,e5/hyde,448,DIE LINKE,5,0.9332,0.9293,0.93048,2.5470000000000173e-06,0.0039000000000000146,3.2,1.3,1.9000000000000001
eval_20260722_233914,Ministral-3-8B-Instruct-2512,e5,hyde,e5/hyde,765,SPD,5,0.9253,0.9235,0.9242799999999999,6.570000000000485e-07,0.0018000000000000238,5.2,2.7,2.5
eval_20260722_233914,Ministral-3-8B-Instruct-2512,e5,hyde,e5/hyde,668,SPD,5,0.9376,0.9343,0.93604,1.7029999999999513e-06,0.0032999999999999696,4.5,2.7,1.7999999999999998
eval_20260722_233914,Ministral-3-8B-Instruct-2512,e5,hyde,e5/hyde,175,AfD,5,0.933,0.9314,0.9319200000000001,4.1700000000003244e-07,0.0016000000000000458,3.2,6.5,3.3
eval_20260722_233914,Ministral-3-8B-Instruct-2512,e5,hyde,e5/hyde,245,BÜNDNIS 90/DIE GRÜNEN,5,0.9417,0.9361,0.9379399999999999,4.882999999999925e-06,0.005599999999999938,2.3,2.4,0.10000000000000009
eval_20260722_233914,Ministral-3-8B-Instruct-2512,e5,hyde,e5/hyde,454,DIE LINKE,5,0.9359,0.9334,0.9345399999999999,9.929999999999569e-07,0.0024999999999999467,2.1,1.3,0.8
eval_20260722_233914,Ministral-3-8B-Instruct-2512,e5,hyde,e5/hyde,357,FDP,5,0.9316,0.9287,0.9296600000000002,1.4179999999999752e-06,0.0029000000000000137,1.2,4.3,3.0999999999999996
eval_20260722_233914,Ministral-3-8B-Instruct-2512,e5,hyde,e5/hyde,500,DIE LINKE,5,0.9416,0.9375,0.93858,2.967000000000002e-06,0.0040999999999999925,1.1,1.3,0.19999999999999996
eval_20260722_233914,Ministral-3-8B-Instruct-2512,e5,hyde,e5/hyde,382,FDP,5,0.9207,0.9177,0.91914,1.372999999999985e-06,0.0030000000000000027,4.2,4.3,0.09999999999999964
eval_20260722_233914,Ministral-3-8B-Instruct-2512,e5,hyde,e5/hyde,80,BÜNDNIS 90/DIE GRÜNEN,5,0.9344,0.9327,0.93316,4.930000000000202e-07,0.0017000000000000348,2.1,2.4,0.2999999999999998
eval_20260722_233914,Ministral-3-8B-Instruct-2512,e5,hyde,e5/hyde,149,AfD,5,0.9276,0.9247,0.9264399999999998,1.5530000000000155e-06,0.0029000000000000137,7.0,6.5,0.5
eval_20260722_233914,Ministral-3-8B-Instruct-2512,e5,hyde,e5/hyde,362,FDP,5,0.9407,0.9378,0.9387599999999999,1.297999999999983e-06,0.0029000000000000137,3.2,4.3,1.0999999999999996
eval_20260722_233914,Ministral-3-8B-Instruct-2512,e5,hyde,e5/hyde,193,AfD,5,0.9429,0.9356,0.9374399999999999,9.522999999999914e-06,0.007299999999999973,6.5,6.5,0.0
eval_20260722_233914,Ministral-3-8B-Instruct-2512,e5,hyde,e5/hyde,276,BÜNDNIS 90/DIE GRÜNEN,5,0.9417,0.9387,0.9401400000000001,1.6130000000000176e-06,0.0030000000000000027,2.1,2.4,0.2999999999999998
eval_20260722_233914,Ministral-3-8B-Instruct-2512,e5,hyde,e5/hyde,332,CDU,5,0.9363,0.9276,0.93064,1.0903000000000136e-05,0.008700000000000041,6.5,4.7,1.7999999999999998
eval_20260722_233914,Ministral-3-8B-Instruct-2512,e5,hyde,e5/hyde,603,SPD,5,0.9286,0.9215,0.9241199999999999,7.776999999999992e-06,0.007099999999999995,3.2,2.7,0.5
eval_20260722_233914,Ministral-3-8B-Instruct-2512,e5,hyde,e5/hyde,320,CDU,5,0.9323,0.9279,0.92926,3.1030000000000527e-06,0.0044000000000000705,4.5,4.7,0.20000000000000018
eval_20260722_233914,Ministral-3-8B-Instruct-2512,e5,hyde,e5/hyde,199,AfD,5,0.921,0.9197,0.9204799999999999,2.3700000000001995e-07,0.0013000000000000789,7.0,6.5,0.5
eval_20260722_233914,Ministral-3-8B-Instruct-2512,e5,hyde,e5/hyde,134,AfD,5,0.9248,0.922,0.92278,1.301999999999937e-06,0.0027999999999999137,7.0,6.5,0.5
eval_20260722_233914,Ministral-3-8B-Instruct-2512,e5,hyde,e5/hyde,394,FDP,5,0.9309,0.9255,0.92792,3.7569999999999418e-06,0.00539999999999996,4.5,4.3,0.20000000000000018
eval_20260722_233914,Ministral-3-8B-Instruct-2512,e5,hyde,e5/hyde,315,BÜNDNIS 90/DIE GRÜNEN,5,0.9483,0.9367,0.9399799999999999,2.42920000000002e-05,0.011600000000000055,2.1,2.4,0.2999999999999998
eval_20260722_233914,Ministral-3-8B-Instruct-2512,e5,hyde,e5/hyde,712,SPD,5,0.9343,0.9315,0.9328199999999999,1.6470000000000026e-06,0.0028000000000000247,4.5,2.7,1.7999999999999998
eval_20260722_233914,Ministral-3-8B-Instruct-2512,e5,hyde,e5/hyde,56,CDU/CSU,5,0.9486,0.9457,0.9472999999999999,1.4499999999999804e-06,0.0029000000000000137,6.2,4.7,1.5
eval_20260722_233914,Ministral-3-8B-Instruct-2512,e5,hyde,e5/hyde,440,DIE LINKE,5,0.9445,0.9414,0.9426,1.5950000000000093e-06,0.0030999999999999917,1.2,1.3,0.10000000000000009
eval_20260722_233914,Ministral-3-8B-Instruct-2512,e5,hyde,e5/hyde,621,SPD,5,0.9469,0.9448,0.9456399999999998,6.229999999999794e-07,0.0020999999999999908,3.2,2.7,0.5
eval_20260722_233914,Ministral-3-8B-Instruct-2512,e5,hyde,e5/hyde,550,DIE LINKE,5,0.9401,0.9394,0.93976,6.3000000000005e-08,0.0007000000000000339,2.1,1.3,0.8
eval_20260722_233914,Ministral-3-8B-Instruct-2512,e5,hyde,e5/hyde,568,DIE LINKE,5,0.932,0.9279,0.9295,2.7550000000000926e-06,0.0041000000000001036,1.2,1.3,0.10000000000000009
eval_20260722_233914,Ministral-3-8B-Instruct-2512,e5,hyde,e5/hyde,625,SPD,5,0.937,0.9342,0.93574,1.4830000000000297e-06,0.0028000000000000247,3.8,2.7,1.0999999999999996
eval_20260722_233914,Ministral-3-8B-Instruct-2512,e5,hyde,e5/hyde,427,DIE LINKE,5,0.9435,0.9392,0.94144,3.2979999999999064e-06,0.0042999999999999705,1.1,1.3,0.19999999999999996
eval_20260722_233914,Ministral-3-8B-Instruct-2512,e5,hyde,e5/hyde,463,DIE LINKE,5,0.945,0.9371,0.9410000000000001,8.249999999999836e-06,0.007899999999999907,3.2,1.3,1.9000000000000001
eval_20260722_233914,Ministral-3-8B-Instruct-2512,e5,hyde,e5/hyde,458,DIE LINKE,5,0.9248,0.9233,0.9241400000000001,5.279999999999715e-07,0.0014999999999999458,3.5,1.3,2.2
eval_20260722_233914,Ministral-3-8B-Instruct-2512,e5,hyde,e5/hyde,61,BÜNDNIS 90/DIE GRÜNEN,5,0.9353,0.9341,0.93484,2.229999999999964e-07,0.0011999999999999789,6.8,2.4,4.4
eval_20260722_233914,Ministral-3-8B-Instruct-2512,e5,hyde,e5/hyde,590,DIE LINKE,5,0.9354,0.9319,0.9330999999999999,1.9950000000000266e-06,0.0035000000000000586,3.2,1.3,1.9000000000000001
eval_20260722_233914,Ministral-3-8B-Instruct-2512,e5,hyde,e5/hyde,389,FDP,5,0.9169,0.9106,0.91342,5.31200000000015e-06,0.006300000000000083,5.8,4.3,1.5
eval_20260722_233914,Ministral-3-8B-Instruct-2512,e5,hyde,e5/hyde,200,AfD,5,0.9409,0.9355,0.9383000000000001,4.334999999999927e-06,0.00539999999999996,7.0,6.5,0.5
eval_20260722_233914,Ministral-3-8B-Instruct-2512,e5,hyde,e5/hyde,637,SPD,5,0.9367,0.9332,0.9349399999999999,1.542999999999961e-06,0.0034999999999999476,6.8,2.7,4.1
eval_20260722_233914,Ministral-3-8B-Instruct-2512,e5,hyde,e5/hyde,758,SPD,5,0.9425,0.9362,0.93854,5.7029999999999825e-06,0.006299999999999972,5.8,2.7,3.0999999999999996
eval_20260722_233914,Ministral-3-8B-Instruct-2512,e5,hyde,e5/hyde,545,DIE LINKE,5,0.9364,0.9347,0.93552,6.070000000000384e-07,0.0017000000000000348,4.2,1.3,2.9000000000000004
eval_20260722_233914,Ministral-3-8B-Instruct-2512,e5,hyde,e5/hyde,383,FDP,5,0.9251,0.9231,0.9239600000000001,8.079999999999898e-07,0.0020000000000000018,2.1,4.3,2.1999999999999997
eval_20260722_233914,Ministral-3-8B-Instruct-2512,e5,hyde,e5/hyde,260,BÜNDNIS 90/DIE GRÜNEN,5,0.9355,0.9279,0.93104,8.06800000000009e-06,0.007600000000000051,2.8,2.4,0.3999999999999999
eval_20260722_233914,Ministral-3-8B-Instruct-2512,e5,hyde,e5/hyde,210,AfD,5,0.9499,0.9411,0.9451999999999998,1.1509999999999875e-05,0.008799999999999919,1.1,6.5,5.4
eval_20260722_233914,Ministral-3-8B-Instruct-2512,e5,hyde,e5/hyde,410,FDP,5,0.9227,0.9201,0.92146,1.467999999999943e-06,0.0025999999999999357,4.5,4.3,0.20000000000000018
eval_20260722_233914,Ministral-3-8B-Instruct-2512,e5,hyde,e5/hyde,740,SPD,5,0.9457,0.9396,0.94238,5.826999999999931e-06,0.006099999999999994,4.5,2.7,1.7999999999999998
eval_20260722_233914,Ministral-3-8B-Instruct-2512,e5,hyde,e5/hyde,91,BÜNDNIS 90/DIE GRÜNEN,5,0.9437,0.9395,0.94134,3.743000000000049e-06,0.0041999999999999815,1.2,2.4,1.2
eval_20260722_233914,Ministral-3-8B-Instruct-2512,e5,hyde,e5/hyde,255,BÜNDNIS 90/DIE GRÜNEN,5,0.9129,0.906,0.90776,8.413000000000102e-06,0.006900000000000017,1.2,2.4,1.2
eval_20260722_233914,Ministral-3-8B-Instruct-2512,e5,hyde,e5/hyde,421,DIE LINKE,5,0.9489,0.9403,0.94388,1.2471999999999936e-05,0.008599999999999941,1.2,1.3,0.10000000000000009
eval_20260722_233914,Ministral-3-8B-Instruct-2512,e5,hyde,e5/hyde,376,FDP,5,0.9387,0.9345,0.93588,2.9419999999999745e-06,0.0041999999999999815,4.5,4.3,0.20000000000000018
eval_20260722_233914,Ministral-3-8B-Instruct-2512,e5,hyde,e5/hyde,301,BÜNDNIS 90/DIE GRÜNEN,5,0.9392,0.9323,0.9357,8.624999999999966e-06,0.006900000000000017,1.2,2.4,1.2
eval_20260722_233914,Ministral-3-8B-Instruct-2512,e5,hyde,e5/hyde,159,AfD,5,0.9382,0.9296,0.93308,1.3477000000000215e-05,0.008600000000000052,6.8,6.5,0.2999999999999998
eval_20260722_233914,Ministral-3-8B-Instruct-2512,e5,hyde,e5/hyde,70,BÜNDNIS 90/DIE GRÜNEN,5,0.9386,0.9342,0.9355799999999999,3.2669999999999685e-06,0.0043999999999999595,2.1,2.4,0.2999999999999998
eval_20260722_233914,Ministral-3-8B-Instruct-2512,e5,hyde,e5/hyde,605,SPD,5,0.9325,0.9269,0.9286199999999999,5.672000000000093e-06,0.005600000000000049,6.5,2.7,3.8
eval_20260722_233914,Ministral-3-8B-Instruct-2512,e5,hyde,e5/hyde,132,AfD,5,0.9535,0.9426,0.9465,1.778000000000007e-05,0.01090000000000002,1.2,6.5,5.3
eval_20260722_233914,Ministral-3-8B-Instruct-2512,e5,hyde,e5/hyde,45,CDU/CSU,5,0.9405,0.9347,0.9372,4.560000000000017e-06,0.005800000000000027,4.5,4.7,0.20000000000000018
eval_20260722_233914,Ministral-3-8B-Instruct-2512,e5,hyde,e5/hyde,71,BÜNDNIS 90/DIE GRÜNEN,5,0.9433,0.933,0.9355399999999999,1.9183000000000033e-05,0.010299999999999976,5.8,2.4,3.4
eval_20260722_233914,Ministral-3-8B-Instruct-2512,e5,hyde,e5/hyde,488,DIE LINKE,5,0.9398,0.9358,0.93736,2.7630000000000085e-06,0.0040000000000000036,1.1,1.3,0.19999999999999996
eval_20260722_233914,Ministral-3-8B-Instruct-2512,e5,hyde,e5/hyde,759,SPD,5,0.9348,0.9304,0.9324399999999999,2.5279999999999316e-06,0.0043999999999999595,2.1,2.7,0.6000000000000001
eval_20260722_233914,Ministral-3-8B-Instruct-2512,e5,hyde,e5/hyde,324,CDU,5,0.9379,0.9334,0.93462,3.466999999999947e-06,0.0044999999999999485,6.8,4.7,2.0999999999999996
eval_20260722_233914,Ministral-3-8B-Instruct-2512,e5,hyde,e5/hyde,689,SPD,5,0.9273,0.9241,0.9259000000000001,1.9849999999999734e-06,0.0031999999999999806,4.5,2.7,1.7999999999999998
eval_20260722_233914,Ministral-3-8B-Instruct-2512,e5,hyde,e5/hyde,136,AfD,5,0.9324,0.9259,0.92858,8.897000000000233e-06,0.006500000000000061,7.0,6.5,0.5
eval_20260722_233914,Ministral-3-8B-Instruct-2512,e5,hyde,e5/hyde,83,BÜNDNIS 90/DIE GRÜNEN,5,0.9305,0.9283,0.9293800000000001,6.26999999999984e-07,0.0021999999999999797,,2.4,
eval_20260722_233914,Ministral-3-8B-Instruct-2512,e5,hyde,e5/hyde,166,AfD,5,0.9369,0.9339,0.9347200000000001,1.5619999999999888e-06,0.0030000000000000027,6.8,6.5,0.2999999999999998
eval_20260722_233914,Ministral-3-8B-Instruct-2512,e5,hyde,e5/hyde,165,AfD,5,0.934,0.9314,0.93256,1.5480000000000056e-06,0.0026000000000000467,6.8,6.5,0.2999999999999998
eval_20260722_233914,Ministral-3-8B-Instruct-2512,e5,hyde,e5/hyde,28,AfD,5,0.9321,0.9307,0.9312400000000001,3.130000000000332e-07,0.0014000000000000679,6.8,6.5,0.2999999999999998
eval_20260722_233914,Ministral-3-8B-Instruct-2512,e5,hyde,e5/hyde,778,SPD,5,0.9459,0.9404,0.94288,6.786999999999895e-06,0.005499999999999949,2.8,2.7,0.09999999999999964
eval_20260722_233914,Ministral-3-8B-Instruct-2512,e5,hyde,e5/hyde,194,AfD,5,0.9474,0.9384,0.94152,1.3292000000000038e-05,0.009000000000000008,7.0,6.5,0.5
eval_20260722_233914,Ministral-3-8B-Instruct-2512,e5,hyde,e5/hyde,734,SPD,5,0.9371,0.9343,0.9355600000000001,1.5480000000000166e-06,0.0028000000000000247,3.2,2.7,0.5
eval_20260722_233914,Ministral-3-8B-Instruct-2512,e5,hyde,e5/hyde,533,DIE LINKE,5,0.9339,0.9312,0.9327,1.024999999999963e-06,0.0026999999999999247,2.1,1.3,0.8
eval_20260722_233914,Ministral-3-8B-Instruct-2512,e5,hyde,e5/hyde,330,CDU,5,0.9302,0.9239,0.9270200000000001,5.806999999999938e-06,0.006299999999999972,5.8,4.7,1.0999999999999996
eval_20260722_233914,Ministral-3-8B-Instruct-2512,e5,hyde,e5/hyde,137,AfD,5,0.937,0.9308,0.93356,5.823000000000127e-06,0.006200000000000094,,6.5,
eval_20260722_233914,Ministral-3-8B-Instruct-2512,e5,hyde,e5/hyde,429,DIE LINKE,5,0.94,0.9352,0.93768,4.236999999999878e-06,0.0047999999999999154,3.2,1.3,1.9000000000000001
eval_20260722_233914,Ministral-3-8B-Instruct-2512,e5,hyde,e5/hyde,445,DIE LINKE,5,0.9389,0.9334,0.9361200000000001,4.656999999999903e-06,0.005499999999999949,3.2,1.3,1.9000000000000001
eval_20260722_233914,Ministral-3-8B-Instruct-2512,e5,hyde,e5/hyde,141,AfD,5,0.9357,0.9323,0.93366,1.8229999999999836e-06,0.0033999999999999586,6.8,6.5,0.2999999999999998
eval_20260722_233914,Ministral-3-8B-Instruct-2512,e5,hyde,e5/hyde,487,DIE LINKE,5,0.9324,0.9294,0.9302400000000001,1.5830000000000143e-06,0.0030000000000000027,3.2,1.3,1.9000000000000001
eval_20260722_233914,Ministral-3-8B-Instruct-2512,e5,hyde,e5/hyde,6,CDU/CSU,5,0.9499,0.9352,0.94012,3.6226999999999665e-05,0.014699999999999935,4.5,4.7,0.20000000000000018
eval_20260722_233914,Ministral-3-8B-Instruct-2512,e5,hyde,e5/hyde,537,DIE LINKE,5,0.9358,0.9305,0.9329000000000001,3.694999999999958e-06,0.005299999999999971,1.2,1.3,0.10000000000000009
eval_20260722_233914,Ministral-3-8B-Instruct-2512,e5,hyde,e5/hyde,744,SPD,5,0.9318,0.9294,0.93022,9.91999999999978e-07,0.0023999999999999577,4.5,2.7,1.7999999999999998
eval_20260722_233914,Ministral-3-8B-Instruct-2512,e5,hyde,e5/hyde,236,BÜNDNIS 90/DIE GRÜNEN,5,0.9341,0.927,0.9299599999999998,1.127800000000017e-05,0.007099999999999995,3.5,2.4,1.1
eval_20260722_233914,Ministral-3-8B-Instruct-2512,e5,hyde,e5/hyde,498,DIE LINKE,5,0.9465,0.938,0.94004,1.3113000000000093e-05,0.008500000000000063,5.8,1.3,4.5
eval_20260722_233914,Ministral-3-8B-Instruct-2512,e5,hyde,e5/hyde,579,DIE LINKE,5,0.9393,0.9368,0.93828,1.0470000000000225e-06,0.0025000000000000577,3.2,1.3,1.9000000000000001
eval_20260722_233914,Ministral-3-8B-Instruct-2512,e5,hyde,e5/hyde,282,BÜNDNIS 90/DIE GRÜNEN,5,0.9423,0.9346,0.93714,1.090300000000011e-05,0.00770000000000004,2.1,2.4,0.2999999999999998
eval_20260722_233914,Ministral-3-8B-Instruct-2512,e5,hyde,e5/hyde,519,DIE LINKE,5,0.9338,0.9301,0.9320400000000001,2.592999999999905e-06,0.0036999999999999256,2.1,1.3,0.8
eval_20260722_233914,Ministral-3-8B-Instruct-2512,e5,hyde,e5/hyde,146,AfD,5,0.9406,0.9372,0.93834,1.9279999999999716e-06,0.0033999999999999586,7.0,6.5,0.5
eval_20260722_233914,Ministral-3-8B-Instruct-2512,e5,hyde,e5/hyde,303,BÜNDNIS 90/DIE GRÜNEN,5,0.9358,0.9333,0.9340999999999999,1.1449999999999588e-06,0.0024999999999999467,2.3,2.4,0.10000000000000009
eval_20260722_233914,Ministral-3-8B-Instruct-2512,e5,hyde,e5/hyde,221,BÜNDNIS 90/DIE GRÜNEN,5,0.9345,0.9327,0.9333600000000001,6.980000000000439e-07,0.0018000000000000238,3.2,2.4,0.8000000000000003
eval_20260722_233914,Ministral-3-8B-Instruct-2512,e5,hyde,e5/hyde,312,BÜNDNIS 90/DIE GRÜNEN,5,0.938,0.936,0.9367800000000001,8.919999999999169e-07,0.0019999999999998908,4.5,2.4,2.1
eval_20260722_233914,Ministral-3-8B-Instruct-2512,e5,hyde,e5/hyde,329,CDU,5,0.9327,0.9317,0.93208,1.4199999999999982e-07,0.0010000000000000009,6.8,4.7,2.0999999999999996
eval_20260722_233914,Ministral-3-8B-Instruct-2512,e5,hyde,e5/hyde,133,AfD,5,0.9281,0.922,0.9252,8.634999999999935e-06,0.006099999999999994,7.0,6.5,0.5
eval_20260722_233914,Ministral-3-8B-Instruct-2512,e5,hyde,e5/hyde,751,SPD,5,0.9347,0.933,0.93376,6.129999999999583e-07,0.0016999999999999238,3.8,2.7,1.0999999999999996
eval_20260722_233914,Ministral-3-8B-Instruct-2512,e5,hyde,e5/hyde,739,SPD,5,0.937,0.9346,0.9355400000000001,1.0980000000000613e-06,0.0024000000000000687,4.5,2.7,1.7999999999999998
eval_20260722_233914,Ministral-3-8B-Instruct-2512,e5,hyde,e5/hyde,800,SPD,5,0.914,0.9113,0.9122,1.1150000000000376e-06,0.0027000000000000357,4.5,2.7,1.7999999999999998
eval_20260722_233914,Ministral-3-8B-Instruct-2512,e5,hyde,e5/hyde,610,SPD,5,0.9425,0.9396,0.9407599999999998,1.408000000000025e-06,0.0029000000000000137,4.2,2.7,1.5
eval_20260722_233914,Ministral-3-8B-Instruct-2512,e5,hyde,e5/hyde,41,CDU/CSU,5,0.942,0.9388,0.9402399999999999,1.5729999999999632e-06,0.0031999999999999806,4.2,4.7,0.5
eval_20260722_233914,Ministral-3-8B-Instruct-2512,e5,hyde,e5/hyde,663,SPD,5,0.9322,0.9204,0.9240400000000001,2.242300000000012e-05,0.011800000000000033,4.2,2.7,1.5
eval_20260722_233914,Ministral-3-8B-Instruct-2512,e5,hyde,e5/hyde,109,BÜNDNIS 90/DIE GRÜNEN,5,0.9513,0.9408,0.9442999999999999,1.6695000000000185e-05,0.010500000000000065,3.2,2.4,0.8000000000000003
eval_20260722_233914,Ministral-3-8B-Instruct-2512,e5,hyde,e5/hyde,356,FDP,5,0.9353,0.9322,0.93298,1.6970000000000123e-06,0.0030999999999999917,4.2,4.3,0.09999999999999964
eval_20260722_233914,Ministral-3-8B-Instruct-2512,e5,hyde,e5/hyde,57,CDU/CSU,5,0.9324,0.9293,0.9308800000000002,1.896999999999984e-06,0.0030999999999999917,3.2,4.7,1.5
eval_20260722_233914,Ministral-3-8B-Instruct-2512,e5,hyde,e5/hyde,287,BÜNDNIS 90/DIE GRÜNEN,5,0.9444,0.9343,0.9383600000000001,1.5852999999999955e-05,0.010099999999999998,1.1,2.4,1.2999999999999998
eval_20260722_233914,Ministral-3-8B-Instruct-2512,e5,hyde,e5/hyde,291,BÜNDNIS 90/DIE GRÜNEN,5,0.9402,0.9355,0.93732,3.1170000000000466e-06,0.0047000000000000375,4.2,2.4,1.8000000000000003
eval_20260722_233914,Ministral-3-8B-Instruct-2512,e5,hyde,e5/hyde,423,DIE LINKE,5,0.9414,0.9401,0.94054,2.6799999999998874e-07,0.0012999999999999678,1.1,1.3,0.19999999999999996
eval_20260722_233914,Ministral-3-8B-Instruct-2512,e5,hyde,e5/hyde,24,BÜNDNIS 90/DIE GRÜNEN,5,0.9229,0.9192,0.9203800000000001,2.132000000000059e-06,0.0037000000000000366,3.2,2.4,0.8000000000000003
eval_20260722_233914,Ministral-3-8B-Instruct-2512,e5,hyde,e5/hyde,295,BÜNDNIS 90/DIE GRÜNEN,5,0.9475,0.9285,0.93346,6.260300000000009e-05,0.019000000000000017,1.2,2.4,1.2
eval_20260722_233914,Ministral-3-8B-Instruct-2512,e5,hyde,e5/hyde,363,FDP,5,0.9371,0.9329,0.93498,3.887000000000151e-06,0.0042000000000000925,4.2,4.3,0.09999999999999964
eval_20260722_233914,Ministral-3-8B-Instruct-2512,e5,hyde,e5/hyde,52,BÜNDNIS 90/DIE GRÜNEN,5,0.9404,0.9371,0.9383800000000001,2.2069999999999744e-06,0.0032999999999999696,2.8,2.4,0.3999999999999999
eval_20260722_233914,Ministral-3-8B-Instruct-2512,e5,hyde,e5/hyde,343,CSU,5,0.9385,0.9314,0.9340399999999999,9.783000000000069e-06,0.007099999999999995,6.5,5.4,1.0999999999999996
eval_20260722_233914,Ministral-3-8B-Instruct-2512,e5,hyde,e5/hyde,754,SPD,5,0.9278,0.9257,0.9264199999999999,6.569999999999719e-07,0.0020999999999999908,,2.7,
eval_20260722_233914,Ministral-3-8B-Instruct-2512,e5,hyde,e5/hyde,265,BÜNDNIS 90/DIE GRÜNEN,5,0.9361,0.9338,0.93492,9.970000000000224e-07,0.0023000000000000798,2.1,2.4,0.2999999999999998
eval_20260722_233914,Ministral-3-8B-Instruct-2512,e5,hyde,e5/hyde,674,SPD,5,0.938,0.9332,0.93516,3.622999999999888e-06,0.0047999999999999154,2.1,2.7,0.6000000000000001
eval_20260722_233914,Ministral-3-8B-Instruct-2512,e5,hyde,e5/hyde,571,DIE LINKE,5,0.9271,0.9232,0.9244800000000002,2.6870000000000155e-06,0.0039000000000000146,5.8,1.3,4.5
eval_20260722_233914,Ministral-3-8B-Instruct-2512,e5,hyde,e5/hyde,396,FDP,5,0.9405,0.9387,0.9398199999999999,4.5200000000001585e-07,0.0018000000000000238,2.8,4.3,1.5
eval_20260722_233914,Ministral-3-8B-Instruct-2512,e5,hyde,e5/hyde,732,SPD,5,0.944,0.9386,0.9399999999999998,5.074999999999909e-06,0.00539999999999996,3.2,2.7,0.5
eval_20260722_233914,Ministral-3-8B-Instruct-2512,e5,hyde,e5/hyde,598,SPD,5,0.9247,0.9232,0.92394,3.4299999999998437e-07,0.0014999999999999458,3.8,2.7,1.0999999999999996
eval_20260722_233914,Ministral-3-8B-Instruct-2512,e5,hyde,e5/hyde,534,DIE LINKE,5,0.953,0.9441,0.9479999999999998,1.3054999999999867e-05,0.008899999999999908,1.2,1.3,0.10000000000000009
eval_20260722_233914,Ministral-3-8B-Instruct-2512,e5,hyde,e5/hyde,84,BÜNDNIS 90/DIE GRÜNEN,5,0.9343,0.9324,0.9334600000000002,5.830000000000126e-07,0.0019000000000000128,4.5,2.4,2.1
eval_20260722_233914,Ministral-3-8B-Instruct-2512,e5,hyde,e5/hyde,62,BÜNDNIS 90/DIE GRÜNEN,5,0.9374,0.9348,0.9363199999999999,9.170000000000268e-07,0.0026000000000000467,3.2,2.4,0.8000000000000003
eval_20260722_233914,Ministral-3-8B-Instruct-2512,e5,hyde,e5/hyde,786,SPD,5,0.9291,0.927,0.9281,1.0549999999999454e-06,0.0020999999999999908,4.5,2.7,1.7999999999999998
eval_20260722_233914,Ministral-3-8B-Instruct-2512,e5,hyde,e5/hyde,808,SPD,5,0.9381,0.9346,0.9362600000000001,2.3980000000000857e-06,0.0035000000000000586,3.2,2.7,0.5
eval_20260722_233914,Ministral-3-8B-Instruct-2512,e5,hyde,e5/hyde,692,SPD,5,0.9369,0.9348,0.9362199999999999,7.070000000000019e-07,0.0020999999999999908,6.8,2.7,4.1
eval_20260722_233914,Ministral-3-8B-Instruct-2512,e5,hyde,e5/hyde,542,DIE LINKE,5,0.9457,0.9357,0.9391,1.5079999999999986e-05,0.010000000000000009,2.1,1.3,0.8
eval_20260722_233914,Ministral-3-8B-Instruct-2512,e5,hyde,e5/hyde,183,AfD,5,0.9313,0.9274,0.9285,2.5250000000000156e-06,0.0039000000000000146,7.0,6.5,0.5
eval_20260722_233914,Ministral-3-8B-Instruct-2512,e5,hyde,e5/hyde,553,DIE LINKE,5,0.9306,0.9277,0.92918,1.0870000000000194e-06,0.0029000000000000137,5.8,1.3,4.5
eval_20260722_233914,Ministral-3-8B-Instruct-2512,e5,hyde,e5/hyde,515,DIE LINKE,5,0.9411,0.9381,0.9390600000000001,1.4330000000000238e-06,0.0030000000000000027,1.2,1.3,0.10000000000000009
eval_20260722_233914,Ministral-3-8B-Instruct-2512,e5,hyde,e5/hyde,224,BÜNDNIS 90/DIE GRÜNEN,5,0.9293,0.925,0.92736,2.607999999999981e-06,0.0042999999999999705,5.8,2.4,3.4
eval_20260722_233914,Ministral-3-8B-Instruct-2512,e5,hyde,e5/hyde,437,DIE LINKE,5,0.9462,0.9369,0.9397,1.3785000000000262e-05,0.009300000000000086,1.2,1.3,0.10000000000000009
eval_20260722_233914,Ministral-3-8B-Instruct-2512,e5,hyde,e5/hyde,654,SPD,5,0.9397,0.9359,0.9375200000000001,2.481999999999997e-06,0.0038000000000000256,3.2,2.7,0.5
eval_20260722_233914,Ministral-3-8B-Instruct-2512,e5,hyde,e5/hyde,656,SPD,5,0.936,0.9317,0.9328800000000002,3.222000000000114e-06,0.0043000000000000815,,2.7,
eval_20260722_233914,Ministral-3-8B-Instruct-2512,e5,hyde,e5/hyde,657,SPD,5,0.9367,0.9325,0.9346,2.519999999999961e-06,0.0041999999999999815,5.8,2.7,3.0999999999999996
eval_20260722_233914,Ministral-3-8B-Instruct-2512,e5,hyde,e5/hyde,641,SPD,5,0.9394,0.9365,0.9374399999999999,1.303000000000018e-06,0.0029000000000000137,4.5,2.7,1.7999999999999998
eval_20260722_233914,Ministral-3-8B-Instruct-2512,e5,hyde,e5/hyde,508,DIE LINKE,5,0.9418,0.9337,0.93614,1.1132999999999924e-05,0.008099999999999996,6.5,1.3,5.2
eval_20260722_233914,Ministral-3-8B-Instruct-2512,e5,hyde,e5/hyde,177,AfD,5,0.9234,0.9205,0.9220200000000001,1.4670000000000344e-06,0.0029000000000000137,6.8,6.5,0.2999999999999998
eval_20260722_233914,Ministral-3-8B-Instruct-2512,e5,hyde,e5/hyde,559,DIE LINKE,5,0.9458,0.9404,0.9432600000000001,5.8979999999999256e-06,0.00539999999999996,2.1,1.3,0.8
eval_20260722_233914,Ministral-3-8B-Instruct-2512,e5,hyde,e5/hyde,540,DIE LINKE,5,0.9425,0.9377,0.93918,3.932000000000042e-06,0.0048000000000000265,1.2,1.3,0.10000000000000009
eval_20260722_233914,Ministral-3-8B-Instruct-2512,e5,hyde,e5/hyde,164,AfD,5,0.9445,0.9402,0.9415000000000001,3.5149999999999697e-06,0.0042999999999999705,3.2,6.5,3.3
eval_20260722_233914,Ministral-3-8B-Instruct-2512,e5,hyde,e5/hyde,249,BÜNDNIS 90/DIE GRÜNEN,5,0.942,0.9336,0.9378,1.0984999999999979e-05,0.008399999999999963,6.8,2.4,4.4
eval_20260722_233914,Ministral-3-8B-Instruct-2512,e5,hyde,e5/hyde,531,DIE LINKE,5,0.9499,0.9422,0.9450200000000001,8.80199999999984e-06,0.007699999999999929,6.5,1.3,5.2
eval_20260722_233914,Ministral-3-8B-Instruct-2512,e5,hyde,e5/hyde,735,SPD,5,0.9327,0.9232,0.92666,1.6282999999999786e-05,0.009499999999999953,3.8,2.7,1.0999999999999996
eval_20260722_233914,Ministral-3-8B-Instruct-2512,e5,hyde,e5/hyde,709,SPD,5,0.9394,0.934,0.93606,4.908000000000036e-06,0.00539999999999996,4.2,2.7,1.5
eval_20260722_233914,Ministral-3-8B-Instruct-2512,e5,hyde,e5/hyde,418,DIE LINKE,5,0.9387,0.936,0.9369799999999999,1.246999999999945e-06,0.0026999999999999247,1.2,1.3,0.10000000000000009
eval_20260722_233914,Ministral-3-8B-Instruct-2512,e5,hyde,e5/hyde,105,CDU/CSU,5,0.9298,0.9266,0.9282,2.259999999999946e-06,0.0031999999999999806,,4.7,
eval_20260722_233914,Ministral-3-8B-Instruct-2512,e5,hyde,e5/hyde,115,AfD,5,0.9431,0.938,0.9397,4.3550000000000955e-06,0.0051000000000001044,7.0,6.5,0.5
eval_20260722_233914,Ministral-3-8B-Instruct-2512,e5,hyde,e5/hyde,672,SPD,5,0.9383,0.9335,0.9354800000000001,3.3920000000000363e-06,0.0048000000000000265,4.5,2.7,1.7999999999999998
eval_20260722_233914,Ministral-3-8B-Instruct-2512,e5,hyde,e5/hyde,93,DIE LINKE,5,0.9278,0.9159,0.91982,2.2946999999999792e-05,0.01189999999999991,5.8,1.3,4.5
eval_20260722_233914,Ministral-3-8B-Instruct-2512,e5,hyde,e5/hyde,424,DIE LINKE,5,0.937,0.9283,0.9308799999999999,1.2197000000000138e-05,0.008700000000000041,1.2,1.3,0.10000000000000009
eval_20260722_233914,Ministral-3-8B-Instruct-2512,e5,hyde,e5/hyde,90,DIE LINKE,5,0.936,0.9324,0.93338,2.2020000000000756e-06,0.0036000000000000476,1.2,1.3,0.10000000000000009
eval_20260722_233914,Ministral-3-8B-Instruct-2512,e5,hyde,e5/hyde,443,DIE LINKE,5,0.938,0.9354,0.9362999999999999,1.0899999999999485e-06,0.0025999999999999357,1.2,1.3,0.10000000000000009
eval_20260722_233914,Ministral-3-8B-Instruct-2512,e5,hyde,e5/hyde,755,SPD,5,0.9386,0.9336,0.93544,4.043000000000042e-06,0.0050000000000000044,3.2,2.7,0.5
eval_20260722_233914,Ministral-3-8B-Instruct-2512,e5,hyde,e5/hyde,764,SPD,5,0.9458,0.9381,0.9406800000000001,9.606999999999905e-06,0.007699999999999929,2.1,2.7,0.6000000000000001
eval_20260722_233914,Ministral-3-8B-Instruct-2512,e5,hyde,e5/hyde,686,SPD,5,0.9361,0.929,0.9318200000000001,9.272000000000005e-06,0.007099999999999995,4.5,2.7,1.7999999999999998
eval_20260722_233914,Ministral-3-8B-Instruct-2512,e5,hyde,e5/hyde,592,DIE LINKE,5,0.9413,0.936,0.9387399999999999,5.322999999999884e-06,0.005299999999999971,1.2,1.3,0.10000000000000009
eval_20260722_233914,Ministral-3-8B-Instruct-2512,e5,hyde,e5/hyde,756,SPD,5,0.9394,0.9324,0.93484,7.4729999999999876e-06,0.007000000000000006,3.2,2.7,0.5
eval_20260722_233914,Ministral-3-8B-Instruct-2512,e5,hyde,e5/hyde,11,BÜNDNIS 90/DIE GRÜNEN,5,0.9432,0.9366,0.93926,6.273000000000108e-06,0.00660000000000005,6.8,2.4,4.4
eval_20260722_233914,Ministral-3-8B-Instruct-2512,e5,hyde,e5/hyde,501,DIE LINKE,5,0.9427,0.9374,0.9387000000000001,5.1649999999999565e-06,0.005299999999999971,2.1,1.3,0.8
eval_20260722_233914,Ministral-3-8B-Instruct-2512,e5,hyde,e5/hyde,43,CDU/CSU,5,0.9477,0.9443,0.9456,2.2899999999999675e-06,0.0033999999999999586,5.8,4.7,1.0999999999999996
eval_20260722_233914,Ministral-3-8B-Instruct-2512,e5,hyde,e5/hyde,42,CDU/CSU,5,0.9429,0.9366,0.9386600000000002,6.1729999999998924e-06,0.006299999999999972,4.2,4.7,0.5
eval_20260722_233914,Ministral-3-8B-Instruct-2512,e5,hyde,e5/hyde,168,AfD,5,0.9422,0.9385,0.94066,1.9230000000000225e-06,0.0037000000000000366,6.8,6.5,0.2999999999999998
eval_20260722_233914,Ministral-3-8B-Instruct-2512,e5,hyde,e5/hyde,589,DIE LINKE,5,0.9382,0.9342,0.93636,2.142999999999998e-06,0.0040000000000000036,1.2,1.3,0.10000000000000009
eval_20260722_233914,Ministral-3-8B-Instruct-2512,e5,hyde,e5/hyde,644,SPD,5,0.9225,0.9198,0.9205,1.3100000000000116e-06,0.0027000000000000357,3.2,2.7,0.5
eval_20260722_233914,Ministral-3-8B-Instruct-2512,e5,hyde,e5/hyde,179,AfD,5,0.9406,0.9379,0.9391999999999999,1.0650000000000262e-06,0.0027000000000000357,6.8,6.5,0.2999999999999998
eval_20260722_233914,Ministral-3-8B-Instruct-2512,e5,hyde,e5/hyde,552,DIE LINKE,5,0.9314,0.9276,0.9296800000000001,1.9720000000000275e-06,0.0038000000000000256,1.2,1.3,0.10000000000000009
eval_20260722_233914,Ministral-3-8B-Instruct-2512,e5,hyde,e5/hyde,178,AfD,5,0.9416,0.9295,0.9329999999999998,2.4579999999999893e-05,0.0121,7.0,6.5,0.5
eval_20260722_233914,Ministral-3-8B-Instruct-2512,e5,hyde,e5/hyde,573,DIE LINKE,5,0.9424,0.9377,0.9391199999999997,3.857000000000104e-06,0.0047000000000000375,4.2,1.3,2.9000000000000004
eval_20260722_233914,Ministral-3-8B-Instruct-2512,e5,hyde,e5/hyde,258,BÜNDNIS 90/DIE GRÜNEN,5,0.9397,0.9376,0.9383799999999999,9.92000000000019e-07,0.0020999999999999908,1.2,2.4,1.2
eval_20260722_233914,Ministral-3-8B-Instruct-2512,e5,hyde,e5/hyde,449,DIE LINKE,5,0.9307,0.9267,0.9289799999999999,2.637000000000011e-06,0.0040000000000000036,1.2,1.3,0.10000000000000009
eval_20260722_233914,Ministral-3-8B-Instruct-2512,e5,hyde,e5/hyde,486,DIE LINKE,5,0.9369,0.9344,0.93538,8.569999999999499e-07,0.0024999999999999467,1.5,1.3,0.19999999999999996
eval_20260722_233914,Ministral-3-8B-Instruct-2512,e5,hyde,e5/hyde,15,BÜNDNIS 90/DIE GRÜNEN,5,0.951,0.9358,0.94002,3.8971999999999924e-05,0.015199999999999991,3.2,2.4,0.8000000000000003
eval_20260722_233914,Ministral-3-8B-Instruct-2512,e5,hyde,e5/hyde,3,CDU/CSU,5,0.941,0.9344,0.93652,6.826999999999857e-06,0.006599999999999939,,4.7,
eval_20260722_233914,Ministral-3-8B-Instruct-2512,e5,hyde,e5/hyde,347,CSU,5,0.9353,0.9336,0.9344199999999999,4.6700000000002037e-07,0.0017000000000000348,3.2,5.4,2.2
eval_20260722_233914,Ministral-3-8B-Instruct-2512,e5,hyde,e5/hyde,257,BÜNDNIS 90/DIE GRÜNEN,5,0.9387,0.9358,0.93696,1.7929999999999892e-06,0.0029000000000000137,6.5,2.4,4.1
eval_20260722_233914,Ministral-3-8B-Instruct-2512,e5,hyde,e5/hyde,384,FDP,5,0.9428,0.94,0.94102,1.2269999999999996e-06,0.0028000000000000247,1.2,4.3,3.0999999999999996
eval_20260722_233914,Ministral-3-8B-Instruct-2512,e5,hyde,e5/hyde,594,DIE LINKE,5,0.9305,0.9292,0.9298,2.5999999999999825e-07,0.0012999999999999678,4.5,1.3,3.2
eval_20260722_233914,Ministral-3-8B-Instruct-2512,e5,hyde,e5/hyde,797,SPD,5,0.9355,0.9306,0.9326399999999999,6.3880000000000395e-06,0.0049000000000000155,5.8,2.7,3.0999999999999996
eval_20260722_233914,Ministral-3-8B-Instruct-2512,e5,hyde,e5/hyde,798,SPD,5,0.9409,0.9348,0.93674,6.342999999999928e-06,0.006099999999999994,,2.7,
eval_20260722_233914,Ministral-3-8B-Instruct-2512,e5,hyde,e5/hyde,430,DIE LINKE,5,0.9264,0.9239,0.92508,9.1199999999997e-07,0.0024999999999999467,3.2,1.3,1.9000000000000001
eval_20260722_233914,Ministral-3-8B-Instruct-2512,e5,hyde,e5/hyde,616,SPD,5,0.9449,0.939,0.9404,6.3549999999999264e-06,0.005900000000000016,4.2,2.7,1.5
eval_20260722_233914,Ministral-3-8B-Instruct-2512,e5,hyde,e5/hyde,412,FDP,5,0.9373,0.928,0.93164,1.9772999999999866e-05,0.009299999999999975,4.5,4.3,0.20000000000000018
eval_20260722_233914,Ministral-3-8B-Instruct-2512,e5,hyde,e5/hyde,325,CDU,5,0.9361,0.9335,0.9348600000000001,9.830000000000345e-07,0.0026000000000000467,4.5,4.7,0.20000000000000018
eval_20260722_233914,Ministral-3-8B-Instruct-2512,e5,hyde,e5/hyde,670,SPD,5,0.9393,0.9342,0.93642,3.761999999999998e-06,0.005099999999999993,4.5,2.7,1.7999999999999998
eval_20260722_233914,Ministral-3-8B-Instruct-2512,e5,hyde,e5/hyde,9,BÜNDNIS 90/DIE GRÜNEN,5,0.9443,0.9413,0.9429000000000001,1.21500000000001e-06,0.0030000000000000027,3.2,2.4,0.8000000000000003
eval_20260722_233914,Ministral-3-8B-Instruct-2512,e5,hyde,e5/hyde,250,BÜNDNIS 90/DIE GRÜNEN,5,0.9259,0.9245,0.92486,3.6799999999997894e-07,0.0013999999999999568,3.5,2.4,1.1
eval_20260722_233914,Ministral-3-8B-Instruct-2512,e5,hyde,e5/hyde,22,BÜNDNIS 90/DIE GRÜNEN,5,0.9358,0.9292,0.93254,9.947999999999927e-06,0.006599999999999939,5.8,2.4,3.4
eval_20260722_233914,Ministral-3-8B-Instruct-2512,e5,hyde,e5/hyde,222,BÜNDNIS 90/DIE GRÜNEN,5,0.9525,0.9453,0.9475999999999999,8.510000000000002e-06,0.007199999999999984,1.2,2.4,1.2
eval_20260722_233914,Ministral-3-8B-Instruct-2512,e5,hyde,e5/hyde,560,DIE LINKE,5,0.937,0.9341,0.93482,1.4970000000000335e-06,0.0029000000000000137,1.2,1.3,0.10000000000000009
eval_20260722_233914,Ministral-3-8B-Instruct-2512,e5,hyde,e5/hyde,707,SPD,5,0.936,0.9328,0.9339000000000001,1.6000000000000696e-06,0.0032000000000000917,4.5,2.7,1.7999999999999998
eval_20260722_233914,Ministral-3-8B-Instruct-2512,e5,hyde,e5/hyde,805,SPD,5,0.9376,0.9322,0.9346,6.839999999999992e-06,0.00539999999999996,4.2,2.7,1.5
eval_20260722_233914,Ministral-3-8B-Instruct-2512,e5,hyde,e5/hyde,468,DIE LINKE,5,0.9343,0.9275,0.9305,7.760000000000088e-06,0.006800000000000028,1.2,1.3,0.10000000000000009
eval_20260722_233914,Ministral-3-8B-Instruct-2512,e5,hyde,e5/hyde,341,CDU,5,0.9391,0.9352,0.9372399999999999,2.5429999999999416e-06,0.0039000000000000146,4.2,4.7,0.5
eval_20260722_233914,Ministral-3-8B-Instruct-2512,e5,hyde,e5/hyde,238,BÜNDNIS 90/DIE GRÜNEN,5,0.938,0.9362,0.9370200000000001,5.119999999999616e-07,0.0017999999999999128,2.2,2.4,0.19999999999999973
eval_20260722_233914,Ministral-3-8B-Instruct-2512,e5,hyde,e5/hyde,94,AfD,5,0.9429,0.9356,0.93774,8.712999999999894e-06,0.007299999999999973,6.8,6.5,0.2999999999999998
eval_20260722_233914,Ministral-3-8B-Instruct-2512,e5,hyde,e5/hyde,413,FDP,5,0.9425,0.9353,0.93828,8.286999999999924e-06,0.007199999999999984,6.5,4.3,2.2
eval_20260722_233914,Ministral-3-8B-Instruct-2512,e5,hyde,e5/hyde,636,SPD,5,0.9395,0.9314,0.93416,1.0282999999999949e-05,0.008099999999999996,4.2,2.7,1.5
eval_20260722_233914,Ministral-3-8B-Instruct-2512,e5,hyde,e5/hyde,719,SPD,5,0.9388,0.929,0.9314,1.7244999999999822e-05,0.00979999999999992,3.2,2.7,0.5
eval_20260722_233914,Ministral-3-8B-Instruct-2512,e5,hyde,e5/hyde,285,BÜNDNIS 90/DIE GRÜNEN,5,0.9404,0.9302,0.9337799999999999,1.5342000000000057e-05,0.010199999999999987,5.8,2.4,3.4
eval_20260722_233914,Ministral-3-8B-Instruct-2512,e5,hyde,e5/hyde,185,AfD,5,0.9275,0.9198,0.92228,9.982000000000004e-06,0.00770000000000004,7.0,6.5,0.5
eval_20260722_233914,Ministral-3-8B-Instruct-2512,e5,hyde,e5/hyde,665,SPD,5,0.9337,0.9303,0.93176,1.5529999999999676e-06,0.0033999999999999586,4.2,2.7,1.5
eval_20260722_233914,Ministral-3-8B-Instruct-2512,e5,hyde,e5/hyde,690,SPD,5,0.9438,0.9402,0.9418599999999999,2.417999999999977e-06,0.0035999999999999366,3.2,2.7,0.5
eval_20260722_233914,Ministral-3-8B-Instruct-2512,e5,hyde,e5/hyde,154,AfD,5,0.9318,0.9279,0.9299799999999999,3.466999999999977e-06,0.0039000000000000146,1.2,6.5,5.3
eval_20260722_233914,Ministral-3-8B-Instruct-2512,e5,hyde,e5/hyde,76,SPD,5,0.9313,0.9285,0.92964,1.1180000000000014e-06,0.0028000000000000247,3.5,2.7,0.7999999999999998
eval_20260722_233914,Ministral-3-8B-Instruct-2512,e5,hyde,e5/hyde,466,DIE LINKE,5,0.9378,0.929,0.9311400000000001,1.4017999999999807e-05,0.008799999999999919,2.1,1.3,0.8
eval_20260722_233914,Ministral-3-8B-Instruct-2512,e5,hyde,e5/hyde,513,DIE LINKE,5,0.9405,0.9362,0.9380599999999999,4.808000000000002e-06,0.0042999999999999705,2.1,1.3,0.8
eval_20260722_233914,Ministral-3-8B-Instruct-2512,e5,hyde,e5/hyde,278,BÜNDNIS 90/DIE GRÜNEN,5,0.9342,0.9318,0.93306,1.1880000000000003e-06,0.0024000000000000687,2.1,2.4,0.2999999999999998
eval_20260722_233914,Ministral-3-8B-Instruct-2512,e5,hyde,e5/hyde,69,BÜNDNIS 90/DIE GRÜNEN,5,0.9307,0.9271,0.9291400000000001,1.8029999999999402e-06,0.0035999999999999366,6.5,2.4,4.1
eval_20260722_233914,Ministral-3-8B-Instruct-2512,e5,hyde,e5/hyde,526,DIE LINKE,5,0.918,0.909,0.91258,1.376200000000002e-05,0.009000000000000008,1.2,1.3,0.10000000000000009
eval_20260722_233914,Ministral-3-8B-Instruct-2512,e5,hyde,e5/hyde,189,AfD,5,0.9488,0.9432,0.9450800000000001,5.311999999999943e-06,0.005599999999999938,,6.5,
eval_20260722_233914,Ministral-3-8B-Instruct-2512,e5,hyde,e5/hyde,272,BÜNDNIS 90/DIE GRÜNEN,5,0.9389,0.9348,0.93692,2.406999999999978e-06,0.0040999999999999925,4.2,2.4,1.8000000000000003
eval_20260722_233914,Ministral-3-8B-Instruct-2512,e5,hyde,e5/hyde,517,DIE LINKE,5,0.9421,0.9377,0.9395,2.5650000000000678e-06,0.0044000000000000705,1.2,1.3,0.10000000000000009
eval_20260722_233914,Ministral-3-8B-Instruct-2512,e5,hyde,e5/hyde,237,BÜNDNIS 90/DIE GRÜNEN,5,0.9451,0.9363,0.9406000000000001,1.1575000000000078e-05,0.00880000000000003,2.2,2.4,0.19999999999999973
eval_20260722_233914,Ministral-3-8B-Instruct-2512,e5,hyde,e5/hyde,89,BÜNDNIS 90/DIE GRÜNEN,5,0.9369,0.9231,0.9277,3.234499999999964e-05,0.013799999999999923,1.2,2.4,1.2
eval_20260722_233914,Ministral-3-8B-Instruct-2512,e5,hyde,e5/hyde,698,SPD,5,0.9308,0.9284,0.9293800000000001,8.069999999999821e-07,0.0023999999999999577,4.5,2.7,1.7999999999999998
eval_20260722_233914,Ministral-3-8B-Instruct-2512,e5,hyde,e5/hyde,118,AfD,5,0.9367,0.9254,0.92932,2.0481999999999944e-05,0.011299999999999977,6.8,6.5,0.2999999999999998
eval_20260722_233914,Ministral-3-8B-Instruct-2512,e5,hyde,e5/hyde,126,AfD,5,0.9417,0.9356,0.93714,6.837999999999997e-06,0.006099999999999994,1.1,6.5,5.4
eval_20260722_233914,Ministral-3-8B-Instruct-2512,e5,hyde,e5/hyde,676,SPD,5,0.9349,0.9286,0.93134,7.052999999999964e-06,0.006299999999999972,2.1,2.7,0.6000000000000001
eval_20260722_233914,Ministral-3-8B-Instruct-2512,e5,hyde,e5/hyde,290,BÜNDNIS 90/DIE GRÜNEN,5,0.9381,0.9349,0.9363400000000001,1.7330000000000737e-06,0.0032000000000000917,3.2,2.4,0.8000000000000003
eval_20260722_233914,Ministral-3-8B-Instruct-2512,e5,hyde,e5/hyde,239,BÜNDNIS 90/DIE GRÜNEN,5,0.9344,0.9306,0.9328,2.075000000000015e-06,0.0038000000000000256,2.1,2.4,0.2999999999999998
eval_20260722_233914,Ministral-3-8B-Instruct-2512,e5,hyde,e5/hyde,0,BÜNDNIS 90/DIE GRÜNEN,5,0.9428,0.9418,0.94234,1.7299999999999187e-07,0.0010000000000000009,2.8,2.4,0.3999999999999999
eval_20260722_233914,Ministral-3-8B-Instruct-2512,e5,hyde,e5/hyde,812,SPD,5,0.9337,0.9313,0.9325000000000001,1.1149999999999821e-06,0.0023999999999999577,5.8,2.7,3.0999999999999996
eval_20260722_233914,Ministral-3-8B-Instruct-2512,e5,hyde,e5/hyde,397,FDP,5,0.9409,0.9304,0.9333,1.9564999999999814e-05,0.010499999999999954,3.2,4.3,1.0999999999999996
eval_20260722_233914,Ministral-3-8B-Instruct-2512,e5,hyde,e5/hyde,717,SPD,5,0.9361,0.9285,0.93216,8.298000000000116e-06,0.007600000000000051,2.1,2.7,0.6000000000000001
eval_20260722_233914,Ministral-3-8B-Instruct-2512,e5,hyde,e5/hyde,479,DIE LINKE,5,0.9353,0.9324,0.93392,1.0770000000000161e-06,0.0029000000000000137,3.2,1.3,1.9000000000000001
eval_20260722_233914,Ministral-3-8B-Instruct-2512,e5,hyde,e5/hyde,279,BÜNDNIS 90/DIE GRÜNEN,5,0.9365,0.9343,0.93564,8.979999999999865e-07,0.0021999999999999797,3.2,2.4,0.8000000000000003
eval_20260722_233914,Ministral-3-8B-Instruct-2512,e5,hyde,e5/hyde,639,SPD,5,0.9247,0.9201,0.92158,3.6319999999999506e-06,0.0045999999999999375,3.2,2.7,0.5
eval_20260722_233914,Ministral-3-8B-Instruct-2512,e5,hyde,e5/hyde,117,AfD,5,0.944,0.9414,0.9425799999999999,8.569999999999554e-07,0.0025999999999999357,7.0,6.5,0.5
eval_20260722_233914,Ministral-3-8B-Instruct-2512,e5,hyde,e5/hyde,229,BÜNDNIS 90/DIE GRÜNEN,5,0.9386,0.9328,0.9357000000000001,6.545000000000023e-06,0.005800000000000027,2.1,2.4,0.2999999999999998
eval_20260722_233914,Ministral-3-8B-Instruct-2512,e5,hyde,e5/hyde,580,DIE LINKE,5,0.9393,0.9368,0.9381599999999999,9.130000000000364e-07,0.0025000000000000577,4.5,1.3,3.2
eval_20260722_233914,Ministral-3-8B-Instruct-2512,e5,hyde,e5/hyde,433,DIE LINKE,5,0.9358,0.9313,0.93306,2.9629999999999257e-06,0.0044999999999999485,2.8,1.3,1.4999999999999998
eval_20260722_233914,Ministral-3-8B-Instruct-2512,e5,hyde,e5/hyde,447,DIE LINKE,5,0.9416,0.9395,0.9404,7.849999999999825e-07,0.0020999999999999908,2.1,1.3,0.8
eval_20260722_233914,Ministral-3-8B-Instruct-2512,e5,hyde,e5/hyde,275,BÜNDNIS 90/DIE GRÜNEN,5,0.9475,0.9407,0.9428599999999999,8.083000000000082e-06,0.006800000000000028,3.2,2.4,0.8000000000000003
eval_20260722_233914,Ministral-3-8B-Instruct-2512,e5,hyde,e5/hyde,629,SPD,5,0.9121,0.9069,0.90858,4.132000000000014e-06,0.005199999999999982,4.5,2.7,1.7999999999999998
eval_20260722_233914,Ministral-3-8B-Instruct-2512,e5,hyde,e5/hyde,145,AfD,5,0.9427,0.9282,0.9318000000000002,3.805499999999982e-05,0.014499999999999957,6.8,6.5,0.2999999999999998
eval_20260722_233914,Ministral-3-8B-Instruct-2512,e5,hyde,e5/hyde,591,DIE LINKE,5,0.9452,0.9428,0.94396,1.2480000000000514e-06,0.0024000000000000687,2.1,1.3,0.8
eval_20260722_233914,Ministral-3-8B-Instruct-2512,e5,hyde,e5/hyde,520,DIE LINKE,5,0.9383,0.9355,0.9369799999999999,1.1120000000000192e-06,0.0028000000000000247,1.2,1.3,0.10000000000000009
eval_20260722_233914,Ministral-3-8B-Instruct-2512,e5,hyde,e5/hyde,747,SPD,5,0.933,0.9286,0.93042,3.472000000000112e-06,0.0044000000000000705,3.2,2.7,0.5
eval_20260722_233914,Ministral-3-8B-Instruct-2512,e5,hyde,e5/hyde,599,SPD,5,0.938,0.9358,0.9372599999999999,8.9799999999999e-07,0.0021999999999999797,4.5,2.7,1.7999999999999998
eval_20260722_233914,Ministral-3-8B-Instruct-2512,e5,hyde,e5/hyde,370,FDP,5,0.9289,0.9263,0.9273800000000001,1.356999999999951e-06,0.0025999999999999357,2.1,4.3,2.1999999999999997
eval_20260722_233914,Ministral-3-8B-Instruct-2512,e5,hyde,e5/hyde,269,BÜNDNIS 90/DIE GRÜNEN,5,0.9345,0.928,0.93096,7.262999999999949e-06,0.00649999999999995,4.5,2.4,2.1
eval_20260722_233914,Ministral-3-8B-Instruct-2512,e5,hyde,e5/hyde,581,DIE LINKE,5,0.9298,0.9266,0.92768,1.5919999999999445e-06,0.0031999999999999806,1.2,1.3,0.10000000000000009
eval_20260722_233914,Ministral-3-8B-Instruct-2512,e5,hyde,e5/hyde,311,BÜNDNIS 90/DIE GRÜNEN,5,0.9429,0.9369,0.93918,7.376999999999982e-06,0.006000000000000005,3.2,2.4,0.8000000000000003
eval_20260722_233914,Ministral-3-8B-Instruct-2512,e5,hyde,e5/hyde,596,DIE LINKE,5,0.9415,0.941,0.94124,3.300000000000605e-08,0.000500000000000056,1.1,1.3,0.19999999999999996
eval_20260722_233914,Ministral-3-8B-Instruct-2512,e5,hyde,e5/hyde,47,CDU/CSU,5,0.9394,0.9354,0.9373400000000001,3.088000000000016e-06,0.0040000000000000036,4.5,4.7,0.20000000000000018
eval_20260722_233914,Ministral-3-8B-Instruct-2512,e5,hyde,e5/hyde,350,FDP,5,0.9276,0.9252,0.92622,1.2319999999999907e-06,0.0023999999999999577,3.2,4.3,1.0999999999999996
eval_20260722_233914,Ministral-3-8B-Instruct-2512,e5,hyde,e5/hyde,536,DIE LINKE,5,0.9488,0.9405,0.94282,1.1736999999999956e-05,0.008299999999999974,1.2,1.3,0.10000000000000009
eval_20260722_233914,Ministral-3-8B-Instruct-2512,e5,hyde,e5/hyde,262,BÜNDNIS 90/DIE GRÜNEN,5,0.9416,0.9321,0.9374399999999999,1.9222999999999836e-05,0.009499999999999953,4.5,2.4,2.1
eval_20260722_233914,Ministral-3-8B-Instruct-2512,e5,hyde,e5/hyde,196,AfD,5,0.9442,0.9402,0.9423,3.270000000000029e-06,0.0040000000000000036,7.0,6.5,0.5
eval_20260722_233914,Ministral-3-8B-Instruct-2512,e5,hyde,e5/hyde,820,SPD,5,0.9334,0.9279,0.93058,4.037000000000105e-06,0.00550000000000006,5.8,2.7,3.0999999999999996
eval_20260722_233914,Ministral-3-8B-Instruct-2512,e5,hyde,e5/hyde,688,SPD,5,0.9273,0.9214,0.924,5.5149999999999785e-06,0.005900000000000016,3.2,2.7,0.5
eval_20260722_233914,Ministral-3-8B-Instruct-2512,e5,hyde,e5/hyde,108,AfD,5,0.9424,0.9371,0.9401400000000001,4.872999999999984e-06,0.005299999999999971,6.2,6.5,0.2999999999999998
eval_20260722_233914,Ministral-3-8B-Instruct-2512,e5,hyde,e5/hyde,60,BÜNDNIS 90/DIE GRÜNEN,5,0.9249,0.9215,0.92318,2.217000000000049e-06,0.0034000000000000696,3.2,2.4,0.8000000000000003
eval_20260722_233914,Ministral-3-8B-Instruct-2512,e5,hyde,e5/hyde,623,SPD,5,0.9323,0.9306,0.9311399999999999,4.930000000000291e-07,0.0017000000000000348,6.5,2.7,3.8
eval_20260722_233914,Ministral-3-8B-Instruct-2512,e5,hyde,e5/hyde,452,DIE LINKE,5,0.9391,0.9381,0.9386000000000001,1.399999999999969e-07,0.0010000000000000009,6.5,1.3,5.2
eval_20260722_233914,Ministral-3-8B-Instruct-2512,e5,hyde,e5/hyde,101,BÜNDNIS 90/DIE GRÜNEN,5,0.9407,0.9342,0.93672,7.0169999999999135e-06,0.00649999999999995,1.2,2.4,1.2
eval_20260722_233914,Ministral-3-8B-Instruct-2512,e5,hyde,e5/hyde,491,DIE LINKE,5,0.9416,0.9373,0.9385200000000001,3.2719999999999735e-06,0.0042999999999999705,2.1,1.3,0.8
eval_20260722_233914,Ministral-3-8B-Instruct-2512,e5,hyde,e5/hyde,738,SPD,5,0.9257,0.9204,0.92172,5.066999999999914e-06,0.005299999999999971,3.2,2.7,0.5
eval_20260722_233914,Ministral-3-8B-Instruct-2512,e5,hyde,e5/hyde,597,SPD,5,0.938,0.9333,0.9358599999999999,4.032999999999907e-06,0.0046999999999999265,5.8,2.7,3.0999999999999996
eval_20260722_233914,Ministral-3-8B-Instruct-2512,e5,hyde,e5/hyde,811,SPD,5,0.9412,0.9346,0.93638,7.702000000000092e-06,0.00660000000000005,3.2,2.7,0.5
eval_20260722_233914,Ministral-3-8B-Instruct-2512,e5,hyde,e5/hyde,180,AfD,5,0.9293,0.9263,0.92736,1.448000000000023e-06,0.0030000000000000027,6.9,6.5,0.40000000000000036
eval_20260722_233914,Ministral-3-8B-Instruct-2512,e5,hyde,e5/hyde,305,BÜNDNIS 90/DIE GRÜNEN,5,0.9431,0.9391,0.9413,3.295000000000024e-06,0.0040000000000000036,2.1,2.4,0.2999999999999998
eval_20260722_233914,Ministral-3-8B-Instruct-2512,e5,hyde,e5/hyde,630,SPD,5,0.9374,0.932,0.9338599999999999,5.087999999999966e-06,0.00539999999999996,4.2,2.7,1.5
eval_20260722_233914,Ministral-3-8B-Instruct-2512,e5,hyde,e5/hyde,724,SPD,5,0.9364,0.934,0.9354000000000001,9.19999999999975e-07,0.0023999999999999577,6.8,2.7,4.1
eval_20260722_233914,Ministral-3-8B-Instruct-2512,e5,hyde,e5/hyde,791,SPD,5,0.9351,0.9308,0.93262,4.082000000000115e-06,0.0043000000000000815,6.8,2.7,4.1
eval_20260722_233914,Ministral-3-8B-Instruct-2512,e5,hyde,e5/hyde,150,AfD,5,0.9462,0.9374,0.94056,1.5733000000000264e-05,0.00880000000000003,6.8,6.5,0.2999999999999998
eval_20260722_233914,Ministral-3-8B-Instruct-2512,e5,hyde,e5/hyde,650,SPD,5,0.9397,0.9342,0.9357200000000001,5.196999999999948e-06,0.005499999999999949,4.5,2.7,1.7999999999999998
eval_20260722_233914,Ministral-3-8B-Instruct-2512,e5,hyde,e5/hyde,714,SPD,5,0.9354,0.9329,0.9339000000000001,1.055000000000012e-06,0.0025000000000000577,2.1,2.7,0.6000000000000001
eval_20260722_233914,Ministral-3-8B-Instruct-2512,e5,hyde,e5/hyde,186,AfD,5,0.9408,0.9314,0.9347799999999999,1.487199999999989e-05,0.009399999999999964,7.0,6.5,0.5
eval_20260722_233914,Ministral-3-8B-Instruct-2512,e5,hyde,e5/hyde,681,SPD,5,0.9366,0.9295,0.9314399999999999,8.622999999999988e-06,0.007099999999999995,3.2,2.7,0.5
eval_20260722_233914,Ministral-3-8B-Instruct-2512,e5,hyde,e5/hyde,51,BÜNDNIS 90/DIE GRÜNEN,5,0.9397,0.9355,0.9366000000000001,3.0399999999999857e-06,0.0041999999999999815,6.5,2.4,4.1
eval_20260722_233914,Ministral-3-8B-Instruct-2512,e5,hyde,e5/hyde,482,DIE LINKE,5,0.9426,0.9388,0.9406599999999999,1.9680000000000496e-06,0.0038000000000000256,2.1,1.3,0.8
eval_20260722_233914,Ministral-3-8B-Instruct-2512,e5,hyde,e5/hyde,810,SPD,5,0.9314,0.928,0.92958,2.4019999999999895e-06,0.0033999999999999586,3.2,2.7,0.5
eval_20260722_233914,Ministral-3-8B-Instruct-2512,e5,hyde,e5/hyde,484,DIE LINKE,5,0.9411,0.9367,0.9392999999999999,3.5400000000000085e-06,0.0044000000000000705,3.2,1.3,1.9000000000000001
eval_20260722_233914,Ministral-3-8B-Instruct-2512,e5,hyde,e5/hyde,322,CDU,5,0.938,0.9366,0.93732,2.5699999999998336e-07,0.0013999999999999568,3.5,4.7,1.2000000000000002
eval_20260722_233914,Ministral-3-8B-Instruct-2512,e5,hyde,e5/hyde,354,FDP,5,0.9355,0.9309,0.9320400000000001,3.7779999999999992e-06,0.0046000000000000485,3.8,4.3,0.5
eval_20260722_233914,Ministral-3-8B-Instruct-2512,e5,hyde,e5/hyde,760,SPD,5,0.9342,0.9303,0.9317,2.280000000000042e-06,0.0039000000000000146,,2.7,
eval_20260722_233914,Ministral-3-8B-Instruct-2512,e5,hyde,e5/hyde,143,AfD,5,0.9365,0.9345,0.9355800000000001,5.870000000000049e-07,0.0020000000000000018,7.0,6.5,0.5
eval_20260722_233914,Ministral-3-8B-Instruct-2512,e5,hyde,e5/hyde,371,FDP,5,0.9402,0.9325,0.93588,9.222000000000131e-06,0.00770000000000004,4.2,4.3,0.09999999999999964
eval_20260722_233914,Ministral-3-8B-Instruct-2512,e5,hyde,e5/hyde,142,AfD,5,0.9358,0.9289,0.9317599999999999,7.443000000000015e-06,0.006900000000000017,7.0,6.5,0.5
eval_20260722_233914,Ministral-3-8B-Instruct-2512,e5,hyde,e5/hyde,400,FDP,5,0.9369,0.9333,0.93446,2.3929999999999502e-06,0.0035999999999999366,3.2,4.3,1.0999999999999996
eval_20260722_233914,Ministral-3-8B-Instruct-2512,e5,hyde,e5/hyde,264,BÜNDNIS 90/DIE GRÜNEN,5,0.9315,0.9274,0.9286999999999999,2.7100000000000024e-06,0.0040999999999999925,2.1,2.4,0.2999999999999998
eval_20260722_233914,Ministral-3-8B-Instruct-2512,e5,hyde,e5/hyde,321,CDU,5,0.9315,0.9262,0.9282599999999999,3.872999999999983e-06,0.005299999999999971,4.2,4.7,0.5
eval_20260722_233914,Ministral-3-8B-Instruct-2512,e5,hyde,e5/hyde,19,BÜNDNIS 90/DIE GRÜNEN,5,0.9397,0.935,0.93688,3.691999999999894e-06,0.0046999999999999265,1.2,2.4,1.2
eval_20260722_233914,Ministral-3-8B-Instruct-2512,e5,hyde,e5/hyde,173,AfD,5,0.9314,0.93,0.9308799999999999,2.9199999999998896e-07,0.0013999999999999568,7.0,6.5,0.5
eval_20260722_233914,Ministral-3-8B-Instruct-2512,e5,hyde,e5/hyde,669,SPD,5,0.9353,0.9284,0.9309800000000001,8.577000000000089e-06,0.006900000000000017,4.5,2.7,1.7999999999999998
eval_20260722_233914,Ministral-3-8B-Instruct-2512,e5,hyde,e5/hyde,313,BÜNDNIS 90/DIE GRÜNEN,5,0.9393,0.9363,0.9377800000000001,1.1769999999999919e-06,0.0030000000000000027,2.1,2.4,0.2999999999999998
eval_20260722_233914,Ministral-3-8B-Instruct-2512,e5,hyde,e5/hyde,766,SPD,5,0.9307,0.9237,0.9267799999999999,7.006999999999979e-06,0.007000000000000006,2.1,2.7,0.6000000000000001
eval_20260722_233914,Ministral-3-8B-Instruct-2512,e5,hyde,e5/hyde,12,BÜNDNIS 90/DIE GRÜNEN,5,0.9296,0.9214,0.92384,1.1227999999999966e-05,0.008199999999999985,3.2,2.4,0.8000000000000003
eval_20260722_233914,Ministral-3-8B-Instruct-2512,e5,hyde,e5/hyde,408,FDP,5,0.9266,0.9212,0.92254,5.267999999999942e-06,0.00539999999999996,2.1,4.3,2.1999999999999997
eval_20260722_233914,Ministral-3-8B-Instruct-2512,e5,hyde,e5/hyde,409,FDP,5,0.9359,0.9326,0.9337,1.6649999999999387e-06,0.0032999999999999696,4.2,4.3,0.09999999999999964
eval_20260722_233914,Ministral-3-8B-Instruct-2512,e5,hyde,e5/hyde,306,BÜNDNIS 90/DIE GRÜNEN,5,0.9291,0.9238,0.9260999999999999,4.875000000000025e-06,0.005300000000000082,1.2,2.4,1.2
eval_20260722_233914,Ministral-3-8B-Instruct-2512,e5,hyde,e5/hyde,355,FDP,5,0.9402,0.9366,0.9377000000000001,2.280000000000036e-06,0.0036000000000000476,3.5,4.3,0.7999999999999998
eval_20260722_233914,Ministral-3-8B-Instruct-2512,e5,hyde,e5/hyde,170,AfD,5,0.9397,0.9351,0.93692,3.3919999999999334e-06,0.0045999999999999375,6.8,6.5,0.2999999999999998
eval_20260722_233914,Ministral-3-8B-Instruct-2512,e5,hyde,e5/hyde,38,AfD,5,0.934,0.928,0.9314,7.164999999999954e-06,0.006000000000000005,6.8,6.5,0.2999999999999998
eval_20260722_233914,Ministral-3-8B-Instruct-2512,e5,hyde,e5/hyde,176,AfD,5,0.949,0.9442,0.9457800000000001,3.5719999999998914e-06,0.0047999999999999154,7.0,6.5,0.5
eval_20260722_233914,Ministral-3-8B-Instruct-2512,e5,hyde,e5/hyde,246,BÜNDNIS 90/DIE GRÜNEN,5,0.9463,0.9435,0.94554,1.403000000000033e-06,0.0028000000000000247,3.2,2.4,0.8000000000000003
eval_20260722_233914,Ministral-3-8B-Instruct-2512,e5,hyde,e5/hyde,693,SPD,5,0.9274,0.923,0.9260200000000001,3.0519999999999616e-06,0.0043999999999999595,4.5,2.7,1.7999999999999998
eval_20260722_233914,Ministral-3-8B-Instruct-2512,e5,hyde,e5/hyde,417,DIE LINKE,5,0.9415,0.9372,0.9389,3.5349999999999763e-06,0.0042999999999999705,2.1,1.3,0.8
eval_20260722_233914,Ministral-3-8B-Instruct-2512,e5,hyde,e5/hyde,787,SPD,5,0.9397,0.9319,0.93538,1.2106999999999903e-05,0.007800000000000029,3.2,2.7,0.5
eval_20260722_233914,Ministral-3-8B-Instruct-2512,e5,hyde,e5/hyde,273,BÜNDNIS 90/DIE GRÜNEN,5,0.9365,0.9299,0.93248,6.162000000000035e-06,0.00660000000000005,3.2,2.4,0.8000000000000003
eval_20260722_233914,Ministral-3-8B-Instruct-2512,e5,hyde,e5/hyde,474,DIE LINKE,5,0.908,0.9025,0.9044800000000001,4.84700000000005e-06,0.00550000000000006,2.1,1.3,0.8
eval_20260722_233914,Ministral-3-8B-Instruct-2512,e5,hyde,e5/hyde,626,SPD,5,0.9413,0.9373,0.9391200000000002,2.9869999999999707e-06,0.0040000000000000036,2.8,2.7,0.09999999999999964
eval_20260722_233914,Ministral-3-8B-Instruct-2512,e5,hyde,e5/hyde,127,AfD,5,0.9424,0.9391,0.94048,2.0869999999999844e-06,0.0032999999999999696,7.0,6.5,0.5
eval_20260722_233914,Ministral-3-8B-Instruct-2512,e5,hyde,e5/hyde,450,DIE LINKE,5,0.9413,0.9397,0.9404199999999999,4.470000000000248e-07,0.0016000000000000458,6.5,1.3,5.2
eval_20260722_233914,Ministral-3-8B-Instruct-2512,e5,hyde,e5/hyde,585,DIE LINKE,5,0.9258,0.9216,0.9235599999999999,2.282999999999963e-06,0.0041999999999999815,2.1,1.3,0.8
eval_20260722_233914,Ministral-3-8B-Instruct-2512,e5,hyde,e5/hyde,342,CDU,5,0.9428,0.9354,0.9374600000000001,9.097999999999888e-06,0.007399999999999962,3.5,4.7,1.2000000000000002
eval_20260722_233914,Ministral-3-8B-Instruct-2512,e5,hyde,e5/hyde,288,BÜNDNIS 90/DIE GRÜNEN,5,0.9406,0.9374,0.9390000000000001,2.124999999999965e-06,0.0031999999999999806,4.5,2.4,2.1
eval_20260722_233914,Ministral-3-8B-Instruct-2512,e5,hyde,e5/hyde,114,AfD,5,0.9282,0.9273,0.92768,1.920000000000099e-07,0.0009000000000000119,7.0,6.5,0.5
eval_20260722_233914,Ministral-3-8B-Instruct-2512,e5,hyde,e5/hyde,514,DIE LINKE,5,0.9323,0.9292,0.93068,1.851999999999976e-06,0.0030999999999999917,2.1,1.3,0.8
eval_20260722_233914,Ministral-3-8B-Instruct-2512,e5,hyde,e5/hyde,174,AfD,5,0.9355,0.9313,0.9336,3.544999999999974e-06,0.0041999999999999815,7.0,6.5,0.5
eval_20260722_233914,Ministral-3-8B-Instruct-2512,e5,hyde,e5/hyde,360,FDP,5,0.934,0.93,0.93162,2.846999999999993e-06,0.0040000000000000036,6.5,4.3,2.2
eval_20260722_233914,Ministral-3-8B-Instruct-2512,e5,hyde,e5/hyde,524,DIE LINKE,5,0.9401,0.9356,0.93726,3.033000000000068e-06,0.0045000000000000595,1.2,1.3,0.10000000000000009
eval_20260722_233914,Ministral-3-8B-Instruct-2512,e5,hyde,e5/hyde,58,BÜNDNIS 90/DIE GRÜNEN,5,0.9409,0.9379,0.93918,1.246999999999995e-06,0.0030000000000000027,,2.4,
eval_20260722_233914,Ministral-3-8B-Instruct-2512,e5,hyde,e5/hyde,762,SPD,5,0.9287,0.9238,0.9257200000000001,3.4570000000000204e-06,0.0049000000000000155,4.5,2.7,1.7999999999999998
eval_20260722_233914,Ministral-3-8B-Instruct-2512,e5,hyde,e5/hyde,223,BÜNDNIS 90/DIE GRÜNEN,5,0.942,0.9301,0.93516,2.416299999999977e-05,0.01189999999999991,2.1,2.4,0.2999999999999998
eval_20260722_233914,Ministral-3-8B-Instruct-2512,e5,hyde,e5/hyde,705,SPD,5,0.9363,0.9352,0.9357800000000001,2.1699999999999883e-07,0.0010999999999999899,,2.7,
eval_20260722_233914,Ministral-3-8B-Instruct-2512,e5,hyde,e5/hyde,281,BÜNDNIS 90/DIE GRÜNEN,5,0.9383,0.9335,0.93538,4.707000000000091e-06,0.0048000000000000265,3.2,2.4,0.8000000000000003
eval_20260722_233914,Ministral-3-8B-Instruct-2512,e5,hyde,e5/hyde,17,BÜNDNIS 90/DIE GRÜNEN,5,0.9374,0.9335,0.9346,2.6250000000000435e-06,0.0039000000000000146,6.8,2.4,4.4
eval_20260722_233914,Ministral-3-8B-Instruct-2512,e5,hyde,e5/hyde,128,AfD,5,0.923,0.9216,0.9226800000000001,3.720000000000313e-07,0.0014000000000000679,7.0,6.5,0.5
eval_20260722_233914,Ministral-3-8B-Instruct-2512,e5,hyde,e5/hyde,323,CDU,5,0.921,0.9132,0.91554,9.948000000000051e-06,0.007800000000000029,3.2,4.7,1.5
eval_20260722_233914,Ministral-3-8B-Instruct-2512,e5,hyde,e5/hyde,588,DIE LINKE,5,0.9285,0.9138,0.9175600000000002,3.779799999999999e-05,0.014700000000000046,1.1,1.3,0.19999999999999996
eval_20260722_233914,Ministral-3-8B-Instruct-2512,e5,hyde,e5/hyde,471,DIE LINKE,5,0.9327,0.9276,0.9296199999999999,3.5369999999999985e-06,0.005099999999999993,1.2,1.3,0.10000000000000009
eval_20260722_233914,Ministral-3-8B-Instruct-2512,e5,hyde,e5/hyde,612,SPD,5,0.9338,0.9269,0.9292199999999999,7.346999999999993e-06,0.006900000000000017,4.5,2.7,1.7999999999999998
eval_20260722_233914,Ministral-3-8B-Instruct-2512,e5,hyde,e5/hyde,469,DIE LINKE,5,0.9317,0.9271,0.92936,3.7729999999999332e-06,0.0045999999999999375,1.2,1.3,0.10000000000000009
eval_20260722_233914,Ministral-3-8B-Instruct-2512,e5,hyde,e5/hyde,789,SPD,5,0.9273,0.9238,0.9251799999999999,1.717000000000048e-06,0.0035000000000000586,4.2,2.7,1.5
eval_20260722_233914,Ministral-3-8B-Instruct-2512,e5,hyde,e5/hyde,191,AfD,5,0.9386,0.9324,0.9348000000000001,5.2349999999999575e-06,0.006199999999999983,7.0,6.5,0.5
eval_20260722_233914,Ministral-3-8B-Instruct-2512,e5,hyde,e5/hyde,116,AfD,5,0.9463,0.9386,0.94024,1.1493000000000163e-05,0.00770000000000004,7.0,6.5,0.5
eval_20260722_233914,Ministral-3-8B-Instruct-2512,e5,hyde,e5/hyde,529,DIE LINKE,5,0.9314,0.9296,0.93026,4.880000000000124e-07,0.0018000000000000238,3.5,1.3,2.2
eval_20260722_233914,Ministral-3-8B-Instruct-2512,e5,hyde,e5/hyde,726,SPD,5,0.9436,0.9388,0.94156,5.523000000000073e-06,0.0048000000000000265,6.8,2.7,4.1
eval_20260722_233914,Ministral-3-8B-Instruct-2512,e5,hyde,e5/hyde,95,CDU/CSU,5,0.9333,0.931,0.93218,8.419999999999743e-07,0.0022999999999999687,4.5,4.7,0.20000000000000018
eval_20260722_233914,Ministral-3-8B-Instruct-2512,e5,hyde,e5/hyde,181,AfD,5,0.9319,0.9296,0.9306599999999999,7.479999999999819e-07,0.0022999999999999687,7.0,6.5,0.5
eval_20260722_233914,Ministral-3-8B-Instruct-2512,e5,hyde,e5/hyde,302,BÜNDNIS 90/DIE GRÜNEN,5,0.95,0.9409,0.94458,1.2201999999999954e-05,0.009099999999999997,3.2,2.4,0.8000000000000003
eval_20260722_233914,Ministral-3-8B-Instruct-2512,e5,hyde,e5/hyde,631,SPD,5,0.9409,0.9303,0.9339999999999999,1.870999999999975e-05,0.010599999999999943,4.2,2.7,1.5
eval_20260722_233914,Ministral-3-8B-Instruct-2512,e5,hyde,e5/hyde,595,DIE LINKE,5,0.936,0.9337,0.9352600000000001,8.23000000000033e-07,0.0023000000000000798,1.2,1.3,0.10000000000000009
eval_20260722_233914,Ministral-3-8B-Instruct-2512,e5,hyde,e5/hyde,604,SPD,5,0.9322,0.9305,0.9312199999999999,5.470000000000206e-07,0.0017000000000000348,3.2,2.7,0.5
eval_20260722_233914,Ministral-3-8B-Instruct-2512,e5,hyde,e5/hyde,802,SPD,5,0.9363,0.9282,0.9310600000000001,1.09930000000001e-05,0.008099999999999996,5.8,2.7,3.0999999999999996
eval_20260722_233914,Ministral-3-8B-Instruct-2512,e5,hyde,e5/hyde,555,DIE LINKE,5,0.9307,0.9232,0.92562,1.0636999999999961e-05,0.007499999999999951,2.1,1.3,0.8
eval_20260722_233914,Ministral-3-8B-Instruct-2512,e5,hyde,e5/hyde,806,SPD,5,0.9372,0.9333,0.93564,2.3629999999999916e-06,0.0039000000000000146,3.2,2.7,0.5
eval_20260722_233914,Ministral-3-8B-Instruct-2512,e5,hyde,e5/hyde,46,CDU/CSU,5,0.9274,0.9246,0.92594,1.437999999999973e-06,0.0028000000000000247,3.2,4.7,1.5
eval_20260722_233914,Ministral-3-8B-Instruct-2512,e5,hyde,e5/hyde,746,SPD,5,0.9395,0.9344,0.9366,5.140000000000044e-06,0.005099999999999993,4.5,2.7,1.7999999999999998
eval_20260722_233914,Ministral-3-8B-Instruct-2512,e5,hyde,e5/hyde,158,AfD,5,0.9298,0.9273,0.9287599999999999,1.062999999999957e-06,0.0024999999999999467,7.0,6.5,0.5
eval_20260722_233914,Ministral-3-8B-Instruct-2512,e5,hyde,e5/hyde,619,SPD,5,0.9385,0.9324,0.93488,7.75700000000007e-06,0.006099999999999994,3.2,2.7,0.5
eval_20260722_233914,Ministral-3-8B-Instruct-2512,e5,hyde,e5/hyde,172,AfD,5,0.9403,0.9331,0.93506,8.883000000000054e-06,0.007199999999999984,6.5,6.5,0.0
eval_20260722_233914,Ministral-3-8B-Instruct-2512,e5,hyde,e5/hyde,16,BÜNDNIS 90/DIE GRÜNEN,5,0.9402,0.9391,0.93964,2.2299999999998197e-07,0.0010999999999999899,4.2,2.4,1.8000000000000003
eval_20260722_233914,Ministral-3-8B-Instruct-2512,e5,hyde,e5/hyde,512,DIE LINKE,5,0.9338,0.9297,0.9311,2.514999999999968e-06,0.0040999999999999925,6.5,1.3,5.2
eval_20260722_233914,Ministral-3-8B-Instruct-2512,e5,hyde,e5/hyde,49,CDU/CSU,5,0.9477,0.9431,0.94482,3.531999999999959e-06,0.0045999999999999375,,4.7,
eval_20260722_233914,Ministral-3-8B-Instruct-2512,e5,hyde,e5/hyde,795,SPD,5,0.9386,0.9321,0.93434,6.932999999999955e-06,0.00649999999999995,4.5,2.7,1.7999999999999998
eval_20260722_233914,Ministral-3-8B-Instruct-2512,e5,hyde,e5/hyde,516,DIE LINKE,5,0.9451,0.9416,0.9427000000000001,2.455000000000081e-06,0.0035000000000000586,3.2,1.3,1.9000000000000001
eval_20260722_233914,Ministral-3-8B-Instruct-2512,e5,hyde,e5/hyde,679,SPD,5,0.9351,0.9321,0.9339400000000001,1.5729999999999632e-06,0.0030000000000000027,3.2,2.7,0.5
eval_20260722_233914,Ministral-3-8B-Instruct-2512,e5,hyde,e5/hyde,481,DIE LINKE,5,0.9351,0.9283,0.93028,7.932000000000074e-06,0.006800000000000028,1.2,1.3,0.10000000000000009
eval_20260722_233914,Ministral-3-8B-Instruct-2512,e5,hyde,e5/hyde,284,BÜNDNIS 90/DIE GRÜNEN,5,0.9358,0.9317,0.9338,3.3749999999999173e-06,0.0040999999999999925,2.1,2.4,0.2999999999999998
eval_20260722_233914,Ministral-3-8B-Instruct-2512,e5,hyde,e5/hyde,549,DIE LINKE,5,0.938,0.9297,0.9335799999999999,1.197699999999996e-05,0.008299999999999974,3.2,1.3,1.9000000000000001
eval_20260722_233914,Ministral-3-8B-Instruct-2512,e5,hyde,e5/hyde,226,BÜNDNIS 90/DIE GRÜNEN,5,0.9347,0.93,0.93256,4.242999999999878e-06,0.0046999999999999265,3.8,2.4,1.4
eval_20260722_233914,Ministral-3-8B-Instruct-2512,e5,hyde,e5/hyde,26,AfD,5,0.9265,0.9231,0.9243600000000001,1.9329999999999457e-06,0.0033999999999999586,6.8,6.5,0.2999999999999998
eval_20260722_233914,Ministral-3-8B-Instruct-2512,e5,hyde,e5/hyde,661,SPD,5,0.9356,0.9314,0.93384,4.248000000000059e-06,0.0041999999999999815,2.1,2.7,0.6000000000000001
eval_20260722_233914,Ministral-3-8B-Instruct-2512,e5,hyde,e5/hyde,438,DIE LINKE,5,0.9297,0.9268,0.92782,1.3369999999999863e-06,0.0029000000000000137,3.2,1.3,1.9000000000000001
eval_20260722_233914,Ministral-3-8B-Instruct-2512,e5,hyde,e5/hyde,365,FDP,5,0.929,0.9265,0.9278600000000001,8.030000000000385e-07,0.0025000000000000577,4.5,4.3,0.20000000000000018
eval_20260722_233914,Ministral-3-8B-Instruct-2512,e5,hyde,e5/hyde,230,BÜNDNIS 90/DIE GRÜNEN,5,0.9441,0.9415,0.94262,1.132000000000055e-06,0.0026000000000000467,,2.4,
eval_20260722_233914,Ministral-3-8B-Instruct-2512,e5,hyde,e5/hyde,37,AfD,5,0.9489,0.9387,0.94216,1.6517999999999942e-05,0.010199999999999987,6.2,6.5,0.2999999999999998
eval_20260722_233914,Ministral-3-8B-Instruct-2512,e5,hyde,e5/hyde,790,SPD,5,0.9296,0.9256,0.9278599999999999,2.728000000000001e-06,0.0040000000000000036,4.5,2.7,1.7999999999999998
eval_20260722_233914,Ministral-3-8B-Instruct-2512,e5,hyde,e5/hyde,375,FDP,5,0.9421,0.9266,0.93198,3.6347000000000335e-05,0.01550000000000007,3.2,4.3,1.0999999999999996
eval_20260722_233914,Ministral-3-8B-Instruct-2512,e5,hyde,e5/hyde,470,DIE LINKE,5,0.9424,0.9346,0.9378399999999999,8.94799999999999e-06,0.007800000000000029,3.2,1.3,1.9000000000000001
eval_20260722_233914,Ministral-3-8B-Instruct-2512,e5,hyde,e5/hyde,792,SPD,5,0.9388,0.9377,0.9383800000000001,2.870000000000012e-07,0.0010999999999999899,3.2,2.7,0.5
eval_20260722_233914,Ministral-3-8B-Instruct-2512,e5,hyde,e5/hyde,699,SPD,5,0.9315,0.9275,0.9293799999999999,2.1970000000000033e-06,0.0040000000000000036,6.8,2.7,4.1
eval_20260722_233914,Ministral-3-8B-Instruct-2512,e5,hyde,e5/hyde,606,SPD,5,0.9292,0.9262,0.92724,1.4830000000000007e-06,0.0030000000000000027,6.8,2.7,4.1
eval_20260722_233914,Ministral-3-8B-Instruct-2512,e5,hyde,e5/hyde,195,AfD,5,0.9353,0.9319,0.9333600000000001,2.9930000000000512e-06,0.0034000000000000696,7.0,6.5,0.5
eval_20260722_233914,Ministral-3-8B-Instruct-2512,e5,hyde,e5/hyde,815,SPD,5,0.9306,0.9243,0.9267199999999999,6.4469999999999215e-06,0.006299999999999972,2.1,2.7,0.6000000000000001
eval_20260722_233914,Ministral-3-8B-Instruct-2512,e5,hyde,e5/hyde,710,SPD,5,0.9319,0.9305,0.93108,2.7199999999999227e-07,0.0013999999999999568,4.5,2.7,1.7999999999999998
eval_20260722_233914,Ministral-3-8B-Instruct-2512,e5,hyde,e5/hyde,504,DIE LINKE,5,0.9388,0.9334,0.9350599999999998,5.02799999999998e-06,0.00539999999999996,1.2,1.3,0.10000000000000009
eval_20260722_233914,Ministral-3-8B-Instruct-2512,e5,hyde,e5/hyde,794,SPD,5,0.9364,0.9346,0.93552,7.370000000000209e-07,0.0018000000000000238,4.5,2.7,1.7999999999999998
eval_20260722_233914,Ministral-3-8B-Instruct-2512,e5,hyde,e5/hyde,685,SPD,5,0.9329,0.9307,0.93126,8.629999999999831e-07,0.0021999999999999797,4.2,2.7,1.5
eval_20260722_233914,Ministral-3-8B-Instruct-2512,e5,hyde,e5/hyde,793,SPD,5,0.9361,0.9343,0.9350799999999999,6.120000000000128e-07,0.0018000000000000238,3.2,2.7,0.5
eval_20260722_233914,Ministral-3-8B-Instruct-2512,e5,hyde,e5/hyde,163,AfD,5,0.9378,0.9355,0.9364800000000001,7.119999999999709e-07,0.0022999999999999687,6.8,6.5,0.2999999999999998
eval_20260722_233914,Ministral-3-8B-Instruct-2512,e5,hyde,e5/hyde,587,DIE LINKE,5,0.9358,0.9342,0.9348599999999999,4.4299999999997897e-07,0.0015999999999999348,3.2,1.3,1.9000000000000001
eval_20260722_233914,Ministral-3-8B-Instruct-2512,e5,hyde,e5/hyde,153,AfD,5,0.9413,0.934,0.93772,1.0471999999999918e-05,0.007299999999999973,7.0,6.5,0.5
eval_20260722_233914,Ministral-3-8B-Instruct-2512,e5,hyde,e5/hyde,570,DIE LINKE,5,0.9334,0.9306,0.9319599999999999,1.2629999999999983e-06,0.0028000000000000247,1.2,1.3,0.10000000000000009
eval_20260722_233914,Ministral-3-8B-Instruct-2512,e5,hyde,e5/hyde,586,DIE LINKE,5,0.9421,0.9387,0.9402799999999999,1.5970000000000679e-06,0.0034000000000000696,6.5,1.3,5.2
eval_20260722_233914,Ministral-3-8B-Instruct-2512,e5,hyde,e5/hyde,627,SPD,5,0.9478,0.945,0.94586,1.3279999999999706e-06,0.0028000000000000247,3.2,2.7,0.5
eval_20260722_233914,Ministral-3-8B-Instruct-2512,e5,hyde,e5/hyde,112,BÜNDNIS 90/DIE GRÜNEN,5,0.9222,0.9181,0.9193800000000001,2.627000000000005e-06,0.0040999999999999925,1.2,2.4,1.2
eval_20260722_233914,Ministral-3-8B-Instruct-2512,e5,hyde,e5/hyde,576,DIE LINKE,5,0.9406,0.9303,0.93324,1.8812999999999906e-05,0.010299999999999976,4.2,1.3,2.9000000000000004
eval_20260722_233914,Ministral-3-8B-Instruct-2512,e5,hyde,e5/hyde,104,DIE LINKE,5,0.9394,0.9323,0.93568,6.732000000000006e-06,0.007099999999999995,1.2,1.3,0.10000000000000009
eval_20260722_233914,Ministral-3-8B-Instruct-2512,e5,hyde,e5/hyde,422,DIE LINKE,5,0.9421,0.9395,0.9406000000000001,1.2900000000000378e-06,0.0026000000000000467,1.2,1.3,0.10000000000000009
eval_20260722_233914,Ministral-3-8B-Instruct-2512,e5,hyde,e5/hyde,120,AfD,5,0.9368,0.9291,0.9313600000000001,9.897999999999872e-06,0.007699999999999929,7.0,6.5,0.5
eval_20260722_233914,Ministral-3-8B-Instruct-2512,e5,hyde,e5/hyde,54,BÜNDNIS 90/DIE GRÜNEN,5,0.9438,0.9411,0.9422599999999999,1.0629999999999613e-06,0.0026999999999999247,2.1,2.4,0.2999999999999998
eval_20260722_233914,Ministral-3-8B-Instruct-2512,e5,hyde,e5/hyde,152,AfD,5,0.9401,0.9296,0.9338200000000001,1.7912000000000123e-05,0.010500000000000065,7.0,6.5,0.5
eval_20260722_233914,Ministral-3-8B-Instruct-2512,e5,hyde,e5/hyde,404,FDP,5,0.9386,0.9353,0.9367000000000001,2.874999999999983e-06,0.0032999999999999696,4.5,4.3,0.20000000000000018
eval_20260722_233914,Ministral-3-8B-Instruct-2512,e5,hyde,e5/hyde,774,SPD,5,0.9316,0.9267,0.9289400000000001,3.502999999999973e-06,0.0049000000000000155,3.2,2.7,0.5
eval_20260722_233914,Ministral-3-8B-Instruct-2512,e5,hyde,e5/hyde,208,AfD,5,0.9419,0.9368,0.94016,4.103000000000019e-06,0.005099999999999993,7.0,6.5,0.5
eval_20260722_233914,Ministral-3-8B-Instruct-2512,e5,hyde,e5/hyde,694,SPD,5,0.9432,0.9391,0.9412200000000001,2.9069999999999715e-06,0.0040999999999999925,4.5,2.7,1.7999999999999998
eval_20260722_233914,Ministral-3-8B-Instruct-2512,e5,hyde,e5/hyde,645,SPD,5,0.9401,0.9324,0.93674,1.2313000000000056e-05,0.00770000000000004,3.2,2.7,0.5
eval_20260722_233914,Ministral-3-8B-Instruct-2512,e5,hyde,e5/hyde,8,BÜNDNIS 90/DIE GRÜNEN,5,0.945,0.9402,0.9422600000000001,4.947999999999913e-06,0.0047999999999999154,3.2,2.4,0.8000000000000003
eval_20260722_233914,Ministral-3-8B-Instruct-2512,e5,hyde,e5/hyde,667,SPD,5,0.9432,0.9401,0.94152,1.9019999999999684e-06,0.0030999999999999917,3.2,2.7,0.5
eval_20260722_233914,Ministral-3-8B-Instruct-2512,e5,hyde,e5/hyde,36,AfD,5,0.9373,0.9345,0.9357999999999999,1.1600000000000164e-06,0.0028000000000000247,6.8,6.5,0.2999999999999998
eval_20260722_233914,Ministral-3-8B-Instruct-2512,e5,hyde,e5/hyde,453,DIE LINKE,5,0.9353,0.9324,0.93384,1.2730000000000037e-06,0.0029000000000000137,,1.3,
eval_20260722_233914,Ministral-3-8B-Instruct-2512,e5,hyde,e5/hyde,254,BÜNDNIS 90/DIE GRÜNEN,5,0.9392,0.9355,0.93704,2.118000000000015e-06,0.0037000000000000366,2.8,2.4,0.3999999999999999
eval_20260722_233914,Ministral-3-8B-Instruct-2512,e5,hyde,e5/hyde,304,BÜNDNIS 90/DIE GRÜNEN,5,0.9411,0.9304,0.933,2.0745000000000202e-05,0.010700000000000043,7.0,2.4,4.6
eval_20260722_233914,Ministral-3-8B-Instruct-2512,e5,hyde,e5/hyde,659,SPD,5,0.945,0.9374,0.93998,8.681999999999898e-06,0.00759999999999994,3.2,2.7,0.5
eval_20260722_233914,Ministral-3-8B-Instruct-2512,e5,hyde,e5/hyde,572,DIE LINKE,5,0.9422,0.9357,0.93896,7.60300000000019e-06,0.006500000000000061,3.2,1.3,1.9000000000000001
eval_20260722_233914,Ministral-3-8B-Instruct-2512,e5,hyde,e5/hyde,711,SPD,5,0.9452,0.9391,0.9410999999999999,6.935000000000038e-06,0.006099999999999994,4.2,2.7,1.5
eval_20260722_233914,Ministral-3-8B-Instruct-2512,e5,hyde,e5/hyde,767,SPD,5,0.9403,0.9352,0.9372800000000001,6.067000000000017e-06,0.005099999999999993,3.2,2.7,0.5
eval_20260722_233914,Ministral-3-8B-Instruct-2512,e5,hyde,e5/hyde,263,BÜNDNIS 90/DIE GRÜNEN,5,0.937,0.9281,0.9329199999999999,1.8367000000000006e-05,0.008900000000000019,3.2,2.4,0.8000000000000003
eval_20260722_233914,Ministral-3-8B-Instruct-2512,e5,hyde,e5/hyde,298,BÜNDNIS 90/DIE GRÜNEN,5,0.9375,0.9315,0.9343999999999999,4.980000000000007e-06,0.006000000000000005,3.2,2.4,0.8000000000000003
eval_20260722_233914,Ministral-3-8B-Instruct-2512,e5,hyde,e5/hyde,415,DIE LINKE,5,0.9502,0.9403,0.94474,1.5428000000000046e-05,0.00990000000000002,1.2,1.3,0.10000000000000009
eval_20260722_233914,Ministral-3-8B-Instruct-2512,e5,hyde,e5/hyde,151,AfD,5,0.936,0.9275,0.9304399999999999,1.126300000000017e-05,0.008500000000000063,7.0,6.5,0.5
eval_20260722_233914,Ministral-3-8B-Instruct-2512,e5,hyde,e5/hyde,652,SPD,5,0.9255,0.9173,0.9206,1.0489999999999939e-05,0.008199999999999985,2.8,2.7,0.09999999999999964
eval_20260722_233914,Ministral-3-8B-Instruct-2512,e5,hyde,e5/hyde,729,SPD,5,0.9224,0.9178,0.9197199999999999,2.7770000000000477e-06,0.0046000000000000485,3.2,2.7,0.5
eval_20260722_233914,Ministral-3-8B-Instruct-2512,e5,hyde,e5/hyde,551,DIE LINKE,5,0.9482,0.945,0.9462400000000001,1.448000000000085e-06,0.0032000000000000917,1.1,1.3,0.19999999999999996
eval_20260722_233914,Ministral-3-8B-Instruct-2512,e5,hyde,e5/hyde,489,DIE LINKE,5,0.9293,0.9265,0.9277599999999999,1.5980000000000057e-06,0.0028000000000000247,1.2,1.3,0.10000000000000009
eval_20260722_233914,Ministral-3-8B-Instruct-2512,e5,hyde,e5/hyde,148,AfD,5,0.9412,0.9382,0.93972,1.2070000000000094e-06,0.0030000000000000027,6.9,6.5,0.40000000000000036
eval_20260722_233914,Ministral-3-8B-Instruct-2512,e5,hyde,e5/hyde,602,SPD,5,0.9367,0.934,0.9354800000000001,1.0269999999999526e-06,0.0026999999999999247,4.5,2.7,1.7999999999999998
eval_20260722_233914,Ministral-3-8B-Instruct-2512,e5,hyde,e5/hyde,763,SPD,5,0.9363,0.9343,0.93542,9.769999999999957e-07,0.0020000000000000018,3.2,2.7,0.5
eval_20260722_233914,Ministral-3-8B-Instruct-2512,e5,hyde,e5/hyde,813,SPD,5,0.944,0.9364,0.9397399999999999,9.097999999999827e-06,0.00759999999999994,4.2,2.7,1.5
eval_20260722_233914,Ministral-3-8B-Instruct-2512,e5,hyde,e5/hyde,349,CSU,5,0.9424,0.9396,0.94072,1.3970000000000243e-06,0.0028000000000000247,3.5,5.4,1.9000000000000004
eval_20260722_233914,Ministral-3-8B-Instruct-2512,e5,hyde,e5/hyde,464,DIE LINKE,5,0.9471,0.9415,0.94316,5.263000000000113e-06,0.005600000000000049,1.2,1.3,0.10000000000000009
eval_20260722_233914,Ministral-3-8B-Instruct-2512,e5,hyde,e5/hyde,326,CDU,5,0.9343,0.9328,0.93344,3.1300000000001436e-07,0.0015000000000000568,6.5,4.7,1.7999999999999998
eval_20260722_233914,Ministral-3-8B-Instruct-2512,e5,hyde,e5/hyde,187,AfD,5,0.9393,0.9376,0.93834,5.230000000000225e-07,0.0017000000000000348,7.0,6.5,0.5
eval_20260722_233914,Ministral-3-8B-Instruct-2512,e5,hyde,e5/hyde,124,AfD,5,0.9348,0.9277,0.93008,8.08699999999998e-06,0.007099999999999995,6.8,6.5,0.2999999999999998
eval_20260722_233914,Ministral-3-8B-Instruct-2512,e5,hyde,e5/hyde,781,SPD,5,0.9458,0.9416,0.9445,2.959999999999975e-06,0.0041999999999999815,3.8,2.7,1.0999999999999996
eval_20260722_233914,Ministral-3-8B-Instruct-2512,e5,hyde,e5/hyde,144,AfD,5,0.9437,0.9291,0.93258,3.9086999999999946e-05,0.014599999999999946,5.8,6.5,0.7000000000000002
eval_20260722_233914,Ministral-3-8B-Instruct-2512,e5,hyde,e5/hyde,784,SPD,5,0.9132,0.9063,0.9095599999999999,7.988000000000036e-06,0.006900000000000017,3.5,2.7,0.7999999999999998
eval_20260722_233914,Ministral-3-8B-Instruct-2512,e5,hyde,e5/hyde,198,AfD,5,0.938,0.9296,0.93162,1.2901999999999862e-05,0.008399999999999963,7.0,6.5,0.5
eval_20260722_233914,Ministral-3-8B-Instruct-2512,e5,hyde,e5/hyde,280,BÜNDNIS 90/DIE GRÜNEN,5,0.9423,0.9378,0.9397,2.905000000000082e-06,0.0045000000000000595,1.2,2.4,1.2
eval_20260722_233914,Ministral-3-8B-Instruct-2512,e5,hyde,e5/hyde,294,BÜNDNIS 90/DIE GRÜNEN,5,0.947,0.9437,0.94526,2.102999999999954e-06,0.0032999999999999696,2.1,2.4,0.2999999999999998
eval_20260722_233914,Ministral-3-8B-Instruct-2512,e5,hyde,e5/hyde,401,FDP,5,0.9389,0.931,0.93448,1.480699999999987e-05,0.007899999999999907,3.2,4.3,1.0999999999999996
eval_20260722_233914,Ministral-3-8B-Instruct-2512,e5,hyde,e5/hyde,123,AfD,5,0.939,0.9365,0.9379799999999999,1.3269999999999265e-06,0.0024999999999999467,6.8,6.5,0.2999999999999998
eval_20260722_233914,Ministral-3-8B-Instruct-2512,e5,hyde,e5/hyde,184,AfD,5,0.924,0.9206,0.92232,2.1720000000000323e-06,0.0034000000000000696,7.0,6.5,0.5
eval_20260722_233914,Ministral-3-8B-Instruct-2512,e5,hyde,e5/hyde,203,AfD,5,0.9312,0.9246,0.9272,7.000000000000025e-06,0.00660000000000005,7.0,6.5,0.5
eval_20260722_233914,Ministral-3-8B-Instruct-2512,e5,hyde,e5/hyde,439,DIE LINKE,5,0.9395,0.9336,0.9355800000000001,5.497000000000004e-06,0.005900000000000016,1.3,1.3,0.0
eval_20260722_233914,Ministral-3-8B-Instruct-2512,e5,hyde,e5/hyde,247,BÜNDNIS 90/DIE GRÜNEN,5,0.935,0.9321,0.9335800000000001,1.1920000000000116e-06,0.0029000000000000137,2.1,2.4,0.2999999999999998
eval_20260722_233914,Ministral-3-8B-Instruct-2512,e5,hyde,e5/hyde,416,DIE LINKE,5,0.948,0.9433,0.9444999999999999,3.93499999999991e-06,0.0046999999999999265,2.1,1.3,0.8
eval_20260722_233914,Ministral-3-8B-Instruct-2512,e5,hyde,e5/hyde,728,SPD,5,0.9434,0.9348,0.93788,1.5212000000000026e-05,0.008600000000000052,3.8,2.7,1.0999999999999996
eval_20260722_233914,Ministral-3-8B-Instruct-2512,e5,hyde,e5/hyde,130,AfD,5,0.9326,0.9289,0.9308,2.2750000000000375e-06,0.0037000000000000366,7.0,6.5,0.5
eval_20260722_233914,Ministral-3-8B-Instruct-2512,e5,hyde,e5/hyde,403,FDP,5,0.9361,0.9268,0.9302999999999999,2.1540000000000017e-05,0.009300000000000086,3.2,4.3,1.0999999999999996
eval_20260722_233914,Ministral-3-8B-Instruct-2512,e5,hyde,e5/hyde,716,SPD,5,0.9383,0.9285,0.93194,1.594300000000012e-05,0.009800000000000031,4.2,2.7,1.5
eval_20260722_233914,Ministral-3-8B-Instruct-2512,e5,hyde,e5/hyde,638,SPD,5,0.9397,0.9336,0.93614,4.972999999999981e-06,0.006099999999999994,3.2,2.7,0.5
eval_20260722_233914,Ministral-3-8B-Instruct-2512,e5,hyde,e5/hyde,788,SPD,5,0.9243,0.9197,0.9220599999999999,4.98800000000014e-06,0.0046000000000000485,6.5,2.7,3.8
eval_20260722_233914,Ministral-3-8B-Instruct-2512,e5,hyde,e5/hyde,220,BÜNDNIS 90/DIE GRÜNEN,5,0.9369,0.9352,0.9357800000000001,5.019999999999638e-07,0.0016999999999999238,2.1,2.4,0.2999999999999998
eval_20260722_233914,Ministral-3-8B-Instruct-2512,e5,hyde,e5/hyde,624,SPD,5,0.933,0.9266,0.9295,7.990000000000193e-06,0.006400000000000072,1.2,2.7,1.5000000000000002
eval_20260722_233914,Ministral-3-8B-Instruct-2512,e5,hyde,e5/hyde,753,SPD,5,0.939,0.9334,0.93498,5.206999999999894e-06,0.005599999999999938,4.5,2.7,1.7999999999999998
eval_20260722_233914,Ministral-3-8B-Instruct-2512,e5,hyde,e5/hyde,691,SPD,5,0.941,0.9348,0.9366399999999999,6.772999999999872e-06,0.006199999999999983,4.5,2.7,1.7999999999999998
eval_20260722_233914,Ministral-3-8B-Instruct-2512,e5,hyde,e5/hyde,632,SPD,5,0.9338,0.9305,0.9320600000000001,2.1030000000000153e-06,0.0032999999999999696,1.2,2.7,1.5000000000000002
eval_20260722_233914,Ministral-3-8B-Instruct-2512,e5,hyde,e5/hyde,387,FDP,5,0.944,0.9391,0.9416800000000001,5.396999999999861e-06,0.004899999999999904,3.2,4.3,1.0999999999999996
eval_20260722_233914,Ministral-3-8B-Instruct-2512,e5,hyde,e5/hyde,796,SPD,5,0.9359,0.9325,0.9336,1.9899999999999894e-06,0.0033999999999999586,3.2,2.7,0.5
eval_20260722_233914,Ministral-3-8B-Instruct-2512,e5,hyde,e5/hyde,510,DIE LINKE,5,0.9381,0.9287,0.93286,1.3663000000000137e-05,0.009400000000000075,5.8,1.3,4.5
eval_20260722_233914,Ministral-3-8B-Instruct-2512,e5,hyde,e5/hyde,268,BÜNDNIS 90/DIE GRÜNEN,5,0.9417,0.9375,0.93956,2.6529999999999816e-06,0.0041999999999999815,3.2,2.4,0.8000000000000003
eval_20260722_233914,Ministral-3-8B-Instruct-2512,e5,hyde,e5/hyde,677,SPD,5,0.9435,0.9391,0.9410400000000001,2.747999999999949e-06,0.0043999999999999595,6.5,2.7,3.8
eval_20260722_233914,Ministral-3-8B-Instruct-2512,e5,hyde,e5/hyde,442,DIE LINKE,5,0.9375,0.9328,0.9352199999999999,4.597000000000083e-06,0.0047000000000000375,3.2,1.3,1.9000000000000001
eval_20260722_233914,Ministral-3-8B-Instruct-2512,e5,hyde,e5/hyde,497,DIE LINKE,5,0.9387,0.932,0.9341200000000001,7.911999999999868e-06,0.006699999999999928,6.8,1.3,5.5
eval_20260722_233914,Ministral-3-8B-Instruct-2512,e5,hyde,e5/hyde,113,BÜNDNIS 90/DIE GRÜNEN,5,0.9328,0.9272,0.9291,6.139999999999907e-06,0.005599999999999938,4.2,2.4,1.8000000000000003
eval_20260722_233914,Ministral-3-8B-Instruct-2512,e5,hyde,e5/hyde,233,BÜNDNIS 90/DIE GRÜNEN,5,0.9228,0.9206,0.9215,7.249999999999625e-07,0.0021999999999999797,1.2,2.4,1.2
eval_20260722_233914,Ministral-3-8B-Instruct-2512,e5,hyde,e5/hyde,715,SPD,5,0.9409,0.9348,0.93688,6.216999999999893e-06,0.006099999999999994,3.2,2.7,0.5
eval_20260722_233914,Ministral-3-8B-Instruct-2512,e5,hyde,e5/hyde,608,SPD,5,0.9326,0.9293,0.9312999999999999,1.7849999999999897e-06,0.0032999999999999696,5.8,2.7,3.0999999999999996
eval_20260722_233914,Ministral-3-8B-Instruct-2512,e5,hyde,e5/hyde,374,FDP,5,0.9367,0.9345,0.93552,9.370000000000045e-07,0.0021999999999999797,5.8,4.3,1.5
eval_20260722_233914,Ministral-3-8B-Instruct-2512,e5,hyde,e5/hyde,234,BÜNDNIS 90/DIE GRÜNEN,5,0.9343,0.9324,0.93306,6.230000000000138e-07,0.0019000000000000128,2.1,2.4,0.2999999999999998
eval_20260722_233914,Ministral-3-8B-Instruct-2512,e5,hyde,e5/hyde,649,SPD,5,0.9307,0.928,0.92932,1.226999999999963e-06,0.0026999999999999247,1.2,2.7,1.5000000000000002
eval_20260722_233914,Ministral-3-8B-Instruct-2512,e5,hyde,e5/hyde,318,BÜNDNIS 90/DIE GRÜNEN,5,0.9364,0.9337,0.9347200000000001,1.0370000000000148e-06,0.0027000000000000357,2.8,2.4,0.3999999999999999
eval_20260722_233914,Ministral-3-8B-Instruct-2512,e5,hyde,e5/hyde,411,FDP,5,0.9417,0.933,0.93638,1.2856999999999799e-05,0.00869999999999993,3.2,4.3,1.0999999999999996
eval_20260722_233914,Ministral-3-8B-Instruct-2512,e5,hyde,e5/hyde,737,SPD,5,0.9357,0.9286,0.931,1.008999999999992e-05,0.007099999999999995,3.8,2.7,1.0999999999999996
eval_20260722_233914,Ministral-3-8B-Instruct-2512,e5,hyde,e5/hyde,359,FDP,5,0.935,0.9295,0.93194,5.29300000000006e-06,0.00550000000000006,6.5,4.3,2.2
eval_20260722_233914,Ministral-3-8B-Instruct-2512,e5,hyde,e5/hyde,259,BÜNDNIS 90/DIE GRÜNEN,5,0.9224,0.914,0.9178,1.0674999999999968e-05,0.008399999999999963,3.2,2.4,0.8000000000000003
eval_20260722_233914,Ministral-3-8B-Instruct-2512,e5,hyde,e5/hyde,628,SPD,5,0.9411,0.9373,0.9391200000000002,2.8119999999999864e-06,0.0038000000000000256,2.1,2.7,0.6000000000000001
eval_20260722_233914,Ministral-3-8B-Instruct-2512,e5,hyde,e5/hyde,633,SPD,5,0.9431,0.9415,0.9422200000000001,4.920000000000204e-07,0.0016000000000000458,2.1,2.7,0.6000000000000001
eval_20260722_233914,Ministral-3-8B-Instruct-2512,e5,hyde,e5/hyde,283,BÜNDNIS 90/DIE GRÜNEN,5,0.9297,0.9288,0.92928,1.3699999999999648e-07,0.0009000000000000119,4.2,2.4,1.8000000000000003
eval_20260722_233914,Ministral-3-8B-Instruct-2512,e5,hyde,e5/hyde,780,SPD,5,0.9417,0.9309,0.93416,2.1697999999999927e-05,0.010800000000000032,4.2,2.7,1.5
eval_20260722_233914,Ministral-3-8B-Instruct-2512,e5,hyde,e5/hyde,673,SPD,5,0.9294,0.9264,0.9279399999999999,1.7980000000000491e-06,0.0030000000000000027,6.8,2.7,4.1
eval_20260722_233914,Ministral-3-8B-Instruct-2512,e5,hyde,e5/hyde,473,DIE LINKE,5,0.9435,0.9415,0.9424199999999999,6.770000000000018e-07,0.0020000000000000018,1.2,1.3,0.10000000000000009
eval_20260722_233914,Ministral-3-8B-Instruct-2512,e5,hyde,e5/hyde,348,CSU,5,0.9188,0.915,0.9165199999999999,2.271999999999926e-06,0.0037999999999999146,2.1,5.4,3.3000000000000003
eval_20260722_233914,Ministral-3-8B-Instruct-2512,e5,hyde,e5/hyde,506,DIE LINKE,5,0.9425,0.9404,0.94138,6.370000000000029e-07,0.0020999999999999908,2.8,1.3,1.4999999999999998
eval_20260722_233914,Ministral-3-8B-Instruct-2512,e5,hyde,e5/hyde,640,SPD,5,0.9317,0.9291,0.9307000000000001,1.6599999999999451e-06,0.0025999999999999357,6.8,2.7,4.1
eval_20260722_233914,Ministral-3-8B-Instruct-2512,e5,hyde,e5/hyde,809,SPD,5,0.943,0.9324,0.9359400000000001,1.8247999999999745e-05,0.010599999999999943,3.2,2.7,0.5
eval_20260722_233914,Ministral-3-8B-Instruct-2512,e5,hyde,e5/hyde,761,SPD,5,0.9408,0.9369,0.93858,2.207000000000019e-06,0.0039000000000000146,4.2,2.7,1.5
eval_20260722_233914,Ministral-3-8B-Instruct-2512,e5,hyde,e5/hyde,742,SPD,5,0.9358,0.9309,0.9329599999999999,5.333000000000046e-06,0.0049000000000000155,2.1,2.7,0.6000000000000001
eval_20260722_233914,Ministral-3-8B-Instruct-2512,e5,hyde,e5/hyde,620,SPD,5,0.9443,0.9416,0.9427,1.2450000000000033e-06,0.0027000000000000357,6.8,2.7,4.1
eval_20260722_233914,Ministral-3-8B-Instruct-2512,e5,hyde,e5/hyde,733,SPD,5,0.929,0.9268,0.9277200000000001,7.370000000000464e-07,0.0022000000000000908,6.5,2.7,3.8
eval_20260722_233914,Ministral-3-8B-Instruct-2512,e5,hyde,e5/hyde,646,SPD,5,0.9437,0.9398,0.94102,2.6270000000000186e-06,0.0039000000000000146,4.5,2.7,1.7999999999999998
eval_20260722_233914,Ministral-3-8B-Instruct-2512,e5,hyde,e5/hyde,695,SPD,5,0.9246,0.9235,0.9239,1.9000000000000257e-07,0.0010999999999999899,6.5,2.7,3.8
eval_20260722_233914,Ministral-3-8B-Instruct-2512,e5,hyde,e5/hyde,557,DIE LINKE,5,0.9317,0.926,0.9273999999999999,5.894999999999895e-06,0.005699999999999927,3.2,1.3,1.9000000000000001
eval_20260722_233914,Ministral-3-8B-Instruct-2512,e5,hyde,e5/hyde,578,DIE LINKE,5,0.9361,0.9345,0.93524,5.180000000000047e-07,0.0016000000000000458,1.1,1.3,0.19999999999999996
eval_20260722_233914,Ministral-3-8B-Instruct-2512,e5,hyde,e5/hyde,86,BÜNDNIS 90/DIE GRÜNEN,5,0.9396,0.9344,0.93584,4.832999999999997e-06,0.005199999999999982,3.2,2.4,0.8000000000000003
eval_20260722_233914,Ministral-3-8B-Instruct-2512,e5,hyde,e5/hyde,243,BÜNDNIS 90/DIE GRÜNEN,5,0.9327,0.9266,0.9292999999999999,5.734999999999997e-06,0.006099999999999994,1.2,2.4,1.2
eval_20260722_233914,Ministral-3-8B-Instruct-2512,e5,hyde,e5/hyde,160,AfD,5,0.9415,0.9393,0.94062,6.71999999999974e-07,0.0021999999999999797,7.0,6.5,0.5
eval_20260722_233914,Ministral-3-8B-Instruct-2512,e5,hyde,e5/hyde,525,DIE LINKE,5,0.9313,0.9304,0.9309000000000001,1.1000000000000906e-07,0.0009000000000000119,7.0,1.3,5.7
eval_20260722_233914,Ministral-3-8B-Instruct-2512,e5,hyde,e5/hyde,35,AfD,5,0.9417,0.9377,0.9398,2.289999999999984e-06,0.0040000000000000036,1.1,6.5,5.4
eval_20260722_233914,Ministral-3-8B-Instruct-2512,e5,hyde,e5/hyde,541,DIE LINKE,5,0.9451,0.9392,0.9413199999999999,6.0770000000000555e-06,0.005900000000000016,5.8,1.3,4.5
eval_20260722_233914,Ministral-3-8B-Instruct-2512,e5,hyde,e5/hyde,171,AfD,5,0.9384,0.9337,0.9356200000000001,3.202000000000049e-06,0.0047000000000000375,7.0,6.5,0.5
eval_20260722_233914,Ministral-3-8B-Instruct-2512,e5,hyde,e5/hyde,655,SPD,5,0.9402,0.9385,0.9395,4.399999999999975e-07,0.0017000000000000348,2.3,2.7,0.40000000000000036
eval_20260722_233914,Ministral-3-8B-Instruct-2512,e5,hyde,e5/hyde,704,SPD,5,0.9338,0.9267,0.92896,8.872999999999996e-06,0.007099999999999995,5.8,2.7,3.0999999999999996
eval_20260722_233914,Ministral-3-8B-Instruct-2512,e5,hyde,e5/hyde,696,SPD,5,0.9375,0.9321,0.9343999999999999,7.179999999999955e-06,0.00539999999999996,6.8,2.7,4.1
eval_20260722_233914,Ministral-3-8B-Instruct-2512,e5,hyde,e5/hyde,773,SPD,5,0.9355,0.9325,0.9336399999999999,1.3129999999999803e-06,0.0030000000000000027,3.2,2.7,0.5
eval_20260722_233914,Ministral-3-8B-Instruct-2512,e5,hyde,e5/hyde,96,CDU/CSU,5,0.9298,0.929,0.92942,1.0699999999997643e-07,0.0007999999999999119,,4.7,
eval_20260722_233914,Ministral-3-8B-Instruct-2512,e5,hyde,e5/hyde,564,DIE LINKE,5,0.9423,0.9348,0.93726,8.813000000000105e-06,0.007500000000000062,,1.3,
eval_20260722_233914,Ministral-3-8B-Instruct-2512,e5,hyde,e5/hyde,241,BÜNDNIS 90/DIE GRÜNEN,5,0.9343,0.9278,0.93096,9.642999999999962e-06,0.006500000000000061,2.1,2.4,0.2999999999999998
eval_20260722_233914,Ministral-3-8B-Instruct-2512,e5,hyde,e5/hyde,575,DIE LINKE,5,0.9346,0.9329,0.9337,4.6500000000001413e-07,0.0017000000000000348,1.1,1.3,0.19999999999999996
eval_20260722_233914,Ministral-3-8B-Instruct-2512,e5,hyde,e5/hyde,461,DIE LINKE,5,0.9348,0.9298,0.93238,4.842000000000043e-06,0.0050000000000000044,,1.3,
eval_20260722_233914,Ministral-3-8B-Instruct-2512,e5,hyde,e5/hyde,554,DIE LINKE,5,0.9457,0.9445,0.9451,2.750000000000005e-07,0.0011999999999999789,2.1,1.3,0.8
eval_20260722_233914,Ministral-3-8B-Instruct-2512,e5,hyde,e5/hyde,721,SPD,5,0.9252,0.9204,0.9221999999999999,5.340000000000101e-06,0.0048000000000000265,3.2,2.7,0.5
eval_20260722_233914,Ministral-3-8B-Instruct-2512,e5,hyde,e5/hyde,207,AfD,5,0.9377,0.931,0.9327799999999999,8.111999999999852e-06,0.006699999999999928,7.0,6.5,0.5
eval_20260722_233914,Ministral-3-8B-Instruct-2512,e5,hyde,e5/hyde,393,FDP,5,0.9345,0.9315,0.9328200000000001,1.2120000000000085e-06,0.0030000000000000027,3.2,4.3,1.0999999999999996
eval_20260722_233914,Ministral-3-8B-Instruct-2512,e5,hyde,e5/hyde,398,FDP,5,0.9376,0.9354,0.9363199999999999,8.269999999999855e-07,0.0021999999999999797,4.5,4.3,0.20000000000000018
eval_20260722_233914,Ministral-3-8B-Instruct-2512,e5,hyde,e5/hyde,697,SPD,5,0.9331,0.9278,0.92982,6.247000000000105e-06,0.005300000000000082,4.5,2.7,1.7999999999999998
eval_20260722_233914,Ministral-3-8B-Instruct-2512,e5,hyde,e5/hyde,218,BÜNDNIS 90/DIE GRÜNEN,5,0.9347,0.9278,0.9306000000000001,7.98499999999995e-06,0.006900000000000017,2.1,2.4,0.2999999999999998
eval_20260722_233914,Ministral-3-8B-Instruct-2512,e5,hyde,e5/hyde,4,CDU/CSU,5,0.9391,0.9325,0.9351,7.0050000000000735e-06,0.00660000000000005,5.8,4.7,1.0999999999999996
eval_20260722_233914,Ministral-3-8B-Instruct-2512,e5,hyde,e5/hyde,643,SPD,5,0.9358,0.9272,0.9325399999999998,1.2232999999999925e-05,0.008599999999999941,3.2,2.7,0.5
eval_20260722_233914,Ministral-3-8B-Instruct-2512,e5,hyde,e5/hyde,736,SPD,5,0.9397,0.9387,0.9394,1.600000000000036e-07,0.0010000000000000009,3.2,2.7,0.5
eval_20260722_233914,Ministral-3-8B-Instruct-2512,e5,hyde,e5/hyde,613,SPD,5,0.9215,0.9169,0.91862,3.426999999999926e-06,0.0045999999999999375,6.5,2.7,3.8
eval_20260722_233914,Ministral-3-8B-Instruct-2512,e5,hyde,e5/hyde,547,DIE LINKE,5,0.9457,0.9372,0.9401999999999999,1.2694999999999915e-05,0.008499999999999952,1.2,1.3,0.10000000000000009
eval_20260722_233914,Ministral-3-8B-Instruct-2512,e5,hyde,e5/hyde,684,SPD,5,0.9393,0.9362,0.9378399999999999,2.0629999999999686e-06,0.0030999999999999917,5.2,2.7,2.5
eval_20260722_233914,Ministral-3-8B-Instruct-2512,e5,hyde,e5/hyde,99,BÜNDNIS 90/DIE GRÜNEN,5,0.938,0.9307,0.93516,9.582999999999972e-06,0.007299999999999973,3.2,2.4,0.8000000000000003
eval_20260722_233914,Ministral-3-8B-Instruct-2512,e5,hyde,e5/hyde,574,DIE LINKE,5,0.9361,0.9327,0.9337799999999999,1.8370000000000417e-06,0.0034000000000000696,1.2,1.3,0.10000000000000009
eval_20260722_233914,Ministral-3-8B-Instruct-2512,e5,hyde,e5/hyde,407,FDP,5,0.9426,0.9355,0.93782,7.667000000000015e-06,0.007099999999999995,5.2,4.3,0.9000000000000004
eval_20260722_233914,Ministral-3-8B-Instruct-2512,e5,hyde,e5/hyde,503,DIE LINKE,5,0.9301,0.9283,0.9292999999999999,5.000000000000119e-07,0.0018000000000000238,6.8,1.3,5.5
eval_20260722_233914,Ministral-3-8B-Instruct-2512,e5,hyde,e5/hyde,48,CDU/CSU,5,0.9423,0.9402,0.94102,6.770000000000085e-07,0.0020999999999999908,5.8,4.7,1.0999999999999996
eval_20260722_233914,Ministral-3-8B-Instruct-2512,e5,hyde,e5/hyde,32,AfD,5,0.9362,0.9334,0.9342599999999999,1.2830000000000426e-06,0.0028000000000000247,7.0,6.5,0.5
eval_20260722_233914,Ministral-3-8B-Instruct-2512,e5,hyde,e5/hyde,201,AfD,5,0.9509,0.9338,0.9384,5.090499999999995e-05,0.017100000000000004,7.0,6.5,0.5
eval_20260722_233914,Ministral-3-8B-Instruct-2512,e5,hyde,e5/hyde,135,AfD,5,0.9403,0.9365,0.9382999999999999,2.260000000000046e-06,0.0038000000000000256,7.0,6.5,0.5
eval_20260722_233914,Ministral-3-8B-Instruct-2512,e5,hyde,e5/hyde,27,AfD,5,0.9523,0.9436,0.94572,1.3627000000000132e-05,0.008700000000000041,7.0,6.5,0.5
eval_20260722_233914,Ministral-3-8B-Instruct-2512,e5,hyde,e5/hyde,723,SPD,5,0.922,0.9172,0.91938,3.882000000000066e-06,0.0048000000000000265,1.2,2.7,1.5000000000000002
eval_20260722_233914,Ministral-3-8B-Instruct-2512,e5,hyde,e5/hyde,231,BÜNDNIS 90/DIE GRÜNEN,5,0.9462,0.9418,0.94406,2.908000000000091e-06,0.0044000000000000705,3.2,2.4,0.8000000000000003
eval_20260722_233914,Ministral-3-8B-Instruct-2512,e5,hyde,e5/hyde,490,DIE LINKE,5,0.9437,0.9376,0.9392400000000001,6.487999999999986e-06,0.006099999999999994,1.2,1.3,0.10000000000000009
eval_20260722_233914,Ministral-3-8B-Instruct-2512,e5,hyde,e5/hyde,379,FDP,5,0.9346,0.9313,0.93244,1.5829999999999544e-06,0.0032999999999999696,4.2,4.3,0.09999999999999964
eval_20260722_233914,Ministral-3-8B-Instruct-2512,e5,hyde,e5/hyde,289,BÜNDNIS 90/DIE GRÜNEN,5,0.9406,0.9364,0.9384,2.399999999999971e-06,0.0041999999999999815,3.2,2.4,0.8000000000000003
eval_20260722_233914,Ministral-3-8B-Instruct-2512,e5,hyde,e5/hyde,419,DIE LINKE,5,0.9371,0.9358,0.93646,3.330000000000299e-07,0.0013000000000000789,1.2,1.3,0.10000000000000009
eval_20260722_233914,Ministral-3-8B-Instruct-2512,e5,hyde,e5/hyde,675,SPD,5,0.9452,0.9409,0.9423199999999999,2.977000000000067e-06,0.0043000000000000815,1.2,2.7,1.5000000000000002
eval_20260722_233914,Ministral-3-8B-Instruct-2512,e5,hyde,e5/hyde,392,FDP,5,0.9364,0.9306,0.933,6.140000000000024e-06,0.005800000000000027,4.5,4.3,0.20000000000000018
eval_20260722_233914,Ministral-3-8B-Instruct-2512,e5,hyde,e5/hyde,593,DIE LINKE,5,0.9423,0.9399,0.9414,9.300000000000561e-07,0.0024000000000000687,1.1,1.3,0.19999999999999996
eval_20260722_233914,Ministral-3-8B-Instruct-2512,e5,hyde,e5/hyde,499,DIE LINKE,5,0.9462,0.9405,0.94292,6.187000000000067e-06,0.005700000000000038,1.1,1.3,0.19999999999999996
eval_20260722_233914,Ministral-3-8B-Instruct-2512,e5,hyde,e5/hyde,139,AfD,5,0.9387,0.9375,0.9380599999999999,2.530000000000009e-07,0.0011999999999999789,7.0,6.5,0.5
eval_20260722_233914,Ministral-3-8B-Instruct-2512,e5,hyde,e5/hyde,63,BÜNDNIS 90/DIE GRÜNEN,5,0.9368,0.9318,0.93428,5.587000000000077e-06,0.0050000000000000044,5.8,2.4,3.4
eval_20260722_233914,Ministral-3-8B-Instruct-2512,e5,hyde,e5/hyde,472,DIE LINKE,5,0.9319,0.9263,0.9279399999999999,5.927999999999878e-06,0.005599999999999938,1.2,1.3,0.10000000000000009
eval_20260722_233914,Ministral-3-8B-Instruct-2512,e5,hyde,e5/hyde,648,SPD,5,0.9279,0.9224,0.9247,5.154999999999897e-06,0.005499999999999949,6.5,2.7,3.8
eval_20260722_233914,Ministral-3-8B-Instruct-2512,e5,hyde,e5/hyde,129,AfD,5,0.9451,0.9363,0.9393400000000002,1.244300000000005e-05,0.00880000000000003,7.0,6.5,0.5
eval_20260722_233914,Ministral-3-8B-Instruct-2512,e5,hyde,e5/hyde,799,SPD,5,0.9403,0.9374,0.9382000000000001,1.5150000000000215e-06,0.0029000000000000137,4.5,2.7,1.7999999999999998
eval_20260722_233914,Ministral-3-8B-Instruct-2512,e5,hyde,e5/hyde,521,DIE LINKE,5,0.9342,0.9295,0.9308799999999999,3.617000000000077e-06,0.0047000000000000375,1.2,1.3,0.10000000000000009
eval_20260722_233914,Ministral-3-8B-Instruct-2512,e5,hyde,e5/hyde,65,BÜNDNIS 90/DIE GRÜNEN,5,0.9416,0.9387,0.93962,1.397000000000003e-06,0.0029000000000000137,3.2,2.4,0.8000000000000003
eval_20260722_233914,Ministral-3-8B-Instruct-2512,e5,hyde,e5/hyde,14,BÜNDNIS 90/DIE GRÜNEN,5,0.9392,0.9298,0.9329000000000001,1.5090000000000149e-05,0.009400000000000075,4.2,2.4,1.8000000000000003
eval_20260722_233914,Ministral-3-8B-Instruct-2512,e5,hyde,e5/hyde,157,AfD,5,0.919,0.912,0.91478,7.672000000000073e-06,0.007000000000000006,6.8,6.5,0.2999999999999998
eval_20260722_233914,Ministral-3-8B-Instruct-2512,e5,hyde,e5/hyde,40,AfD,5,0.94,0.935,0.93718,6.691999999999778e-06,0.004999999999999893,5.8,6.5,0.7000000000000002
eval_20260722_233914,Ministral-3-8B-Instruct-2512,e5,hyde,e5/hyde,493,DIE LINKE,5,0.931,0.9274,0.9290600000000001,2.928000000000033e-06,0.0036000000000000476,1.2,1.3,0.10000000000000009
eval_20260722_233914,Ministral-3-8B-Instruct-2512,e5,hyde,e5/hyde,380,FDP,5,0.9181,0.9103,0.91388,1.1141999999999976e-05,0.007800000000000029,6.8,4.3,2.5
eval_20260722_233914,Ministral-3-8B-Instruct-2512,e5,hyde,e5/hyde,188,AfD,5,0.9442,0.9356,0.9377600000000001,1.3188000000000183e-05,0.008600000000000052,6.8,6.5,0.2999999999999998
eval_20260722_233914,Ministral-3-8B-Instruct-2512,e5,hyde,e5/hyde,217,BÜNDNIS 90/DIE GRÜNEN,5,0.9268,0.9226,0.92452,2.4769999999999985e-06,0.0041999999999999815,3.8,2.4,1.4
eval_20260722_233914,Ministral-3-8B-Instruct-2512,e5,hyde,e5/hyde,53,BÜNDNIS 90/DIE GRÜNEN,5,0.9393,0.9381,0.93872,1.9199999999998991e-07,0.0011999999999999789,6.8,2.4,4.4
eval_20260722_233914,Ministral-3-8B-Instruct-2512,e5,hyde,e5/hyde,338,CDU,5,0.9358,0.9305,0.93308,4.696999999999896e-06,0.005299999999999971,1.2,4.7,3.5
eval_20260722_233914,Ministral-3-8B-Instruct-2512,e5,hyde,e5/hyde,720,SPD,5,0.9413,0.9346,0.9364199999999998,7.577000000000057e-06,0.006700000000000039,6.8,2.7,4.1
eval_20260722_233914,Ministral-3-8B-Instruct-2512,e5,hyde,e5/hyde,725,SPD,5,0.9356,0.9329,0.9341800000000001,1.3220000000000297e-06,0.0027000000000000357,6.5,2.7,3.8
eval_20260722_233914,Ministral-3-8B-Instruct-2512,e5,hyde,e5/hyde,296,BÜNDNIS 90/DIE GRÜNEN,5,0.9405,0.9299,0.9336200000000001,1.8877e-05,0.010600000000000054,4.5,2.4,2.1
eval_20260722_233914,Ministral-3-8B-Instruct-2512,e5,hyde,e5/hyde,702,SPD,5,0.9376,0.935,0.93582,1.0819999999999593e-06,0.0025999999999999357,3.2,2.7,0.5
eval_20260722_233914,Ministral-3-8B-Instruct-2512,e5,hyde,e5/hyde,252,BÜNDNIS 90/DIE GRÜNEN,5,0.9394,0.9321,0.9349399999999999,7.312999999999942e-06,0.007299999999999973,2.3,2.4,0.10000000000000009
eval_20260722_233914,Ministral-3-8B-Instruct-2512,e5,hyde,e5/hyde,727,SPD,5,0.9315,0.9279,0.9295199999999999,2.1620000000000345e-06,0.0036000000000000476,4.5,2.7,1.7999999999999998
eval_20260722_233914,Ministral-3-8B-Instruct-2512,e5,hyde,e5/hyde,462,DIE LINKE,5,0.936,0.9313,0.9335000000000001,4.28500000000005e-06,0.0047000000000000375,6.5,1.3,5.2
eval_20260722_233914,Ministral-3-8B-Instruct-2512,e5,hyde,e5/hyde,456,DIE LINKE,5,0.9326,0.9292,0.93026,1.9129999999999705e-06,0.0033999999999999586,6.5,1.3,5.2
eval_20260722_233914,Ministral-3-8B-Instruct-2512,e5,hyde,e5/hyde,270,BÜNDNIS 90/DIE GRÜNEN,5,0.9363,0.931,0.93262,5.221999999999957e-06,0.005299999999999971,3.2,2.4,0.8000000000000003
eval_20260722_233914,Ministral-3-8B-Instruct-2512,e5,hyde,e5/hyde,202,AfD,5,0.9282,0.9248,0.9265800000000001,1.50200000000007e-06,0.0034000000000000696,1.2,6.5,5.3
eval_20260722_233914,Ministral-3-8B-Instruct-2512,e5,hyde,e5/hyde,556,DIE LINKE,5,0.9386,0.9362,0.93764,8.02999999999982e-07,0.0023999999999999577,1.2,1.3,0.10000000000000009
eval_20260722_233914,Ministral-3-8B-Instruct-2512,e5,hyde,e5/hyde,730,SPD,5,0.9395,0.9357,0.93728,2.9219999999999718e-06,0.0038000000000000256,3.5,2.7,0.7999999999999998
eval_20260722_233914,Ministral-3-8B-Instruct-2512,e5,hyde,e5/hyde,402,FDP,5,0.9501,0.9421,0.9445600000000001,1.0057999999999765e-05,0.007999999999999896,4.2,4.3,0.09999999999999964
eval_20260722_233914,Ministral-3-8B-Instruct-2512,e5,hyde,e5/hyde,703,SPD,5,0.9334,0.9311,0.9319199999999999,7.719999999999943e-07,0.0022999999999999687,4.5,2.7,1.7999999999999998
eval_20260722_233914,Ministral-3-8B-Instruct-2512,e5,hyde,e5/hyde,477,DIE LINKE,5,0.9388,0.9346,0.93592,2.836999999999985e-06,0.0041999999999999815,2.1,1.3,0.8
eval_20260722_233914,Ministral-3-8B-Instruct-2512,e5,hyde,e5/hyde,106,BÜNDNIS 90/DIE GRÜNEN,5,0.9363,0.9284,0.93072,1.0427000000000054e-05,0.007900000000000018,3.2,2.4,0.8000000000000003
eval_20260722_233914,Ministral-3-8B-Instruct-2512,e5,hyde,e5/hyde,566,DIE LINKE,5,0.9398,0.9368,0.93768,1.4919999999999554e-06,0.0030000000000000027,1.2,1.3,0.10000000000000009
eval_20260722_233914,Ministral-3-8B-Instruct-2512,e5,hyde,e5/hyde,390,FDP,5,0.9367,0.9343,0.9353400000000001,9.029999999999754e-07,0.0023999999999999577,3.2,4.3,1.0999999999999996
eval_20260722_233914,Ministral-3-8B-Instruct-2512,e5,hyde,e5/hyde,1,CDU/CSU,5,0.9423,0.9342,0.9368399999999999,1.082300000000001e-05,0.008099999999999996,4.2,4.7,0.5
eval_20260722_233914,Ministral-3-8B-Instruct-2512,e5,hyde,e5/hyde,768,SPD,5,0.944,0.9394,0.9410999999999999,3.0099999999999144e-06,0.0045999999999999375,4.5,2.7,1.7999999999999998
eval_20260722_233914,Ministral-3-8B-Instruct-2512,e5,hyde,e5/hyde,562,DIE LINKE,5,0.9373,0.9346,0.9360999999999999,1.0250000000000296e-06,0.0027000000000000357,2.1,1.3,0.8
eval_20260722_233914,Ministral-3-8B-Instruct-2512,e5,hyde,e5/hyde,81,BÜNDNIS 90/DIE GRÜNEN,5,0.9287,0.925,0.92684,2.0429999999999616e-06,0.0036999999999999256,4.5,2.4,2.1
eval_20260722_233914,Ministral-3-8B-Instruct-2512,e5,hyde,e5/hyde,206,AfD,5,0.9407,0.9356,0.9375199999999999,3.826999999999991e-06,0.005099999999999993,7.0,6.5,0.5
eval_20260722_233914,Ministral-3-8B-Instruct-2512,e5,hyde,e5/hyde,34,AfD,5,0.9325,0.9286,0.9303600000000001,2.882999999999979e-06,0.0039000000000000146,7.0,6.5,0.5
eval_20260722_233914,Ministral-3-8B-Instruct-2512,e5,hyde,e5/hyde,509,DIE LINKE,5,0.9338,0.9281,0.9302199999999999,5.056999999999915e-06,0.005699999999999927,6.5,1.3,5.2
eval_20260722_233914,Ministral-3-8B-Instruct-2512,e5,hyde,e5/hyde,428,DIE LINKE,5,0.9377,0.9337,0.93606,2.4880000000000336e-06,0.0040000000000000036,2.1,1.3,0.8
eval_20260722_233914,Ministral-3-8B-Instruct-2512,e5,hyde,e5/hyde,455,DIE LINKE,5,0.9466,0.9353,0.93912,2.326700000000004e-05,0.011299999999999977,1.2,1.3,0.10000000000000009
eval_20260722_233914,Ministral-3-8B-Instruct-2512,e5,hyde,e5/hyde,367,FDP,5,0.9256,0.9219,0.9237399999999999,1.9629999999999184e-06,0.0036999999999999256,5.8,4.3,1.5
eval_20260722_233914,Ministral-3-8B-Instruct-2512,e5,hyde,e5/hyde,92,AfD,5,0.9339,0.9306,0.93244,1.8180000000000104e-06,0.0032999999999999696,7.0,6.5,0.5
eval_20260722_233914,Ministral-3-8B-Instruct-2512,e5,hyde,e5/hyde,340,CDU,5,0.9401,0.9365,0.93782,2.0570000000000622e-06,0.0036000000000000476,4.2,4.7,0.5
eval_20260722_233914,Ministral-3-8B-Instruct-2512,e5,hyde,e5/hyde,565,DIE LINKE,5,0.94,0.9355,0.93834,3.327999999999943e-06,0.0044999999999999485,1.2,1.3,0.10000000000000009
eval_20260722_233914,Ministral-3-8B-Instruct-2512,e5,hyde,e5/hyde,346,CSU,5,0.9343,0.9302,0.9324999999999999,2.559999999999991e-06,0.0040999999999999925,3.2,5.4,2.2
eval_20260722_233914,Ministral-3-8B-Instruct-2512,e5,hyde,e5/hyde,242,BÜNDNIS 90/DIE GRÜNEN,5,0.9268,0.9246,0.9254200000000001,8.219999999999811e-07,0.0021999999999999797,4.5,2.4,2.1
eval_20260722_233914,Ministral-3-8B-Instruct-2512,e5,hyde,e5/hyde,13,BÜNDNIS 90/DIE GRÜNEN,5,0.9245,0.9211,0.92282,1.9069999999999777e-06,0.0033999999999999586,3.2,2.4,0.8000000000000003
eval_20260722_233914,Ministral-3-8B-Instruct-2512,e5,hyde,e5/hyde,316,BÜNDNIS 90/DIE GRÜNEN,5,0.9294,0.9254,0.92634,2.963000000000027e-06,0.0040000000000000036,3.5,2.4,1.1
eval_20260722_233914,Ministral-3-8B-Instruct-2512,e5,hyde,e5/hyde,388,FDP,5,0.9414,0.9348,0.9375199999999999,9.087000000000074e-06,0.00660000000000005,7.0,4.3,2.7
eval_20260722_233914,Ministral-3-8B-Instruct-2512,e5,hyde,e5/hyde,274,BÜNDNIS 90/DIE GRÜNEN,5,0.9372,0.9347,0.9361600000000001,1.0780000000000598e-06,0.0025000000000000577,2.1,2.4,0.2999999999999998
eval_20260722_233914,Ministral-3-8B-Instruct-2512,e5,hyde,e5/hyde,167,AfD,5,0.9338,0.9321,0.93286,4.4799999999997235e-07,0.0016999999999999238,7.0,6.5,0.5
eval_20260722_233914,Ministral-3-8B-Instruct-2512,e5,hyde,e5/hyde,814,SPD,5,0.9221,0.9178,0.9195399999999999,3.178000000000053e-06,0.0043000000000000815,5.8,2.7,3.0999999999999996
eval_20260722_233914,Ministral-3-8B-Instruct-2512,e5,hyde,e5/hyde,647,SPD,5,0.9295,0.9265,0.9281200000000001,1.3820000000000365e-06,0.0030000000000000027,2.1,2.7,0.6000000000000001
eval_20260722_233914,Ministral-3-8B-Instruct-2512,e5,hyde,e5/hyde,485,DIE LINKE,5,0.9261,0.9208,0.9229,3.8250000000001014e-06,0.005300000000000082,6.5,1.3,5.2
eval_20260722_233914,Ministral-3-8B-Instruct-2512,e5,hyde,e5/hyde,803,SPD,5,0.9348,0.9294,0.9312799999999999,4.356999999999901e-06,0.00539999999999996,4.2,2.7,1.5
eval_20260722_233914,Ministral-3-8B-Instruct-2512,e5,hyde,e5/hyde,505,DIE LINKE,5,0.9341,0.9316,0.9330999999999999,1.0050000000000285e-06,0.0025000000000000577,5.8,1.3,4.5
eval_20260722_233914,Ministral-3-8B-Instruct-2512,e5,hyde,e5/hyde,244,BÜNDNIS 90/DIE GRÜNEN,5,0.9433,0.9385,0.9413,4.295000000000098e-06,0.0048000000000000265,3.2,2.4,0.8000000000000003
eval_20260722_233914,Ministral-3-8B-Instruct-2512,e5,hyde,e5/hyde,567,DIE LINKE,5,0.9392,0.9351,0.9372199999999999,2.5920000000000075e-06,0.0040999999999999925,1.2,1.3,0.10000000000000009
eval_20260722_233914,Ministral-3-8B-Instruct-2512,e5,hyde,e5/hyde,563,DIE LINKE,5,0.9332,0.9304,0.9315200000000001,1.2120000000000085e-06,0.0028000000000000247,1.2,1.3,0.10000000000000009
eval_20260722_233914,Ministral-3-8B-Instruct-2512,e5,hyde,e5/hyde,687,SPD,5,0.9391,0.9369,0.9379,8.65000000000037e-07,0.0022000000000000908,4.5,2.7,1.7999999999999998
eval_20260722_233914,Ministral-3-8B-Instruct-2512,e5,hyde,e5/hyde,190,AfD,5,0.9379,0.9336,0.9355399999999999,3.5679999999999915e-06,0.0042999999999999705,6.9,6.5,0.40000000000000036
eval_20260722_233914,Ministral-3-8B-Instruct-2512,e5,hyde,e5/hyde,700,SPD,5,0.946,0.9356,0.9389600000000001,1.6422999999999836e-05,0.010399999999999965,3.2,2.7,0.5
eval_20260722_233914,Ministral-3-8B-Instruct-2512,e5,hyde,e5/hyde,476,DIE LINKE,5,0.9307,0.9285,0.9295,7.649999999999925e-07,0.0021999999999999797,6.8,1.3,5.5
eval_20260722_233914,Ministral-3-8B-Instruct-2512,e5,hyde,e5/hyde,682,SPD,5,0.9353,0.9322,0.93338,1.8270000000000193e-06,0.0030999999999999917,4.5,2.7,1.7999999999999998
eval_20260722_233914,Ministral-3-8B-Instruct-2512,e5,hyde,e5/hyde,511,DIE LINKE,5,0.94,0.9269,0.932,3.445499999999992e-05,0.0131,2.1,1.3,0.8
eval_20260722_233914,Ministral-3-8B-Instruct-2512,e5,hyde,e5/hyde,59,BÜNDNIS 90/DIE GRÜNEN,5,0.9446,0.9351,0.94062,1.6286999999999846e-05,0.009499999999999953,4.2,2.4,1.8000000000000003
eval_20260722_233914,Ministral-3-8B-Instruct-2512,e5,hyde,e5/hyde,475,DIE LINKE,5,0.9417,0.9376,0.9390599999999999,2.7180000000000107e-06,0.0040999999999999925,1.1,1.3,0.19999999999999996
eval_20260722_233914,Ministral-3-8B-Instruct-2512,e5,hyde,e5/hyde,561,DIE LINKE,5,0.9326,0.9304,0.93134,7.379999999999951e-07,0.0021999999999999797,7.0,1.3,5.7
eval_20260722_233914,Ministral-3-8B-Instruct-2512,e5,hyde,e5/hyde,748,SPD,5,0.935,0.9286,0.9310400000000001,9.173000000000132e-06,0.006400000000000072,2.1,2.7,0.6000000000000001
eval_20260722_233914,Ministral-3-8B-Instruct-2512,e5,hyde,e5/hyde,253,BÜNDNIS 90/DIE GRÜNEN,5,0.9421,0.9363,0.93794,5.863000000000097e-06,0.005800000000000027,2.8,2.4,0.3999999999999999
eval_20260722_233914,Ministral-3-8B-Instruct-2512,e5,hyde,e5/hyde,21,BÜNDNIS 90/DIE GRÜNEN,5,0.935,0.931,0.93238,2.6020000000000053e-06,0.0040000000000000036,7.0,2.4,4.6
eval_20260722_233914,Ministral-3-8B-Instruct-2512,e5,hyde,e5/hyde,314,BÜNDNIS 90/DIE GRÜNEN,5,0.9448,0.9341,0.93812,1.7556999999999758e-05,0.010699999999999932,4.2,2.4,1.8000000000000003
eval_20260722_233914,Ministral-3-8B-Instruct-2512,e5,hyde,e5/hyde,460,DIE LINKE,5,0.9359,0.928,0.9307000000000001,9.88499999999977e-06,0.007899999999999907,2.1,1.3,0.8
eval_20260722_233914,Ministral-3-8B-Instruct-2512,e5,hyde,e5/hyde,161,AfD,5,0.9407,0.9372,0.9389200000000001,1.7469999999999405e-06,0.0034999999999999476,7.0,6.5,0.5
eval_20260722_233914,Ministral-3-8B-Instruct-2512,e5,hyde,e5/hyde,277,BÜNDNIS 90/DIE GRÜNEN,5,0.9251,0.9226,0.9238799999999999,1.2020000000000552e-06,0.0025000000000000577,4.5,2.4,2.1
eval_20260722_233914,Ministral-3-8B-Instruct-2512,e5,hyde,e5/hyde,192,AfD,5,0.9374,0.9329,0.93524,3.893000000000088e-06,0.0045000000000000595,7.0,6.5,0.5
eval_20260722_233914,Ministral-3-8B-Instruct-2512,e5,hyde,e5/hyde,386,FDP,5,0.9437,0.9401,0.94166,2.227999999999933e-06,0.0035999999999999366,5.8,4.3,1.5
eval_20260722_233914,Ministral-3-8B-Instruct-2512,e5,hyde,e5/hyde,414,FDP,5,0.9399,0.9368,0.9380200000000001,1.6269999999999558e-06,0.0030999999999999917,3.8,4.3,0.5
eval_20260722_233914,Ministral-3-8B-Instruct-2512,e5,hyde,e5/hyde,492,DIE LINKE,5,0.9431,0.9378,0.9396000000000001,4.3200000000000976e-06,0.005300000000000082,3.8,1.3,2.5
eval_20260722_233914,Ministral-3-8B-Instruct-2512,e5,hyde,e5/hyde,344,CSU,5,0.9414,0.9333,0.93614,1.155300000000004e-05,0.008099999999999996,4.5,5.4,0.9000000000000004
eval_20260722_233914,Ministral-3-8B-Instruct-2512,e5,hyde,e5/hyde,770,SPD,5,0.9443,0.9397,0.9409599999999999,3.553000000000029e-06,0.0046000000000000485,3.2,2.7,0.5
eval_20260722_233914,Ministral-3-8B-Instruct-2512,e5,hyde,e5/hyde,309,BÜNDNIS 90/DIE GRÜNEN,5,0.9499,0.9425,0.94446,1.0002999999999928e-05,0.007399999999999962,4.5,2.4,2.1
eval_20260722_233914,Ministral-3-8B-Instruct-2512,e5,hyde,e5/hyde,662,SPD,5,0.9331,0.9314,0.9320799999999998,5.370000000000238e-07,0.0017000000000000348,1.2,2.7,1.5000000000000002
eval_20260722_233914,Ministral-3-8B-Instruct-2512,e5,hyde,e5/hyde,131,AfD,5,0.9366,0.9342,0.9358000000000001,8.849999999999826e-07,0.0023999999999999577,6.8,6.5,0.2999999999999998
eval_20260722_233914,Ministral-3-8B-Instruct-2512,e5,hyde,e5/hyde,664,SPD,5,0.9315,0.9302,0.9308799999999999,2.1699999999999327e-07,0.0012999999999999678,1.2,2.7,1.5000000000000002
eval_20260722_233914,Ministral-3-8B-Instruct-2512,e5,hyde,e5/hyde,100,BÜNDNIS 90/DIE GRÜNEN,5,0.9431,0.9368,0.9385600000000001,7.093000000000153e-06,0.006300000000000083,3.2,2.4,0.8000000000000003
eval_20260722_233914,Ministral-3-8B-Instruct-2512,e5,hyde,e5/hyde,373,FDP,5,0.9348,0.9332,0.9343600000000001,4.32999999999969e-07,0.0015999999999999348,5.5,4.3,1.2000000000000002
eval_20260722_233914,Ministral-3-8B-Instruct-2512,e5,hyde,e5/hyde,88,BÜNDNIS 90/DIE GRÜNEN,5,0.9403,0.9359,0.93746,4.363000000000029e-06,0.0044000000000000705,3.5,2.4,1.1
eval_20260722_233914,Ministral-3-8B-Instruct-2512,e5,hyde,e5/hyde,459,DIE LINKE,5,0.9412,0.9361,0.9380599999999999,3.653000000000009e-06,0.005099999999999993,6.2,1.3,4.9
eval_20260722_233914,Ministral-3-8B-Instruct-2512,e5,hyde,e5/hyde,331,CDU,5,0.9392,0.9333,0.93476,6.408000000000053e-06,0.005900000000000016,2.8,4.7,1.9000000000000004
eval_20260722_233914,Ministral-3-8B-Instruct-2512,e5,hyde,e5/hyde,467,DIE LINKE,5,0.951,0.9451,0.94708,5.261999999999886e-06,0.005899999999999905,1.2,1.3,0.10000000000000009
eval_20260722_233914,Ministral-3-8B-Instruct-2512,e5,hyde,e5/hyde,122,AfD,5,0.9273,0.9256,0.9263999999999999,6.100000000000378e-07,0.0017000000000000348,6.8,6.5,0.2999999999999998
eval_20260722_233914,Ministral-3-8B-Instruct-2512,e5,hyde,e5/hyde,615,SPD,5,0.9439,0.9371,0.93936,7.497999999999837e-06,0.006799999999999917,4.5,2.7,1.7999999999999998
eval_20260722_233914,Ministral-3-8B-Instruct-2512,e5,hyde,e5/hyde,20,BÜNDNIS 90/DIE GRÜNEN,5,0.9383,0.9339,0.9362600000000001,3.6130000000001177e-06,0.0044000000000000705,3.2,2.4,0.8000000000000003
eval_20260722_233914,Ministral-3-8B-Instruct-2512,e5,hyde,e5/hyde,701,SPD,5,0.9464,0.9415,0.9436399999999999,3.703000000000034e-06,0.0049000000000000155,5.8,2.7,3.0999999999999996
eval_20260722_233914,Ministral-3-8B-Instruct-2512,e5,hyde,e5/hyde,107,CDU/CSU,5,0.9365,0.935,0.9357600000000001,2.829999999999787e-07,0.0014999999999999458,1.2,4.7,3.5
eval_20260722_233914,Ministral-3-8B-Instruct-2512,e5,hyde,e5/hyde,271,BÜNDNIS 90/DIE GRÜNEN,5,0.9331,0.9298,0.932,1.6450000000000651e-06,0.0033000000000000806,2.8,2.4,0.3999999999999999
eval_20260722_233914,Ministral-3-8B-Instruct-2512,e5,hyde,e5/hyde,436,DIE LINKE,5,0.9338,0.9304,0.93184,2.4629999999999805e-06,0.0033999999999999586,3.2,1.3,1.9000000000000001
eval_20260722_233914,Ministral-3-8B-Instruct-2512,e5,hyde,e5/hyde,103,BÜNDNIS 90/DIE GRÜNEN,5,0.945,0.9392,0.9412200000000001,5.431999999999859e-06,0.005799999999999916,6.5,2.4,4.1
eval_20260722_233914,Ministral-3-8B-Instruct-2512,e5,simple,e5/simple,334,CDU,5,0.9206,0.9157,0.91754,4.618000000000007e-06,0.0049000000000000155,6.5,4.7,1.7999999999999998
eval_20260722_233914,Ministral-3-8B-Instruct-2512,e5,simple,e5/simple,68,BÜNDNIS 90/DIE GRÜNEN,5,0.9088,0.9047,0.9065,3.425000000000089e-06,0.0041000000000001036,7.0,2.4,4.6
eval_20260722_233914,Ministral-3-8B-Instruct-2512,e5,simple,e5/simple,683,SPD,5,0.9071,0.9019,0.90428,3.481999999999967e-06,0.005199999999999982,5.8,2.7,3.0999999999999996
eval_20260722_233914,Ministral-3-8B-Instruct-2512,e5,simple,e5/simple,399,FDP,5,0.905,0.9008,0.9025599999999999,4.402999999999928e-06,0.0041999999999999815,6.5,4.3,2.2
eval_20260722_233914,Ministral-3-8B-Instruct-2512,e5,simple,e5/simple,216,BÜNDNIS 90/DIE GRÜNEN,5,0.9327,0.9285,0.93108,2.941999999999977e-06,0.0041999999999999815,1.1,2.4,1.2999999999999998
eval_20260722_233914,Ministral-3-8B-Instruct-2512,e5,simple,e5/simple,807,SPD,5,0.9068,0.9021,0.9037200000000001,3.3170000000000993e-06,0.0047000000000000375,4.5,2.7,1.7999999999999998
eval_20260722_233914,Ministral-3-8B-Instruct-2512,e5,simple,e5/simple,87,BÜNDNIS 90/DIE GRÜNEN,5,0.93,0.923,0.9257799999999999,8.311999999999991e-06,0.007000000000000006,3.2,2.4,0.8000000000000003
eval_20260722_233914,Ministral-3-8B-Instruct-2512,e5,simple,e5/simple,539,DIE LINKE,5,0.9167,0.911,0.9134599999999999,7.442999999999923e-06,0.005699999999999927,4.5,1.3,3.2
eval_20260722_233914,Ministral-3-8B-Instruct-2512,e5,simple,e5/simple,713,SPD,5,0.916,0.9102,0.9131199999999999,6.3670000000000425e-06,0.005800000000000027,3.2,2.7,0.5
eval_20260722_233914,Ministral-3-8B-Instruct-2512,e5,simple,e5/simple,522,DIE LINKE,5,0.9334,0.929,0.93054,2.9679999999999714e-06,0.0043999999999999595,3.2,1.3,1.9000000000000001
eval_20260722_233914,Ministral-3-8B-Instruct-2512,e5,simple,e5/simple,772,SPD,5,0.926,0.9162,0.91996,2.2153000000000155e-05,0.009800000000000031,3.2,2.7,0.5
eval_20260722_233914,Ministral-3-8B-Instruct-2512,e5,simple,e5/simple,435,DIE LINKE,5,0.9322,0.9279,0.9304,3.3000000000001276e-06,0.0043000000000000815,1.1,1.3,0.19999999999999996
eval_20260722_233914,Ministral-3-8B-Instruct-2512,e5,simple,e5/simple,30,AfD,5,0.9135,0.905,0.907,1.3384999999999888e-05,0.008499999999999952,5.9,6.5,0.5999999999999996
eval_20260722_233914,Ministral-3-8B-Instruct-2512,e5,simple,e5/simple,776,SPD,5,0.9155,0.9118,0.91326,2.202999999999909e-06,0.0036999999999999256,4.5,2.7,1.7999999999999998
eval_20260722_233914,Ministral-3-8B-Instruct-2512,e5,simple,e5/simple,434,DIE LINKE,5,0.931,0.928,0.9298400000000001,1.4529999999999787e-06,0.0030000000000000027,1.2,1.3,0.10000000000000009
eval_20260722_233914,Ministral-3-8B-Instruct-2512,e5,simple,e5/simple,39,AfD,5,0.9234,0.9189,0.9206999999999999,4.204999999999956e-06,0.0044999999999999485,6.8,6.5,0.2999999999999998
eval_20260722_233914,Ministral-3-8B-Instruct-2512,e5,simple,e5/simple,213,BÜNDNIS 90/DIE GRÜNEN,5,0.9078,0.9037,0.9055000000000002,3.385000000000093e-06,0.0041000000000001036,3.5,2.4,1.1
eval_20260722_233914,Ministral-3-8B-Instruct-2512,e5,simple,e5/simple,292,BÜNDNIS 90/DIE GRÜNEN,5,0.9242,0.9219,0.92316,9.329999999999643e-07,0.0022999999999999687,2.1,2.4,0.2999999999999998
eval_20260722_233914,Ministral-3-8B-Instruct-2512,e5,simple,e5/simple,782,SPD,5,0.9183,0.9147,0.9163600000000001,2.3630000000000124e-06,0.0036000000000000476,2.1,2.7,0.6000000000000001
eval_20260722_233914,Ministral-3-8B-Instruct-2512,e5,simple,e5/simple,451,DIE LINKE,5,0.9204,0.9118,0.9153600000000001,1.2202999999999902e-05,0.008599999999999941,1.2,1.3,0.10000000000000009
eval_20260722_233914,Ministral-3-8B-Instruct-2512,e5,simple,e5/simple,205,AfD,5,0.9052,0.9028,0.90382,9.619999999999736e-07,0.0023999999999999577,7.0,6.5,0.5
eval_20260722_233914,Ministral-3-8B-Instruct-2512,e5,simple,e5/simple,327,CDU,5,0.9156,0.9145,0.9149200000000001,1.869999999999999e-07,0.0010999999999999899,3.2,4.7,1.5
eval_20260722_233914,Ministral-3-8B-Instruct-2512,e5,simple,e5/simple,708,SPD,5,0.9169,0.9083,0.91266,1.4563000000000211e-05,0.008600000000000052,2.8,2.7,0.09999999999999964
eval_20260722_233914,Ministral-3-8B-Instruct-2512,e5,simple,e5/simple,251,BÜNDNIS 90/DIE GRÜNEN,5,0.9154,0.913,0.91424,1.1529999999999735e-06,0.0023999999999999577,3.2,2.4,0.8000000000000003
eval_20260722_233914,Ministral-3-8B-Instruct-2512,e5,simple,e5/simple,577,DIE LINKE,5,0.9197,0.9163,0.9172399999999999,1.977999999999966e-06,0.0033999999999999586,1.2,1.3,0.10000000000000009
eval_20260722_233914,Ministral-3-8B-Instruct-2512,e5,simple,e5/simple,197,AfD,5,0.9055,0.8983,0.90044,8.942999999999975e-06,0.007199999999999984,7.0,6.5,0.5
eval_20260722_233914,Ministral-3-8B-Instruct-2512,e5,simple,e5/simple,345,CSU,5,0.9077,0.9023,0.9056599999999999,6.3829999999999845e-06,0.00539999999999996,4.5,5.4,0.9000000000000004
eval_20260722_233914,Ministral-3-8B-Instruct-2512,e5,simple,e5/simple,741,SPD,5,0.919,0.9141,0.9161600000000002,3.6830000000000272e-06,0.0049000000000000155,4.5,2.7,1.7999999999999998
eval_20260722_233914,Ministral-3-8B-Instruct-2512,e5,simple,e5/simple,339,CDU,5,0.8966,0.8928,0.8944000000000001,2.3349999999999243e-06,0.0037999999999999146,7.0,4.7,2.3
eval_20260722_233914,Ministral-3-8B-Instruct-2512,e5,simple,e5/simple,706,SPD,5,0.9169,0.9069,0.91044,1.4988000000000059e-05,0.010000000000000009,3.2,2.7,0.5
eval_20260722_233914,Ministral-3-8B-Instruct-2512,e5,simple,e5/simple,528,DIE LINKE,5,0.9203,0.9113,0.9150600000000001,1.1642999999999966e-05,0.009000000000000008,7.0,1.3,5.7
eval_20260722_233914,Ministral-3-8B-Instruct-2512,e5,simple,e5/simple,138,AfD,5,0.9208,0.914,0.9175800000000001,7.386999999999812e-06,0.006799999999999917,6.9,6.5,0.40000000000000036
eval_20260722_233914,Ministral-3-8B-Instruct-2512,e5,simple,e5/simple,353,FDP,5,0.8962,0.8898,0.8923,6.949999999999918e-06,0.006399999999999961,4.5,4.3,0.20000000000000018
eval_20260722_233914,Ministral-3-8B-Instruct-2512,e5,simple,e5/simple,617,SPD,5,0.9028,0.8978,0.9008200000000001,5.111999999999957e-06,0.0050000000000000044,3.2,2.7,0.5
eval_20260722_233914,Ministral-3-8B-Instruct-2512,e5,simple,e5/simple,66,BÜNDNIS 90/DIE GRÜNEN,5,0.9205,0.9176,0.9190400000000001,1.053000000000009e-06,0.0029000000000000137,5.8,2.4,3.4
eval_20260722_233914,Ministral-3-8B-Instruct-2512,e5,simple,e5/simple,64,BÜNDNIS 90/DIE GRÜNEN,5,0.9173,0.9096,0.9129800000000001,1.1877000000000103e-05,0.00770000000000004,4.2,2.4,1.8000000000000003
eval_20260722_233914,Ministral-3-8B-Instruct-2512,e5,simple,e5/simple,671,SPD,5,0.9142,0.9104,0.91206,2.2179999999999866e-06,0.0038000000000000256,5.8,2.7,3.0999999999999996
eval_20260722_233914,Ministral-3-8B-Instruct-2512,e5,simple,e5/simple,140,AfD,5,0.9221,0.9154,0.9173600000000001,7.348000000000043e-06,0.006700000000000039,6.9,6.5,0.40000000000000036
eval_20260722_233914,Ministral-3-8B-Instruct-2512,e5,simple,e5/simple,23,BÜNDNIS 90/DIE GRÜNEN,5,0.9243,0.9217,0.9229800000000001,1.4770000000000277e-06,0.0026000000000000467,2.8,2.4,0.3999999999999999
eval_20260722_233914,Ministral-3-8B-Instruct-2512,e5,simple,e5/simple,110,BÜNDNIS 90/DIE GRÜNEN,5,0.9035,0.9017,0.90256,4.3800000000001676e-07,0.0018000000000000238,4.5,2.4,2.1
eval_20260722_233914,Ministral-3-8B-Instruct-2512,e5,simple,e5/simple,212,AfD,5,0.9041,0.902,0.9033599999999999,6.829999999999905e-07,0.0020999999999999908,6.8,6.5,0.2999999999999998
eval_20260722_233914,Ministral-3-8B-Instruct-2512,e5,simple,e5/simple,558,DIE LINKE,5,0.9287,0.9267,0.9277200000000001,6.020000000000051e-07,0.0020000000000000018,1.2,1.3,0.10000000000000009
eval_20260722_233914,Ministral-3-8B-Instruct-2512,e5,simple,e5/simple,240,BÜNDNIS 90/DIE GRÜNEN,5,0.9319,0.9215,0.9255600000000002,1.943799999999983e-05,0.010399999999999965,2.1,2.4,0.2999999999999998
eval_20260722_233914,Ministral-3-8B-Instruct-2512,e5,simple,e5/simple,478,DIE LINKE,5,0.9299,0.9254,0.9275399999999999,3.3329999999999044e-06,0.0044999999999999485,3.5,1.3,2.2
eval_20260722_233914,Ministral-3-8B-Instruct-2512,e5,simple,e5/simple,214,BÜNDNIS 90/DIE GRÜNEN,5,0.9251,0.9219,0.92362,1.3119999999999863e-06,0.0031999999999999806,4.2,2.4,1.8000000000000003
eval_20260722_233914,Ministral-3-8B-Instruct-2512,e5,simple,e5/simple,406,FDP,5,0.9205,0.9168,0.91834,1.963000000000014e-06,0.0037000000000000366,4.5,4.3,0.20000000000000018
eval_20260722_233914,Ministral-3-8B-Instruct-2512,e5,simple,e5/simple,67,BÜNDNIS 90/DIE GRÜNEN,5,0.9123,0.9064,0.9092,6.7450000000000015e-06,0.005900000000000016,1.1,2.4,1.2999999999999998
eval_20260722_233914,Ministral-3-8B-Instruct-2512,e5,simple,e5/simple,680,SPD,5,0.8991,0.8897,0.893,1.3530000000000028e-05,0.009399999999999964,6.8,2.7,4.1
eval_20260722_233914,Ministral-3-8B-Instruct-2512,e5,simple,e5/simple,530,DIE LINKE,5,0.9216,0.9177,0.91952,2.802000000000037e-06,0.0039000000000000146,4.5,1.3,3.2
eval_20260722_233914,Ministral-3-8B-Instruct-2512,e5,simple,e5/simple,538,DIE LINKE,5,0.9152,0.9068,0.91006,1.1467999999999843e-05,0.008399999999999963,3.2,1.3,1.9000000000000001
eval_20260722_233914,Ministral-3-8B-Instruct-2512,e5,simple,e5/simple,653,SPD,5,0.9005,0.8917,0.89444,1.2877999999999779e-05,0.008799999999999919,4.5,2.7,1.7999999999999998
eval_20260722_233914,Ministral-3-8B-Instruct-2512,e5,simple,e5/simple,335,CDU,5,0.9134,0.9034,0.9072800000000001,1.546700000000005e-05,0.010000000000000009,4.5,4.7,0.20000000000000018
eval_20260722_233914,Ministral-3-8B-Instruct-2512,e5,simple,e5/simple,496,DIE LINKE,5,0.9192,0.9155,0.9174200000000001,2.626999999999982e-06,0.0037000000000000366,1.2,1.3,0.10000000000000009
eval_20260722_233914,Ministral-3-8B-Instruct-2512,e5,simple,e5/simple,804,SPD,5,0.921,0.9149,0.9166399999999999,6.128000000000072e-06,0.006099999999999994,4.2,2.7,1.5
eval_20260722_233914,Ministral-3-8B-Instruct-2512,e5,simple,e5/simple,432,DIE LINKE,5,0.9317,0.9161,0.9208399999999999,4.310299999999987e-05,0.015599999999999947,2.1,1.3,0.8
eval_20260722_233914,Ministral-3-8B-Instruct-2512,e5,simple,e5/simple,569,DIE LINKE,5,0.9117,0.8986,0.9027,2.849999999999979e-05,0.0131,4.2,1.3,2.9000000000000004
eval_20260722_233914,Ministral-3-8B-Instruct-2512,e5,simple,e5/simple,801,SPD,5,0.9125,0.9083,0.9098599999999999,2.7529999999999493e-06,0.0041999999999999815,2.1,2.7,0.6000000000000001
eval_20260722_233914,Ministral-3-8B-Instruct-2512,e5,simple,e5/simple,783,SPD,5,0.9101,0.9071,0.90892,1.2919999999999952e-06,0.0030000000000000027,3.2,2.7,0.5
eval_20260722_233914,Ministral-3-8B-Instruct-2512,e5,simple,e5/simple,817,SPD,5,0.9135,0.9036,0.9071000000000001,1.600499999999999e-05,0.00990000000000002,1.3,2.7,1.4000000000000001
eval_20260722_233914,Ministral-3-8B-Instruct-2512,e5,simple,e5/simple,546,DIE LINKE,5,0.9279,0.9197,0.92264,1.1357999999999931e-05,0.008199999999999985,1.2,1.3,0.10000000000000009
eval_20260722_233914,Ministral-3-8B-Instruct-2512,e5,simple,e5/simple,381,FDP,5,0.925,0.9116,0.91622,2.6832000000000352e-05,0.013400000000000079,4.2,4.3,0.09999999999999964
eval_20260722_233914,Ministral-3-8B-Instruct-2512,e5,simple,e5/simple,775,SPD,5,0.9189,0.9171,0.9183600000000001,5.179999999999858e-07,0.0018000000000000238,4.2,2.7,1.5
eval_20260722_233914,Ministral-3-8B-Instruct-2512,e5,simple,e5/simple,261,BÜNDNIS 90/DIE GRÜNEN,5,0.9192,0.9151,0.9175599999999999,2.91300000000004e-06,0.0040999999999999925,2.1,2.4,0.2999999999999998
eval_20260722_233914,Ministral-3-8B-Instruct-2512,e5,simple,e5/simple,507,DIE LINKE,5,0.9231,0.9168,0.9185400000000001,6.953000000000082e-06,0.006300000000000083,2.1,1.3,0.8
eval_20260722_233914,Ministral-3-8B-Instruct-2512,e5,simple,e5/simple,666,SPD,5,0.9233,0.9201,0.92182,2.251999999999946e-06,0.0031999999999999806,3.2,2.7,0.5
eval_20260722_233914,Ministral-3-8B-Instruct-2512,e5,simple,e5/simple,369,FDP,5,0.9026,0.8965,0.8992999999999999,7.450000000000064e-06,0.006099999999999994,3.2,4.3,1.0999999999999996
eval_20260722_233914,Ministral-3-8B-Instruct-2512,e5,simple,e5/simple,50,CDU/CSU,5,0.9253,0.9236,0.9244399999999999,5.230000000000401e-07,0.0017000000000000348,4.2,4.7,0.5
eval_20260722_233914,Ministral-3-8B-Instruct-2512,e5,simple,e5/simple,97,AfD,5,0.9186,0.9151,0.9164399999999999,2.15799999999998e-06,0.0034999999999999476,6.9,6.5,0.40000000000000036
eval_20260722_233914,Ministral-3-8B-Instruct-2512,e5,simple,e5/simple,777,SPD,5,0.9219,0.9164,0.91966,4.663000000000121e-06,0.00550000000000006,5.8,2.7,3.0999999999999996
eval_20260722_233914,Ministral-3-8B-Instruct-2512,e5,simple,e5/simple,651,SPD,5,0.911,0.9061,0.90736,4.253000000000053e-06,0.0049000000000000155,3.2,2.7,0.5
eval_20260722_233914,Ministral-3-8B-Instruct-2512,e5,simple,e5/simple,483,DIE LINKE,5,0.9286,0.9257,0.92668,1.3220000000000197e-06,0.0029000000000000137,1.2,1.3,0.10000000000000009
eval_20260722_233914,Ministral-3-8B-Instruct-2512,e5,simple,e5/simple,600,SPD,5,0.9199,0.9131,0.91666,8.608000000000028e-06,0.006800000000000028,3.2,2.7,0.5
eval_20260722_233914,Ministral-3-8B-Instruct-2512,e5,simple,e5/simple,816,SPD,5,0.9206,0.9165,0.91844,2.317999999999981e-06,0.0040999999999999925,3.2,2.7,0.5
eval_20260722_233914,Ministral-3-8B-Instruct-2512,e5,simple,e5/simple,33,AfD,5,0.9157,0.9125,0.91368,1.8319999999999858e-06,0.0031999999999999806,4.2,6.5,2.3
eval_20260722_233914,Ministral-3-8B-Instruct-2512,e5,simple,e5/simple,31,AfD,5,0.8972,0.8948,0.8959199999999999,8.119999999999833e-07,0.0023999999999999577,7.0,6.5,0.5
eval_20260722_233914,Ministral-3-8B-Instruct-2512,e5,simple,e5/simple,819,SPD,5,0.9141,0.9066,0.9092,8.195000000000093e-06,0.007500000000000062,4.5,2.7,1.7999999999999998
eval_20260722_233914,Ministral-3-8B-Instruct-2512,e5,simple,e5/simple,494,DIE LINKE,5,0.9202,0.9182,0.91952,5.919999999999806e-07,0.0020000000000000018,1.2,1.3,0.10000000000000009
eval_20260722_233914,Ministral-3-8B-Instruct-2512,e5,simple,e5/simple,337,CDU,5,0.903,0.8976,0.89978,5.517000000000027e-06,0.005400000000000071,5.8,4.7,1.0999999999999996
eval_20260722_233914,Ministral-3-8B-Instruct-2512,e5,simple,e5/simple,297,BÜNDNIS 90/DIE GRÜNEN,5,0.9164,0.9095,0.91188,8.037000000000037e-06,0.006900000000000017,7.0,2.4,4.6
eval_20260722_233914,Ministral-3-8B-Instruct-2512,e5,simple,e5/simple,300,BÜNDNIS 90/DIE GRÜNEN,5,0.9231,0.9105,0.91468,3.0122000000000333e-05,0.012600000000000056,4.2,2.4,1.8000000000000003
eval_20260722_233914,Ministral-3-8B-Instruct-2512,e5,simple,e5/simple,441,DIE LINKE,5,0.9281,0.9157,0.9208999999999999,3.5185000000000125e-05,0.012400000000000078,5.8,1.3,4.5
eval_20260722_233914,Ministral-3-8B-Instruct-2512,e5,simple,e5/simple,405,FDP,5,0.9014,0.9,0.9006000000000001,3.3499999999998726e-07,0.0013999999999999568,5.8,4.3,1.5
eval_20260722_233914,Ministral-3-8B-Instruct-2512,e5,simple,e5/simple,73,BÜNDNIS 90/DIE GRÜNEN,5,0.9267,0.9176,0.92104,1.579299999999985e-05,0.009099999999999997,3.2,2.4,0.8000000000000003
eval_20260722_233914,Ministral-3-8B-Instruct-2512,e5,simple,e5/simple,78,BÜNDNIS 90/DIE GRÜNEN,5,0.9307,0.9241,0.92652,8.221999999999892e-06,0.006599999999999939,1.2,2.4,1.2
eval_20260722_233914,Ministral-3-8B-Instruct-2512,e5,simple,e5/simple,749,SPD,5,0.9202,0.9126,0.91522,9.707000000000122e-06,0.007600000000000051,3.5,2.7,0.7999999999999998
eval_20260722_233914,Ministral-3-8B-Instruct-2512,e5,simple,e5/simple,523,DIE LINKE,5,0.9338,0.9277,0.9299199999999999,5.336999999999933e-06,0.006099999999999994,1.1,1.3,0.19999999999999996
eval_20260722_233914,Ministral-3-8B-Instruct-2512,e5,simple,e5/simple,352,FDP,5,0.9369,0.9187,0.92308,6.0051999999999736e-05,0.018199999999999994,1.2,4.3,3.0999999999999996
eval_20260722_233914,Ministral-3-8B-Instruct-2512,e5,simple,e5/simple,582,DIE LINKE,5,0.9175,0.9103,0.9125,8.724999999999988e-06,0.007199999999999984,6.8,1.3,5.5
eval_20260722_233914,Ministral-3-8B-Instruct-2512,e5,simple,e5/simple,366,FDP,5,0.9246,0.9109,0.91686,2.4807999999999807e-05,0.013699999999999934,4.5,4.3,0.20000000000000018
eval_20260722_233914,Ministral-3-8B-Instruct-2512,e5,simple,e5/simple,444,DIE LINKE,5,0.9233,0.919,0.92126,2.772999999999972e-06,0.0042999999999999705,2.1,1.3,0.8
eval_20260722_233914,Ministral-3-8B-Instruct-2512,e5,simple,e5/simple,607,SPD,5,0.9225,0.9199,0.9209999999999999,1.099999999999952e-06,0.0025999999999999357,4.5,2.7,1.7999999999999998
eval_20260722_233914,Ministral-3-8B-Instruct-2512,e5,simple,e5/simple,351,FDP,5,0.9201,0.9149,0.91654,4.342999999999999e-06,0.005199999999999982,3.2,4.3,1.0999999999999996
eval_20260722_233914,Ministral-3-8B-Instruct-2512,e5,simple,e5/simple,156,AfD,5,0.9074,0.8983,0.9009600000000001,1.411300000000004e-05,0.009099999999999997,7.0,6.5,0.5
eval_20260722_233914,Ministral-3-8B-Instruct-2512,e5,simple,e5/simple,614,SPD,5,0.9175,0.9144,0.91602,1.6170000000000059e-06,0.0030999999999999917,3.2,2.7,0.5
eval_20260722_233914,Ministral-3-8B-Instruct-2512,e5,simple,e5/simple,317,BÜNDNIS 90/DIE GRÜNEN,5,0.9057,0.8937,0.89768,2.368199999999965e-05,0.0119999999999999,3.8,2.4,1.4
eval_20260722_233914,Ministral-3-8B-Instruct-2512,e5,simple,e5/simple,622,SPD,5,0.9327,0.9154,0.92156,4.875799999999973e-05,0.017299999999999982,3.2,2.7,0.5
eval_20260722_233914,Ministral-3-8B-Instruct-2512,e5,simple,e5/simple,769,SPD,5,0.9169,0.9104,0.914,6.73500000000011e-06,0.006500000000000061,3.2,2.7,0.5
eval_20260722_233914,Ministral-3-8B-Instruct-2512,e5,simple,e5/simple,55,BÜNDNIS 90/DIE GRÜNEN,5,0.9247,0.92,0.9223799999999999,4.281999999999912e-06,0.0046999999999999265,1.2,2.4,1.2
eval_20260722_233914,Ministral-3-8B-Instruct-2512,e5,simple,e5/simple,771,SPD,5,0.9039,0.8972,0.90046,8.278000000000013e-06,0.006700000000000039,6.5,2.7,3.8
eval_20260722_233914,Ministral-3-8B-Instruct-2512,e5,simple,e5/simple,502,DIE LINKE,5,0.9155,0.9137,0.91446,5.43000000000017e-07,0.0018000000000000238,4.5,1.3,3.2
eval_20260722_233914,Ministral-3-8B-Instruct-2512,e5,simple,e5/simple,266,BÜNDNIS 90/DIE GRÜNEN,5,0.906,0.9022,0.90352,2.3870000000000434e-06,0.0038000000000000256,3.2,2.4,0.8000000000000003
eval_20260722_233914,Ministral-3-8B-Instruct-2512,e5,simple,e5/simple,548,DIE LINKE,5,0.927,0.9246,0.9257,8.600000000000438e-07,0.0024000000000000687,1.2,1.3,0.10000000000000009
eval_20260722_233914,Ministral-3-8B-Instruct-2512,e5,simple,e5/simple,98,AfD,5,0.9266,0.9203,0.92264,6.0229999999999235e-06,0.006299999999999972,1.2,6.5,5.3
eval_20260722_233914,Ministral-3-8B-Instruct-2512,e5,simple,e5/simple,583,DIE LINKE,5,0.9149,0.9082,0.9113200000000001,9.657000000000014e-06,0.006700000000000039,1.2,1.3,0.10000000000000009
eval_20260722_233914,Ministral-3-8B-Instruct-2512,e5,simple,e5/simple,77,CDU/CSU,5,0.9277,0.9243,0.92554,2.067999999999953e-06,0.0033999999999999586,4.2,4.7,0.5
eval_20260722_233914,Ministral-3-8B-Instruct-2512,e5,simple,e5/simple,121,AfD,5,0.9063,0.8957,0.89922,1.946699999999977e-05,0.010599999999999943,1.2,6.5,5.3
eval_20260722_233914,Ministral-3-8B-Instruct-2512,e5,simple,e5/simple,395,FDP,5,0.9093,0.9071,0.90838,9.520000000000012e-07,0.0021999999999999797,6.5,4.3,2.2
eval_20260722_233914,Ministral-3-8B-Instruct-2512,e5,simple,e5/simple,785,SPD,5,0.9225,0.9085,0.9148799999999999,4.8527000000000005e-05,0.014000000000000012,5.8,2.7,3.0999999999999996
eval_20260722_233914,Ministral-3-8B-Instruct-2512,e5,simple,e5/simple,358,FDP,5,0.9037,0.8977,0.89962,5.786999999999878e-06,0.005999999999999894,4.5,4.3,0.20000000000000018
eval_20260722_233914,Ministral-3-8B-Instruct-2512,e5,simple,e5/simple,731,SPD,5,0.9329,0.9265,0.92856,6.922999999999952e-06,0.006399999999999961,3.2,2.7,0.5
eval_20260722_233914,Ministral-3-8B-Instruct-2512,e5,simple,e5/simple,535,DIE LINKE,5,0.9202,0.9125,0.91548,8.582000000000081e-06,0.00770000000000004,1.2,1.3,0.10000000000000009
eval_20260722_233914,Ministral-3-8B-Instruct-2512,e5,simple,e5/simple,465,DIE LINKE,5,0.9148,0.9071,0.9105399999999999,1.016299999999985e-05,0.007699999999999929,1.1,1.3,0.19999999999999996
eval_20260722_233914,Ministral-3-8B-Instruct-2512,e5,simple,e5/simple,85,BÜNDNIS 90/DIE GRÜNEN,5,0.9078,0.9017,0.9041399999999999,8.048000000000127e-06,0.006100000000000105,6.5,2.4,4.1
eval_20260722_233914,Ministral-3-8B-Instruct-2512,e5,simple,e5/simple,10,BÜNDNIS 90/DIE GRÜNEN,5,0.928,0.9258,0.9267200000000001,8.470000000000388e-07,0.0022000000000000908,5.8,2.4,3.4
eval_20260722_233914,Ministral-3-8B-Instruct-2512,e5,simple,e5/simple,169,AfD,5,0.9257,0.915,0.9197599999999999,2.651300000000001e-05,0.010699999999999932,6.8,6.5,0.2999999999999998
eval_20260722_233914,Ministral-3-8B-Instruct-2512,e5,simple,e5/simple,111,BÜNDNIS 90/DIE GRÜNEN,5,0.9192,0.9154,0.9172399999999999,3.2530000000000826e-06,0.0038000000000000256,3.2,2.4,0.8000000000000003
eval_20260722_233914,Ministral-3-8B-Instruct-2512,e5,simple,e5/simple,293,BÜNDNIS 90/DIE GRÜNEN,5,0.9127,0.907,0.9099,4.549999999999853e-06,0.005699999999999927,1.2,2.4,1.2
eval_20260722_233914,Ministral-3-8B-Instruct-2512,e5,simple,e5/simple,495,DIE LINKE,5,0.9217,0.9158,0.9190799999999999,5.287000000000009e-06,0.005900000000000016,3.2,1.3,1.9000000000000001
eval_20260722_233914,Ministral-3-8B-Instruct-2512,e5,simple,e5/simple,219,BÜNDNIS 90/DIE GRÜNEN,5,0.9272,0.9231,0.92484,3.5679999999999737e-06,0.0040999999999999925,2.8,2.4,0.3999999999999999
eval_20260722_233914,Ministral-3-8B-Instruct-2512,e5,simple,e5/simple,722,SPD,5,0.9221,0.9181,0.9196799999999999,2.3320000000000316e-06,0.0040000000000000036,3.2,2.7,0.5
eval_20260722_233914,Ministral-3-8B-Instruct-2512,e5,simple,e5/simple,328,CDU,5,0.9249,0.915,0.91936,1.9428000000000004e-05,0.00990000000000002,2.8,4.7,1.9000000000000004
eval_20260722_233914,Ministral-3-8B-Instruct-2512,e5,simple,e5/simple,544,DIE LINKE,5,0.9149,0.9116,0.9126799999999999,1.7270000000000493e-06,0.0033000000000000806,1.1,1.3,0.19999999999999996
eval_20260722_233914,Ministral-3-8B-Instruct-2512,e5,simple,e5/simple,119,AfD,5,0.9091,0.9028,0.90506,5.802999999999971e-06,0.006299999999999972,7.0,6.5,0.5
eval_20260722_233914,Ministral-3-8B-Instruct-2512,e5,simple,e5/simple,532,DIE LINKE,5,0.9072,0.9012,0.90504,5.932999999999984e-06,0.006000000000000005,1.2,1.3,0.10000000000000009
eval_20260722_233914,Ministral-3-8B-Instruct-2512,e5,simple,e5/simple,364,FDP,5,0.928,0.9191,0.92178,1.2772000000000077e-05,0.008900000000000019,4.5,4.3,0.20000000000000018
eval_20260722_233914,Ministral-3-8B-Instruct-2512,e5,simple,e5/simple,29,AfD,5,0.9043,0.9006,0.9017800000000001,2.447000000000035e-06,0.0037000000000000366,6.8,6.5,0.2999999999999998
eval_20260722_233914,Ministral-3-8B-Instruct-2512,e5,simple,e5/simple,635,SPD,5,0.9203,0.9145,0.9171800000000001,5.707000000000036e-06,0.005800000000000027,2.1,2.7,0.6000000000000001
eval_20260722_233914,Ministral-3-8B-Instruct-2512,e5,simple,e5/simple,584,DIE LINKE,5,0.919,0.9146,0.9158,3.4400000000000856e-06,0.0044000000000000705,1.2,1.3,0.10000000000000009
eval_20260722_233914,Ministral-3-8B-Instruct-2512,e5,simple,e5/simple,446,DIE LINKE,5,0.9142,0.9083,0.9117200000000001,5.54700000000003e-06,0.005900000000000016,1.1,1.3,0.19999999999999996
eval_20260722_233914,Ministral-3-8B-Instruct-2512,e5,simple,e5/simple,307,BÜNDNIS 90/DIE GRÜNEN,5,0.9166,0.915,0.91576,3.5299999999998216e-07,0.0015999999999999348,3.5,2.4,1.1
eval_20260722_233914,Ministral-3-8B-Instruct-2512,e5,simple,e5/simple,82,BÜNDNIS 90/DIE GRÜNEN,5,0.923,0.9146,0.91762,1.3492000000000141e-05,0.008400000000000074,4.5,2.4,2.1
eval_20260722_233914,Ministral-3-8B-Instruct-2512,e5,simple,e5/simple,718,SPD,5,0.9261,0.9222,0.92364,2.453000000000038e-06,0.0039000000000000146,5.8,2.7,3.0999999999999996
eval_20260722_233914,Ministral-3-8B-Instruct-2512,e5,simple,e5/simple,457,DIE LINKE,5,0.9068,0.9046,0.9058800000000001,7.720000000000497e-07,0.0022000000000000908,1.5,1.3,0.19999999999999996
eval_20260722_233914,Ministral-3-8B-Instruct-2512,e5,simple,e5/simple,518,DIE LINKE,5,0.9288,0.9202,0.9231999999999999,1.3624999999999913e-05,0.008599999999999941,1.1,1.3,0.19999999999999996
eval_20260722_233914,Ministral-3-8B-Instruct-2512,e5,simple,e5/simple,745,SPD,5,0.9117,0.9093,0.91066,7.729999999999896e-07,0.0023999999999999577,5.8,2.7,3.0999999999999996
eval_20260722_233914,Ministral-3-8B-Instruct-2512,e5,simple,e5/simple,757,SPD,5,0.9164,0.9096,0.91218,8.25199999999994e-06,0.006800000000000028,2.1,2.7,0.6000000000000001
eval_20260722_233914,Ministral-3-8B-Instruct-2512,e5,simple,e5/simple,660,SPD,5,0.9207,0.9116,0.9159600000000001,1.690299999999995e-05,0.009099999999999997,4.5,2.7,1.7999999999999998
eval_20260722_233914,Ministral-3-8B-Instruct-2512,e5,simple,e5/simple,752,SPD,5,0.9107,0.9065,0.90818,2.8169999999999834e-06,0.0041999999999999815,3.2,2.7,0.5
eval_20260722_233914,Ministral-3-8B-Instruct-2512,e5,simple,e5/simple,248,BÜNDNIS 90/DIE GRÜNEN,5,0.9117,0.9051,0.90722,8.396999999999872e-06,0.006599999999999939,3.2,2.4,0.8000000000000003
eval_20260722_233914,Ministral-3-8B-Instruct-2512,e5,simple,e5/simple,609,SPD,5,0.9207,0.9133,0.9163399999999999,7.98799999999995e-06,0.007399999999999962,4.2,2.7,1.5
eval_20260722_233914,Ministral-3-8B-Instruct-2512,e5,simple,e5/simple,7,BÜNDNIS 90/DIE GRÜNEN,5,0.9094,0.9051,0.9071999999999999,3.62499999999999e-06,0.0042999999999999705,2.1,2.4,0.2999999999999998
eval_20260722_233914,Ministral-3-8B-Instruct-2512,e5,simple,e5/simple,286,BÜNDNIS 90/DIE GRÜNEN,5,0.9226,0.9181,0.91966,3.7079999999999406e-06,0.0044999999999999485,2.3,2.4,0.10000000000000009
eval_20260722_233914,Ministral-3-8B-Instruct-2512,e5,simple,e5/simple,102,AfD,5,0.9256,0.9231,0.92408,1.0869999999999538e-06,0.0024999999999999467,3.2,6.5,3.3
eval_20260722_233914,Ministral-3-8B-Instruct-2512,e5,simple,e5/simple,336,CDU,5,0.9146,0.9075,0.9095599999999999,8.677999999999992e-06,0.007099999999999995,4.5,4.7,0.20000000000000018
eval_20260722_233914,Ministral-3-8B-Instruct-2512,e5,simple,e5/simple,678,SPD,5,0.9218,0.9191,0.9202999999999999,1.6849999999999396e-06,0.0026999999999999247,4.5,2.7,1.7999999999999998
eval_20260722_233914,Ministral-3-8B-Instruct-2512,e5,simple,e5/simple,634,SPD,5,0.9178,0.9139,0.9161400000000001,2.8979999999999213e-06,0.0038999999999999035,3.2,2.7,0.5
eval_20260722_233914,Ministral-3-8B-Instruct-2512,e5,simple,e5/simple,658,SPD,5,0.9222,0.9159,0.9183200000000001,9.911999999999937e-06,0.006299999999999972,4.5,2.7,1.7999999999999998
eval_20260722_233914,Ministral-3-8B-Instruct-2512,e5,simple,e5/simple,2,CDU/CSU,5,0.8895,0.8843,0.88684,5.947999999999927e-06,0.005199999999999982,4.5,4.7,0.20000000000000018
eval_20260722_233914,Ministral-3-8B-Instruct-2512,e5,simple,e5/simple,232,BÜNDNIS 90/DIE GRÜNEN,5,0.9285,0.9243,0.9265399999999999,3.3529999999999254e-06,0.0041999999999999815,3.2,2.4,0.8000000000000003
eval_20260722_233914,Ministral-3-8B-Instruct-2512,e5,simple,e5/simple,426,DIE LINKE,5,0.9361,0.9312,0.93352,4.666999999999998e-06,0.0049000000000000155,2.1,1.3,0.8
eval_20260722_233914,Ministral-3-8B-Instruct-2512,e5,simple,e5/simple,333,CDU,5,0.9326,0.9227,0.92728,1.2497000000000053e-05,0.00990000000000002,3.2,4.7,1.5
eval_20260722_233914,Ministral-3-8B-Instruct-2512,e5,simple,e5/simple,209,AfD,5,0.9297,0.9149,0.9189400000000001,3.7992999999999756e-05,0.014799999999999924,4.5,6.5,2.0
eval_20260722_233914,Ministral-3-8B-Instruct-2512,e5,simple,e5/simple,211,AfD,5,0.914,0.9103,0.9118600000000001,1.8130000000000456e-06,0.0037000000000000366,6.8,6.5,0.2999999999999998
eval_20260722_233914,Ministral-3-8B-Instruct-2512,e5,simple,e5/simple,448,DIE LINKE,5,0.9082,0.9025,0.9046800000000002,4.837000000000047e-06,0.005700000000000038,3.2,1.3,1.9000000000000001
eval_20260722_233914,Ministral-3-8B-Instruct-2512,e5,simple,e5/simple,765,SPD,5,0.9166,0.9088,0.913,8.464999999999806e-06,0.007799999999999918,4.5,2.7,1.7999999999999998
eval_20260722_233914,Ministral-3-8B-Instruct-2512,e5,simple,e5/simple,668,SPD,5,0.9252,0.9212,0.92294,2.4380000000000337e-06,0.0040000000000000036,4.5,2.7,1.7999999999999998
eval_20260722_233914,Ministral-3-8B-Instruct-2512,e5,simple,e5/simple,175,AfD,5,0.9282,0.9247,0.92574,2.213000000000052e-06,0.0035000000000000586,3.2,6.5,3.3
eval_20260722_233914,Ministral-3-8B-Instruct-2512,e5,simple,e5/simple,245,BÜNDNIS 90/DIE GRÜNEN,5,0.9201,0.9146,0.91754,4.083000000000069e-06,0.00550000000000006,2.8,2.4,0.3999999999999999
eval_20260722_233914,Ministral-3-8B-Instruct-2512,e5,simple,e5/simple,454,DIE LINKE,5,0.9171,0.9117,0.9138999999999999,5.005000000000092e-06,0.005400000000000071,3.2,1.3,1.9000000000000001
eval_20260722_233914,Ministral-3-8B-Instruct-2512,e5,simple,e5/simple,357,FDP,5,0.9245,0.911,0.91706,2.6882999999999864e-05,0.013499999999999956,2.1,4.3,2.1999999999999997
eval_20260722_233914,Ministral-3-8B-Instruct-2512,e5,simple,e5/simple,500,DIE LINKE,5,0.9312,0.9266,0.92818,3.4420000000000947e-06,0.0046000000000000485,1.1,1.3,0.19999999999999996
eval_20260722_233914,Ministral-3-8B-Instruct-2512,e5,simple,e5/simple,382,FDP,5,0.8991,0.8952,0.8965400000000001,2.282999999999998e-06,0.0039000000000000146,4.2,4.3,0.09999999999999964
eval_20260722_233914,Ministral-3-8B-Instruct-2512,e5,simple,e5/simple,80,BÜNDNIS 90/DIE GRÜNEN,5,0.9118,0.9039,0.9088,1.0664999999999965e-05,0.007900000000000018,2.1,2.4,0.2999999999999998
eval_20260722_233914,Ministral-3-8B-Instruct-2512,e5,simple,e5/simple,149,AfD,5,0.9197,0.9147,0.91754,4.582999999999995e-06,0.0050000000000000044,7.0,6.5,0.5
eval_20260722_233914,Ministral-3-8B-Instruct-2512,e5,simple,e5/simple,362,FDP,5,0.9204,0.9161,0.91824,3.1830000000000007e-06,0.0042999999999999705,3.8,4.3,0.5
eval_20260722_233914,Ministral-3-8B-Instruct-2512,e5,simple,e5/simple,193,AfD,5,0.9123,0.9056,0.9087399999999999,9.73300000000018e-06,0.006700000000000039,7.0,6.5,0.5
eval_20260722_233914,Ministral-3-8B-Instruct-2512,e5,simple,e5/simple,276,BÜNDNIS 90/DIE GRÜNEN,5,0.927,0.9214,0.92422,5.1220000000000985e-06,0.005600000000000049,2.1,2.4,0.2999999999999998
eval_20260722_233914,Ministral-3-8B-Instruct-2512,e5,simple,e5/simple,332,CDU,5,0.917,0.9069,0.9092,1.9215000000000032e-05,0.010099999999999998,6.2,4.7,1.5
eval_20260722_233914,Ministral-3-8B-Instruct-2512,e5,simple,e5/simple,603,SPD,5,0.9121,0.9042,0.9075000000000001,1.1059999999999923e-05,0.007900000000000018,3.2,2.7,0.5
eval_20260722_233914,Ministral-3-8B-Instruct-2512,e5,simple,e5/simple,320,CDU,5,0.9165,0.9139,0.9145800000000002,1.176999999999954e-06,0.0025999999999999357,4.5,4.7,0.20000000000000018
eval_20260722_233914,Ministral-3-8B-Instruct-2512,e5,simple,e5/simple,199,AfD,5,0.9053,0.8996,0.9022600000000001,5.213000000000079e-06,0.005700000000000038,7.0,6.5,0.5
eval_20260722_233914,Ministral-3-8B-Instruct-2512,e5,simple,e5/simple,134,AfD,5,0.9017,0.8994,0.9000600000000001,8.929999999999621e-07,0.0022999999999999687,6.8,6.5,0.2999999999999998
eval_20260722_233914,Ministral-3-8B-Instruct-2512,e5,simple,e5/simple,394,FDP,5,0.9223,0.9184,0.92056,2.3179999999999857e-06,0.0039000000000000146,4.2,4.3,0.09999999999999964
eval_20260722_233914,Ministral-3-8B-Instruct-2512,e5,simple,e5/simple,315,BÜNDNIS 90/DIE GRÜNEN,5,0.9279,0.9178,0.9225999999999999,1.572500000000001e-05,0.010099999999999998,2.1,2.4,0.2999999999999998
eval_20260722_233914,Ministral-3-8B-Instruct-2512,e5,simple,e5/simple,712,SPD,5,0.9133,0.9097,0.91198,2.007000000000032e-06,0.0036000000000000476,3.2,2.7,0.5
eval_20260722_233914,Ministral-3-8B-Instruct-2512,e5,simple,e5/simple,56,CDU/CSU,5,0.9286,0.9221,0.9244600000000001,6.82299999999988e-06,0.00649999999999995,2.8,4.7,1.9000000000000004
eval_20260722_233914,Ministral-3-8B-Instruct-2512,e5,simple,e5/simple,440,DIE LINKE,5,0.9204,0.9114,0.91436,1.2228000000000068e-05,0.009000000000000008,1.1,1.3,0.19999999999999996
eval_20260722_233914,Ministral-3-8B-Instruct-2512,e5,simple,e5/simple,621,SPD,5,0.938,0.927,0.92956,2.2407999999999664e-05,0.010999999999999899,,2.7,
eval_20260722_233914,Ministral-3-8B-Instruct-2512,e5,simple,e5/simple,550,DIE LINKE,5,0.93,0.9238,0.9265000000000001,6.370000000000229e-06,0.006200000000000094,1.2,1.3,0.10000000000000009
eval_20260722_233914,Ministral-3-8B-Instruct-2512,e5,simple,e5/simple,568,DIE LINKE,5,0.9165,0.9157,0.91612,1.1199999999999865e-07,0.0008000000000000229,1.2,1.3,0.10000000000000009
eval_20260722_233914,Ministral-3-8B-Instruct-2512,e5,simple,e5/simple,625,SPD,5,0.9262,0.9196,0.9236799999999998,7.187000000000067e-06,0.00660000000000005,4.5,2.7,1.7999999999999998
eval_20260722_233914,Ministral-3-8B-Instruct-2512,e5,simple,e5/simple,427,DIE LINKE,5,0.922,0.9181,0.91998,3.057000000000019e-06,0.0039000000000000146,1.1,1.3,0.19999999999999996
eval_20260722_233914,Ministral-3-8B-Instruct-2512,e5,simple,e5/simple,463,DIE LINKE,5,0.9243,0.9202,0.922,2.2599999999999966e-06,0.0040999999999999925,3.2,1.3,1.9000000000000001
eval_20260722_233914,Ministral-3-8B-Instruct-2512,e5,simple,e5/simple,458,DIE LINKE,5,0.8953,0.8933,0.8946200000000001,6.920000000000119e-07,0.0020000000000000018,4.5,1.3,3.2
eval_20260722_233914,Ministral-3-8B-Instruct-2512,e5,simple,e5/simple,61,BÜNDNIS 90/DIE GRÜNEN,5,0.9145,0.9112,0.9127000000000001,2.0249999999999755e-06,0.0032999999999999696,4.2,2.4,1.8000000000000003
eval_20260722_233914,Ministral-3-8B-Instruct-2512,e5,simple,e5/simple,590,DIE LINKE,5,0.9218,0.9182,0.9198599999999999,2.1629999999999465e-06,0.0035999999999999366,2.1,1.3,0.8
eval_20260722_233914,Ministral-3-8B-Instruct-2512,e5,simple,e5/simple,389,FDP,5,0.8846,0.8808,0.883,3.06500000000003e-06,0.0038000000000000256,5.8,4.3,1.5
eval_20260722_233914,Ministral-3-8B-Instruct-2512,e5,simple,e5/simple,200,AfD,5,0.9189,0.9166,0.9175000000000001,9.950000000000695e-07,0.0023000000000000798,7.0,6.5,0.5
eval_20260722_233914,Ministral-3-8B-Instruct-2512,e5,simple,e5/simple,637,SPD,5,0.9237,0.916,0.9180800000000001,1.0981999999999811e-05,0.007699999999999929,6.8,2.7,4.1
eval_20260722_233914,Ministral-3-8B-Instruct-2512,e5,simple,e5/simple,758,SPD,5,0.9204,0.9102,0.9142999999999999,1.6684999999999885e-05,0.010199999999999987,3.2,2.7,0.5
eval_20260722_233914,Ministral-3-8B-Instruct-2512,e5,simple,e5/simple,545,DIE LINKE,5,0.9159,0.9116,0.9127400000000001,3.20300000000006e-06,0.0043000000000000815,1.2,1.3,0.10000000000000009
eval_20260722_233914,Ministral-3-8B-Instruct-2512,e5,simple,e5/simple,383,FDP,5,0.9025,0.9009,0.90162,4.4699999999997593e-07,0.0015999999999999348,2.1,4.3,2.1999999999999997
eval_20260722_233914,Ministral-3-8B-Instruct-2512,e5,simple,e5/simple,260,BÜNDNIS 90/DIE GRÜNEN,5,0.9022,0.8983,0.90026,2.7029999999999706e-06,0.0039000000000000146,3.2,2.4,0.8000000000000003
eval_20260722_233914,Ministral-3-8B-Instruct-2512,e5,simple,e5/simple,210,AfD,5,0.9337,0.9249,0.92828,1.6086999999999787e-05,0.008799999999999919,1.1,6.5,5.4
eval_20260722_233914,Ministral-3-8B-Instruct-2512,e5,simple,e5/simple,410,FDP,5,0.8977,0.8912,0.893,7.135000000000171e-06,0.006500000000000061,4.5,4.3,0.20000000000000018
eval_20260722_233914,Ministral-3-8B-Instruct-2512,e5,simple,e5/simple,740,SPD,5,0.9308,0.921,0.92386,1.7017999999999826e-05,0.00979999999999992,3.2,2.7,0.5
eval_20260722_233914,Ministral-3-8B-Instruct-2512,e5,simple,e5/simple,91,BÜNDNIS 90/DIE GRÜNEN,5,0.9213,0.9169,0.9191400000000002,2.7529999999999845e-06,0.0043999999999999595,3.2,2.4,0.8000000000000003
eval_20260722_233914,Ministral-3-8B-Instruct-2512,e5,simple,e5/simple,255,BÜNDNIS 90/DIE GRÜNEN,5,0.8949,0.8894,0.8920600000000001,5.5430000000000145e-06,0.00550000000000006,2.8,2.4,0.3999999999999999
eval_20260722_233914,Ministral-3-8B-Instruct-2512,e5,simple,e5/simple,421,DIE LINKE,5,0.9242,0.9116,0.9162600000000001,4.0118000000000215e-05,0.012600000000000056,1.1,1.3,0.19999999999999996
eval_20260722_233914,Ministral-3-8B-Instruct-2512,e5,simple,e5/simple,376,FDP,5,0.9173,0.9149,0.9162600000000001,1.1729999999999691e-06,0.0023999999999999577,,4.3,
eval_20260722_233914,Ministral-3-8B-Instruct-2512,e5,simple,e5/simple,301,BÜNDNIS 90/DIE GRÜNEN,5,0.9244,0.9179,0.9216200000000001,8.756999999999901e-06,0.00649999999999995,1.2,2.4,1.2
eval_20260722_233914,Ministral-3-8B-Instruct-2512,e5,simple,e5/simple,159,AfD,5,0.9235,0.9132,0.9176,1.7649999999999873e-05,0.010299999999999976,6.8,6.5,0.2999999999999998
eval_20260722_233914,Ministral-3-8B-Instruct-2512,e5,simple,e5/simple,70,BÜNDNIS 90/DIE GRÜNEN,5,0.9115,0.9081,0.9094599999999999,1.8429999999999792e-06,0.0033999999999999586,1.2,2.4,1.2
eval_20260722_233914,Ministral-3-8B-Instruct-2512,e5,simple,e5/simple,605,SPD,5,0.8959,0.8868,0.8893000000000001,1.4405000000000014e-05,0.009099999999999997,6.5,2.7,3.8
eval_20260722_233914,Ministral-3-8B-Instruct-2512,e5,simple,e5/simple,132,AfD,5,0.9307,0.9172,0.9211400000000001,2.9962999999999794e-05,0.013499999999999956,1.2,6.5,5.3
eval_20260722_233914,Ministral-3-8B-Instruct-2512,e5,simple,e5/simple,45,CDU/CSU,5,0.9208,0.9117,0.91672,1.1247000000000008e-05,0.009099999999999997,3.5,4.7,1.2000000000000002
eval_20260722_233914,Ministral-3-8B-Instruct-2512,e5,simple,e5/simple,71,BÜNDNIS 90/DIE GRÜNEN,5,0.9176,0.9056,0.90962,2.95519999999999e-05,0.01200000000000001,1.5,2.4,0.8999999999999999
eval_20260722_233914,Ministral-3-8B-Instruct-2512,e5,simple,e5/simple,488,DIE LINKE,5,0.9209,0.9149,0.91722,5.587000000000046e-06,0.006000000000000005,1.2,1.3,0.10000000000000009
eval_20260722_233914,Ministral-3-8B-Instruct-2512,e5,simple,e5/simple,759,SPD,5,0.9206,0.9154,0.91692,4.456999999999987e-06,0.005199999999999982,3.2,2.7,0.5
eval_20260722_233914,Ministral-3-8B-Instruct-2512,e5,simple,e5/simple,324,CDU,5,0.9194,0.9134,0.9155599999999999,5.9929999999999696e-06,0.006000000000000005,5.8,4.7,1.0999999999999996
eval_20260722_233914,Ministral-3-8B-Instruct-2512,e5,simple,e5/simple,689,SPD,5,0.9086,0.904,0.90568,3.1869999999999426e-06,0.0045999999999999375,4.5,2.7,1.7999999999999998
eval_20260722_233914,Ministral-3-8B-Instruct-2512,e5,simple,e5/simple,136,AfD,5,0.9169,0.9142,0.91536,1.4830000000000197e-06,0.0027000000000000357,7.0,6.5,0.5
eval_20260722_233914,Ministral-3-8B-Instruct-2512,e5,simple,e5/simple,83,BÜNDNIS 90/DIE GRÜNEN,5,0.9214,0.9183,0.9198400000000001,1.52799999999997e-06,0.0030999999999999917,3.2,2.4,0.8000000000000003
eval_20260722_233914,Ministral-3-8B-Instruct-2512,e5,simple,e5/simple,166,AfD,5,0.9173,0.908,0.9099999999999999,1.6664999999999977e-05,0.009299999999999975,6.8,6.5,0.2999999999999998
eval_20260722_233914,Ministral-3-8B-Instruct-2512,e5,simple,e5/simple,165,AfD,5,0.9129,0.9088,0.9102399999999999,3.0180000000000218e-06,0.0040999999999999925,6.8,6.5,0.2999999999999998
eval_20260722_233914,Ministral-3-8B-Instruct-2512,e5,simple,e5/simple,28,AfD,5,0.9158,0.9145,0.91526,2.729999999999821e-07,0.0012999999999999678,4.2,6.5,2.3
eval_20260722_233914,Ministral-3-8B-Instruct-2512,e5,simple,e5/simple,778,SPD,5,0.924,0.9199,0.9220600000000001,2.883000000000018e-06,0.0040999999999999925,2.1,2.7,0.6000000000000001
eval_20260722_233914,Ministral-3-8B-Instruct-2512,e5,simple,e5/simple,194,AfD,5,0.9303,0.9242,0.9269400000000001,6.83300000000006e-06,0.006099999999999994,6.8,6.5,0.2999999999999998
eval_20260722_233914,Ministral-3-8B-Instruct-2512,e5,simple,e5/simple,734,SPD,5,0.9174,0.9111,0.91342,6.056999999999998e-06,0.006299999999999972,4.2,2.7,1.5
eval_20260722_233914,Ministral-3-8B-Instruct-2512,e5,simple,e5/simple,533,DIE LINKE,5,0.9207,0.9116,0.91536,1.2423000000000037e-05,0.009099999999999997,2.1,1.3,0.8
eval_20260722_233914,Ministral-3-8B-Instruct-2512,e5,simple,e5/simple,330,CDU,5,0.8952,0.8923,0.89362,1.917000000000042e-06,0.0029000000000000137,5.8,4.7,1.0999999999999996
eval_20260722_233914,Ministral-3-8B-Instruct-2512,e5,simple,e5/simple,137,AfD,5,0.9177,0.9131,0.91442,3.926999999999917e-06,0.0045999999999999375,7.0,6.5,0.5
eval_20260722_233914,Ministral-3-8B-Instruct-2512,e5,simple,e5/simple,429,DIE LINKE,5,0.9157,0.9116,0.9129999999999999,2.4649999999999844e-06,0.0040999999999999925,2.1,1.3,0.8
eval_20260722_233914,Ministral-3-8B-Instruct-2512,e5,simple,e5/simple,445,DIE LINKE,5,0.9274,0.9208,0.92418,7.162000000000065e-06,0.00660000000000005,,1.3,
eval_20260722_233914,Ministral-3-8B-Instruct-2512,e5,simple,e5/simple,141,AfD,5,0.9216,0.9192,0.9204000000000001,9.649999999999929e-07,0.0023999999999999577,7.0,6.5,0.5
eval_20260722_233914,Ministral-3-8B-Instruct-2512,e5,simple,e5/simple,487,DIE LINKE,5,0.8949,0.8917,0.8927799999999999,1.7569999999999893e-06,0.0031999999999999806,4.5,1.3,3.2
eval_20260722_233914,Ministral-3-8B-Instruct-2512,e5,simple,e5/simple,6,CDU/CSU,5,0.9386,0.9271,0.932,2.729499999999982e-05,0.011499999999999955,4.5,4.7,0.20000000000000018
eval_20260722_233914,Ministral-3-8B-Instruct-2512,e5,simple,e5/simple,537,DIE LINKE,5,0.9359,0.9208,0.92438,4.224199999999971e-05,0.015100000000000002,1.2,1.3,0.10000000000000009
eval_20260722_233914,Ministral-3-8B-Instruct-2512,e5,simple,e5/simple,744,SPD,5,0.9229,0.9141,0.91792,2.0487000000000002e-05,0.00880000000000003,4.5,2.7,1.7999999999999998
eval_20260722_233914,Ministral-3-8B-Instruct-2512,e5,simple,e5/simple,236,BÜNDNIS 90/DIE GRÜNEN,5,0.9268,0.9159,0.9190999999999999,2.0214999999999745e-05,0.01089999999999991,,2.4,
eval_20260722_233914,Ministral-3-8B-Instruct-2512,e5,simple,e5/simple,498,DIE LINKE,5,0.9169,0.9126,0.91486,3.4680000000000865e-06,0.0043000000000000815,6.5,1.3,5.2
eval_20260722_233914,Ministral-3-8B-Instruct-2512,e5,simple,e5/simple,579,DIE LINKE,5,0.9231,0.9139,0.91648,1.4062000000000085e-05,0.009199999999999986,4.2,1.3,2.9000000000000004
eval_20260722_233914,Ministral-3-8B-Instruct-2512,e5,simple,e5/simple,282,BÜNDNIS 90/DIE GRÜNEN,5,0.9184,0.9121,0.91462,5.626999999999969e-06,0.006299999999999972,2.1,2.4,0.2999999999999998
eval_20260722_233914,Ministral-3-8B-Instruct-2512,e5,simple,e5/simple,519,DIE LINKE,5,0.9071,0.9038,0.90526,1.7529999999999936e-06,0.0032999999999999696,3.2,1.3,1.9000000000000001
eval_20260722_233914,Ministral-3-8B-Instruct-2512,e5,simple,e5/simple,146,AfD,5,0.9207,0.9146,0.9173199999999999,6.457000000000033e-06,0.006099999999999994,7.0,6.5,0.5
eval_20260722_233914,Ministral-3-8B-Instruct-2512,e5,simple,e5/simple,303,BÜNDNIS 90/DIE GRÜNEN,5,0.932,0.9258,0.92768,6.947000000000192e-06,0.006200000000000094,2.3,2.4,0.10000000000000009
eval_20260722_233914,Ministral-3-8B-Instruct-2512,e5,simple,e5/simple,221,BÜNDNIS 90/DIE GRÜNEN,5,0.9218,0.9184,0.92024,2.8729999999999376e-06,0.0033999999999999586,3.2,2.4,0.8000000000000003
eval_20260722_233914,Ministral-3-8B-Instruct-2512,e5,simple,e5/simple,312,BÜNDNIS 90/DIE GRÜNEN,5,0.9088,0.9062,0.9069,1.1900000000000487e-06,0.0026000000000000467,3.2,2.4,0.8000000000000003
eval_20260722_233914,Ministral-3-8B-Instruct-2512,e5,simple,e5/simple,329,CDU,5,0.911,0.9082,0.9093,1.1350000000000332e-06,0.0028000000000000247,5.8,4.7,1.0999999999999996
eval_20260722_233914,Ministral-3-8B-Instruct-2512,e5,simple,e5/simple,133,AfD,5,0.9033,0.8969,0.89896,6.237999999999946e-06,0.006399999999999961,7.0,6.5,0.5
eval_20260722_233914,Ministral-3-8B-Instruct-2512,e5,simple,e5/simple,751,SPD,5,0.9175,0.9108,0.9133199999999999,6.556999999999876e-06,0.006699999999999928,3.2,2.7,0.5
eval_20260722_233914,Ministral-3-8B-Instruct-2512,e5,simple,e5/simple,739,SPD,5,0.9151,0.9106,0.9120399999999999,3.617999999999999e-06,0.0045000000000000595,4.5,2.7,1.7999999999999998
eval_20260722_233914,Ministral-3-8B-Instruct-2512,e5,simple,e5/simple,800,SPD,5,0.9013,0.8996,0.9004200000000001,6.469999999999951e-07,0.0017000000000000348,4.5,2.7,1.7999999999999998
eval_20260722_233914,Ministral-3-8B-Instruct-2512,e5,simple,e5/simple,610,SPD,5,0.9217,0.919,0.9202199999999999,1.1119999999999395e-06,0.0026999999999999247,4.5,2.7,1.7999999999999998
eval_20260722_233914,Ministral-3-8B-Instruct-2512,e5,simple,e5/simple,41,CDU/CSU,5,0.9192,0.9129,0.91558,7.906999999999882e-06,0.006299999999999972,5.8,4.7,1.0999999999999996
eval_20260722_233914,Ministral-3-8B-Instruct-2512,e5,simple,e5/simple,663,SPD,5,0.9088,0.9047,0.906,2.675000000000105e-06,0.0041000000000001036,5.8,2.7,3.0999999999999996
eval_20260722_233914,Ministral-3-8B-Instruct-2512,e5,simple,e5/simple,109,BÜNDNIS 90/DIE GRÜNEN,5,0.9333,0.9235,0.9268599999999999,1.4728000000000078e-05,0.009800000000000031,3.2,2.4,0.8000000000000003
eval_20260722_233914,Ministral-3-8B-Instruct-2512,e5,simple,e5/simple,356,FDP,5,0.9179,0.9109,0.9138,7.404999999999984e-06,0.007000000000000006,3.2,4.3,1.0999999999999996
eval_20260722_233914,Ministral-3-8B-Instruct-2512,e5,simple,e5/simple,57,CDU/CSU,5,0.8922,0.89,0.89108,7.670000000000142e-07,0.0021999999999999797,4.5,4.7,0.20000000000000018
eval_20260722_233914,Ministral-3-8B-Instruct-2512,e5,simple,e5/simple,287,BÜNDNIS 90/DIE GRÜNEN,5,0.9315,0.9209,0.92622,2.3716999999999956e-05,0.010599999999999943,1.2,2.4,1.2
eval_20260722_233914,Ministral-3-8B-Instruct-2512,e5,simple,e5/simple,291,BÜNDNIS 90/DIE GRÜNEN,5,0.9219,0.9153,0.91744,7.413000000000147e-06,0.00660000000000005,6.5,2.4,4.1
eval_20260722_233914,Ministral-3-8B-Instruct-2512,e5,simple,e5/simple,423,DIE LINKE,5,0.9189,0.9157,0.9172,2.2100000000000458e-06,0.0032000000000000917,1.2,1.3,0.10000000000000009
eval_20260722_233914,Ministral-3-8B-Instruct-2512,e5,simple,e5/simple,24,BÜNDNIS 90/DIE GRÜNEN,5,0.903,0.9002,0.9014200000000001,1.0120000000000201e-06,0.0028000000000000247,3.2,2.4,0.8000000000000003
eval_20260722_233914,Ministral-3-8B-Instruct-2512,e5,simple,e5/simple,295,BÜNDNIS 90/DIE GRÜNEN,5,0.9382,0.9146,0.92072,9.723200000000059e-05,0.023600000000000065,1.2,2.4,1.2
eval_20260722_233914,Ministral-3-8B-Instruct-2512,e5,simple,e5/simple,363,FDP,5,0.9208,0.9151,0.9180399999999999,6.202999999999901e-06,0.005699999999999927,4.2,4.3,0.09999999999999964
eval_20260722_233914,Ministral-3-8B-Instruct-2512,e5,simple,e5/simple,52,BÜNDNIS 90/DIE GRÜNEN,5,0.9124,0.9117,0.91224,9.30000000000095e-08,0.0007000000000000339,2.8,2.4,0.3999999999999999
eval_20260722_233914,Ministral-3-8B-Instruct-2512,e5,simple,e5/simple,343,CSU,5,0.9079,0.9053,0.90656,1.0280000000000222e-06,0.0026000000000000467,6.5,5.4,1.0999999999999996
eval_20260722_233914,Ministral-3-8B-Instruct-2512,e5,simple,e5/simple,754,SPD,5,0.9252,0.9134,0.91712,2.2692000000000212e-05,0.011800000000000033,3.8,2.7,1.0999999999999996
eval_20260722_233914,Ministral-3-8B-Instruct-2512,e5,simple,e5/simple,265,BÜNDNIS 90/DIE GRÜNEN,5,0.9221,0.9096,0.91396,2.3113000000000275e-05,0.012500000000000067,2.8,2.4,0.3999999999999999
eval_20260722_233914,Ministral-3-8B-Instruct-2512,e5,simple,e5/simple,674,SPD,5,0.9289,0.9208,0.9237,1.0574999999999901e-05,0.008099999999999996,2.1,2.7,0.6000000000000001
eval_20260722_233914,Ministral-3-8B-Instruct-2512,e5,simple,e5/simple,571,DIE LINKE,5,0.9019,0.8915,0.8965799999999999,1.95770000000001e-05,0.010400000000000076,6.2,1.3,4.9
eval_20260722_233914,Ministral-3-8B-Instruct-2512,e5,simple,e5/simple,396,FDP,5,0.9193,0.9119,0.9152199999999999,7.03699999999996e-06,0.007399999999999962,3.2,4.3,1.0999999999999996
eval_20260722_233914,Ministral-3-8B-Instruct-2512,e5,simple,e5/simple,732,SPD,5,0.9239,0.9153,0.91842,1.1957000000000096e-05,0.008600000000000052,3.2,2.7,0.5
eval_20260722_233914,Ministral-3-8B-Instruct-2512,e5,simple,e5/simple,598,SPD,5,0.9083,0.9047,0.9065,1.7600000000000344e-06,0.0036000000000000476,6.5,2.7,3.8
eval_20260722_233914,Ministral-3-8B-Instruct-2512,e5,simple,e5/simple,534,DIE LINKE,5,0.939,0.9261,0.9305,2.6109999999999647e-05,0.012899999999999912,1.2,1.3,0.10000000000000009
eval_20260722_233914,Ministral-3-8B-Instruct-2512,e5,simple,e5/simple,84,BÜNDNIS 90/DIE GRÜNEN,5,0.9103,0.9073,0.90852,1.4119999999999867e-06,0.0030000000000000027,4.5,2.4,2.1
eval_20260722_233914,Ministral-3-8B-Instruct-2512,e5,simple,e5/simple,62,BÜNDNIS 90/DIE GRÜNEN,5,0.9312,0.9232,0.9267,9.189999999999963e-06,0.008000000000000007,3.8,2.4,1.4
eval_20260722_233914,Ministral-3-8B-Instruct-2512,e5,simple,e5/simple,786,SPD,5,0.9069,0.898,0.90194,1.2912999999999988e-05,0.008900000000000019,3.2,2.7,0.5
eval_20260722_233914,Ministral-3-8B-Instruct-2512,e5,simple,e5/simple,808,SPD,5,0.9274,0.9217,0.92424,7.023000000000039e-06,0.005700000000000038,3.2,2.7,0.5
eval_20260722_233914,Ministral-3-8B-Instruct-2512,e5,simple,e5/simple,692,SPD,5,0.9224,0.9153,0.91752,8.707000000000007e-06,0.007099999999999995,6.8,2.7,4.1
eval_20260722_233914,Ministral-3-8B-Instruct-2512,e5,simple,e5/simple,542,DIE LINKE,5,0.9329,0.9204,0.92422,2.586699999999974e-05,0.012499999999999956,2.3,1.3,0.9999999999999998
eval_20260722_233914,Ministral-3-8B-Instruct-2512,e5,simple,e5/simple,183,AfD,5,0.9184,0.9136,0.9153,3.5900000000000143e-06,0.0048000000000000265,7.0,6.5,0.5
eval_20260722_233914,Ministral-3-8B-Instruct-2512,e5,simple,e5/simple,553,DIE LINKE,5,0.9184,0.9139,0.9158800000000001,3.6869999999998963e-06,0.0044999999999999485,3.2,1.3,1.9000000000000001
eval_20260722_233914,Ministral-3-8B-Instruct-2512,e5,simple,e5/simple,515,DIE LINKE,5,0.9204,0.9132,0.91544,8.783e-06,0.007199999999999984,1.2,1.3,0.10000000000000009
eval_20260722_233914,Ministral-3-8B-Instruct-2512,e5,simple,e5/simple,224,BÜNDNIS 90/DIE GRÜNEN,5,0.9053,0.9023,0.9037600000000001,1.4479999999999762e-06,0.0030000000000000027,7.0,2.4,4.6
eval_20260722_233914,Ministral-3-8B-Instruct-2512,e5,simple,e5/simple,437,DIE LINKE,5,0.9061,0.9035,0.9045799999999999,1.0570000000000248e-06,0.0026000000000000467,1.2,1.3,0.10000000000000009
eval_20260722_233914,Ministral-3-8B-Instruct-2512,e5,simple,e5/simple,654,SPD,5,0.9215,0.9175,0.9195599999999999,2.188000000000005e-06,0.0040000000000000036,3.2,2.7,0.5
eval_20260722_233914,Ministral-3-8B-Instruct-2512,e5,simple,e5/simple,656,SPD,5,0.919,0.9151,0.9173,2.185000000000024e-06,0.0039000000000000146,4.5,2.7,1.7999999999999998
eval_20260722_233914,Ministral-3-8B-Instruct-2512,e5,simple,e5/simple,657,SPD,5,0.9191,0.9146,0.91658,3.6870000000001106e-06,0.0045000000000000595,6.8,2.7,4.1
eval_20260722_233914,Ministral-3-8B-Instruct-2512,e5,simple,e5/simple,641,SPD,5,0.9199,0.9142,0.9171400000000001,6.35300000000004e-06,0.005700000000000038,4.5,2.7,1.7999999999999998
eval_20260722_233914,Ministral-3-8B-Instruct-2512,e5,simple,e5/simple,508,DIE LINKE,5,0.9154,0.9107,0.91242,3.21700000000003e-06,0.0047000000000000375,4.2,1.3,2.9000000000000004
eval_20260722_233914,Ministral-3-8B-Instruct-2512,e5,simple,e5/simple,177,AfD,5,0.9101,0.9004,0.90496,1.405300000000016e-05,0.009700000000000042,6.8,6.5,0.2999999999999998
eval_20260722_233914,Ministral-3-8B-Instruct-2512,e5,simple,e5/simple,559,DIE LINKE,5,0.9341,0.9253,0.92782,1.3232000000000137e-05,0.00880000000000003,2.1,1.3,0.8
eval_20260722_233914,Ministral-3-8B-Instruct-2512,e5,simple,e5/simple,540,DIE LINKE,5,0.9234,0.9192,0.92088,2.672000000000013e-06,0.0041999999999999815,1.2,1.3,0.10000000000000009
eval_20260722_233914,Ministral-3-8B-Instruct-2512,e5,simple,e5/simple,164,AfD,5,0.9182,0.9153,0.9165600000000002,1.1680000000000136e-06,0.0029000000000000137,7.0,6.5,0.5
eval_20260722_233914,Ministral-3-8B-Instruct-2512,e5,simple,e5/simple,249,BÜNDNIS 90/DIE GRÜNEN,5,0.9204,0.9115,0.91546,1.0308000000000041e-05,0.008900000000000019,3.2,2.4,0.8000000000000003
eval_20260722_233914,Ministral-3-8B-Instruct-2512,e5,simple,e5/simple,531,DIE LINKE,5,0.9278,0.9218,0.9246399999999999,6.627999999999983e-06,0.006000000000000005,4.2,1.3,2.9000000000000004
eval_20260722_233914,Ministral-3-8B-Instruct-2512,e5,simple,e5/simple,735,SPD,5,0.9143,0.9065,0.9116200000000001,1.0012000000000102e-05,0.007800000000000029,3.8,2.7,1.0999999999999996
eval_20260722_233914,Ministral-3-8B-Instruct-2512,e5,simple,e5/simple,709,SPD,5,0.9128,0.9102,0.9116399999999999,1.012999999999958e-06,0.0025999999999999357,5.8,2.7,3.0999999999999996
eval_20260722_233914,Ministral-3-8B-Instruct-2512,e5,simple,e5/simple,418,DIE LINKE,5,0.9251,0.9214,0.92294,2.5180000000000824e-06,0.0037000000000000366,1.2,1.3,0.10000000000000009
eval_20260722_233914,Ministral-3-8B-Instruct-2512,e5,simple,e5/simple,105,CDU/CSU,5,0.9125,0.9091,0.91116,2.407999999999952e-06,0.0033999999999999586,6.8,4.7,2.0999999999999996
eval_20260722_233914,Ministral-3-8B-Instruct-2512,e5,simple,e5/simple,115,AfD,5,0.9242,0.9163,0.91998,1.242200000000005e-05,0.007900000000000018,7.0,6.5,0.5
eval_20260722_233914,Ministral-3-8B-Instruct-2512,e5,simple,e5/simple,672,SPD,5,0.9197,0.9145,0.91706,6.033000000000027e-06,0.005199999999999982,4.5,2.7,1.7999999999999998
eval_20260722_233914,Ministral-3-8B-Instruct-2512,e5,simple,e5/simple,93,DIE LINKE,5,0.906,0.8973,0.9004999999999999,1.2035000000000048e-05,0.008700000000000041,6.8,1.3,5.5
eval_20260722_233914,Ministral-3-8B-Instruct-2512,e5,simple,e5/simple,424,DIE LINKE,5,0.9216,0.9132,0.9175599999999999,1.1952999999999965e-05,0.008399999999999963,2.1,1.3,0.8
eval_20260722_233914,Ministral-3-8B-Instruct-2512,e5,simple,e5/simple,90,DIE LINKE,5,0.9236,0.9181,0.9194800000000001,5.391999999999924e-06,0.005499999999999949,1.2,1.3,0.10000000000000009
eval_20260722_233914,Ministral-3-8B-Instruct-2512,e5,simple,e5/simple,443,DIE LINKE,5,0.9258,0.9197,0.92178,5.586999999999964e-06,0.006099999999999994,2.1,1.3,0.8
eval_20260722_233914,Ministral-3-8B-Instruct-2512,e5,simple,e5/simple,755,SPD,5,0.9232,0.9199,0.9215,1.8099999999999789e-06,0.0032999999999999696,3.2,2.7,0.5
eval_20260722_233914,Ministral-3-8B-Instruct-2512,e5,simple,e5/simple,764,SPD,5,0.9381,0.9297,0.9326000000000001,1.0710000000000179e-05,0.008400000000000074,2.1,2.7,0.6000000000000001
eval_20260722_233914,Ministral-3-8B-Instruct-2512,e5,simple,e5/simple,686,SPD,5,0.918,0.9128,0.91508,5.14700000000018e-06,0.0052000000000000934,4.5,2.7,1.7999999999999998
eval_20260722_233914,Ministral-3-8B-Instruct-2512,e5,simple,e5/simple,592,DIE LINKE,5,0.9219,0.9132,0.9160999999999999,1.1420000000000155e-05,0.008700000000000041,1.3,1.3,0.0
eval_20260722_233914,Ministral-3-8B-Instruct-2512,e5,simple,e5/simple,756,SPD,5,0.9221,0.9164,0.91822,5.772000000000082e-06,0.005700000000000038,3.2,2.7,0.5
eval_20260722_233914,Ministral-3-8B-Instruct-2512,e5,simple,e5/simple,11,BÜNDNIS 90/DIE GRÜNEN,5,0.9168,0.9046,0.9080200000000002,2.5371999999999726e-05,0.012199999999999989,6.8,2.4,4.4
eval_20260722_233914,Ministral-3-8B-Instruct-2512,e5,simple,e5/simple,501,DIE LINKE,5,0.9278,0.9176,0.9231,1.420000000000001e-05,0.010199999999999987,2.1,1.3,0.8
eval_20260722_233914,Ministral-3-8B-Instruct-2512,e5,simple,e5/simple,43,CDU/CSU,5,0.9288,0.9232,0.9265799999999998,5.731999999999882e-06,0.005599999999999938,5.8,4.7,1.0999999999999996
eval_20260722_233914,Ministral-3-8B-Instruct-2512,e5,simple,e5/simple,42,CDU/CSU,5,0.9258,0.9209,0.92228,4.106999999999873e-06,0.004899999999999904,4.2,4.7,0.5
eval_20260722_233914,Ministral-3-8B-Instruct-2512,e5,simple,e5/simple,168,AfD,5,0.9323,0.923,0.9265399999999999,1.4017999999999978e-05,0.009299999999999975,6.8,6.5,0.2999999999999998
eval_20260722_233914,Ministral-3-8B-Instruct-2512,e5,simple,e5/simple,589,DIE LINKE,5,0.9222,0.9119,0.91576,1.7068000000000044e-05,0.010299999999999976,1.1,1.3,0.19999999999999996
eval_20260722_233914,Ministral-3-8B-Instruct-2512,e5,simple,e5/simple,644,SPD,5,0.8962,0.8919,0.8932599999999999,2.953000000000004e-06,0.0042999999999999705,3.2,2.7,0.5
eval_20260722_233914,Ministral-3-8B-Instruct-2512,e5,simple,e5/simple,179,AfD,5,0.931,0.9287,0.9300600000000001,8.780000000000354e-07,0.0023000000000000798,7.0,6.5,0.5
eval_20260722_233914,Ministral-3-8B-Instruct-2512,e5,simple,e5/simple,552,DIE LINKE,5,0.9067,0.9028,0.90418,2.7169999999999123e-06,0.0038999999999999035,2.1,1.3,0.8
eval_20260722_233914,Ministral-3-8B-Instruct-2512,e5,simple,e5/simple,178,AfD,5,0.9036,0.9013,0.9019199999999999,9.169999999999779e-07,0.0022999999999999687,7.0,6.5,0.5
eval_20260722_233914,Ministral-3-8B-Instruct-2512,e5,simple,e5/simple,573,DIE LINKE,5,0.9356,0.9266,0.9314600000000001,1.7468000000000104e-05,0.009000000000000008,4.5,1.3,3.2
eval_20260722_233914,Ministral-3-8B-Instruct-2512,e5,simple,e5/simple,258,BÜNDNIS 90/DIE GRÜNEN,5,0.915,0.9071,0.91084,9.023000000000042e-06,0.007900000000000018,1.2,2.4,1.2
eval_20260722_233914,Ministral-3-8B-Instruct-2512,e5,simple,e5/simple,449,DIE LINKE,5,0.9217,0.9102,0.91644,1.7532999999999908e-05,0.011499999999999955,2.1,1.3,0.8
eval_20260722_233914,Ministral-3-8B-Instruct-2512,e5,simple,e5/simple,486,DIE LINKE,5,0.9132,0.9074,0.9097999999999999,5.685000000000075e-06,0.005800000000000027,1.2,1.3,0.10000000000000009
eval_20260722_233914,Ministral-3-8B-Instruct-2512,e5,simple,e5/simple,15,BÜNDNIS 90/DIE GRÜNEN,5,0.9341,0.9182,0.9236599999999999,3.831300000000011e-05,0.015900000000000025,3.2,2.4,0.8000000000000003
eval_20260722_233914,Ministral-3-8B-Instruct-2512,e5,simple,e5/simple,3,CDU/CSU,5,0.9283,0.9189,0.9210200000000001,1.659699999999998e-05,0.009399999999999964,6.2,4.7,1.5
eval_20260722_233914,Ministral-3-8B-Instruct-2512,e5,simple,e5/simple,347,CSU,5,0.9206,0.9155,0.9170399999999999,4.332999999999994e-06,0.005099999999999993,4.2,5.4,1.2000000000000002
eval_20260722_233914,Ministral-3-8B-Instruct-2512,e5,simple,e5/simple,257,BÜNDNIS 90/DIE GRÜNEN,5,0.9103,0.9066,0.9088800000000001,2.677000000000113e-06,0.0037000000000000366,6.5,2.4,4.1
eval_20260722_233914,Ministral-3-8B-Instruct-2512,e5,simple,e5/simple,384,FDP,5,0.9096,0.9039,0.90696,5.902999999999933e-06,0.005699999999999927,7.0,4.3,2.7
eval_20260722_233914,Ministral-3-8B-Instruct-2512,e5,simple,e5/simple,594,DIE LINKE,5,0.9155,0.9064,0.9110799999999999,1.2616999999999998e-05,0.009099999999999997,4.5,1.3,3.2
eval_20260722_233914,Ministral-3-8B-Instruct-2512,e5,simple,e5/simple,797,SPD,5,0.9261,0.9134,0.9188600000000001,2.2403000000000138e-05,0.012700000000000045,3.2,2.7,0.5
eval_20260722_233914,Ministral-3-8B-Instruct-2512,e5,simple,e5/simple,798,SPD,5,0.919,0.9126,0.9147400000000001,6.388000000000105e-06,0.006400000000000072,4.5,2.7,1.7999999999999998
eval_20260722_233914,Ministral-3-8B-Instruct-2512,e5,simple,e5/simple,430,DIE LINKE,5,0.9251,0.9062,0.9148400000000001,9.021300000000061e-05,0.018900000000000028,3.8,1.3,2.5
eval_20260722_233914,Ministral-3-8B-Instruct-2512,e5,simple,e5/simple,616,SPD,5,0.9172,0.9147,0.91576,9.730000000000233e-07,0.0025000000000000577,3.2,2.7,0.5
eval_20260722_233914,Ministral-3-8B-Instruct-2512,e5,simple,e5/simple,412,FDP,5,0.9172,0.9065,0.9096400000000001,1.8988000000000066e-05,0.010700000000000043,3.2,4.3,1.0999999999999996
eval_20260722_233914,Ministral-3-8B-Instruct-2512,e5,simple,e5/simple,325,CDU,5,0.9155,0.9115,0.91288,2.566999999999965e-06,0.0040000000000000036,5.8,4.7,1.0999999999999996
eval_20260722_233914,Ministral-3-8B-Instruct-2512,e5,simple,e5/simple,670,SPD,5,0.9212,0.9176,0.9187799999999999,2.4220000000000837e-06,0.0036000000000000476,4.2,2.7,1.5
eval_20260722_233914,Ministral-3-8B-Instruct-2512,e5,simple,e5/simple,9,BÜNDNIS 90/DIE GRÜNEN,5,0.9199,0.9134,0.9159600000000001,9.343000000000112e-06,0.006500000000000061,3.2,2.4,0.8000000000000003
eval_20260722_233914,Ministral-3-8B-Instruct-2512,e5,simple,e5/simple,250,BÜNDNIS 90/DIE GRÜNEN,5,0.9004,0.8988,0.8995000000000001,4.099999999999819e-07,0.0015999999999999348,4.5,2.4,2.1
eval_20260722_233914,Ministral-3-8B-Instruct-2512,e5,simple,e5/simple,22,BÜNDNIS 90/DIE GRÜNEN,5,0.9212,0.9144,0.91706,6.648000000000009e-06,0.006800000000000028,4.5,2.4,2.1
eval_20260722_233914,Ministral-3-8B-Instruct-2512,e5,simple,e5/simple,222,BÜNDNIS 90/DIE GRÜNEN,5,0.9306,0.9236,0.92662,9.921999999999979e-06,0.007000000000000006,2.1,2.4,0.2999999999999998
eval_20260722_233914,Ministral-3-8B-Instruct-2512,e5,simple,e5/simple,560,DIE LINKE,5,0.9245,0.9198,0.9218799999999998,3.1270000000000185e-06,0.0047000000000000375,1.2,1.3,0.10000000000000009
eval_20260722_233914,Ministral-3-8B-Instruct-2512,e5,simple,e5/simple,707,SPD,5,0.9212,0.9128,0.9153399999999999,1.2158000000000159e-05,0.008400000000000074,3.8,2.7,1.0999999999999996
eval_20260722_233914,Ministral-3-8B-Instruct-2512,e5,simple,e5/simple,805,SPD,5,0.9238,0.9165,0.91914,7.837999999999873e-06,0.007299999999999973,3.2,2.7,0.5
eval_20260722_233914,Ministral-3-8B-Instruct-2512,e5,simple,e5/simple,468,DIE LINKE,5,0.9268,0.9166,0.91984,1.7272999999999856e-05,0.010199999999999987,1.2,1.3,0.10000000000000009
eval_20260722_233914,Ministral-3-8B-Instruct-2512,e5,simple,e5/simple,341,CDU,5,0.9261,0.9183,0.92096,1.0168000000000081e-05,0.007800000000000029,6.2,4.7,1.5
eval_20260722_233914,Ministral-3-8B-Instruct-2512,e5,simple,e5/simple,238,BÜNDNIS 90/DIE GRÜNEN,5,0.9235,0.9193,0.9206799999999999,2.7769999999999948e-06,0.0041999999999999815,,2.4,
eval_20260722_233914,Ministral-3-8B-Instruct-2512,e5,simple,e5/simple,94,AfD,5,0.921,0.9165,0.9185399999999999,4.0280000000001264e-06,0.0045000000000000595,6.8,6.5,0.2999999999999998
eval_20260722_233914,Ministral-3-8B-Instruct-2512,e5,simple,e5/simple,413,FDP,5,0.9168,0.9122,0.9145000000000001,3.0399999999999353e-06,0.0045999999999999375,5.8,4.3,1.5
eval_20260722_233914,Ministral-3-8B-Instruct-2512,e5,simple,e5/simple,636,SPD,5,0.9194,0.9145,0.9165800000000001,5.216999999999945e-06,0.0049000000000000155,4.2,2.7,1.5
eval_20260722_233914,Ministral-3-8B-Instruct-2512,e5,simple,e5/simple,719,SPD,5,0.9209,0.911,0.9136199999999999,1.6822000000000077e-05,0.00990000000000002,3.2,2.7,0.5
eval_20260722_233914,Ministral-3-8B-Instruct-2512,e5,simple,e5/simple,285,BÜNDNIS 90/DIE GRÜNEN,5,0.9206,0.91,0.91522,1.6371999999999836e-05,0.010599999999999943,2.1,2.4,0.2999999999999998
eval_20260722_233914,Ministral-3-8B-Instruct-2512,e5,simple,e5/simple,185,AfD,5,0.8995,0.8961,0.8974599999999999,1.5529999999999598e-06,0.0033999999999999586,7.0,6.5,0.5
eval_20260722_233914,Ministral-3-8B-Instruct-2512,e5,simple,e5/simple,665,SPD,5,0.9178,0.9136,0.91496,2.832999999999986e-06,0.0041999999999999815,3.8,2.7,1.0999999999999996
eval_20260722_233914,Ministral-3-8B-Instruct-2512,e5,simple,e5/simple,690,SPD,5,0.9193,0.9165,0.9176599999999999,1.5130000000000188e-06,0.0028000000000000247,3.2,2.7,0.5
eval_20260722_233914,Ministral-3-8B-Instruct-2512,e5,simple,e5/simple,154,AfD,5,0.9172,0.9117,0.91318,5.557000000000068e-06,0.00550000000000006,7.0,6.5,0.5
eval_20260722_233914,Ministral-3-8B-Instruct-2512,e5,simple,e5/simple,76,SPD,5,0.9152,0.9132,0.91404,6.430000000000126e-07,0.0020000000000000018,3.2,2.7,0.5
eval_20260722_233914,Ministral-3-8B-Instruct-2512,e5,simple,e5/simple,466,DIE LINKE,5,0.9092,0.9077,0.90854,4.430000000000223e-07,0.0015000000000000568,3.2,1.3,1.9000000000000001
eval_20260722_233914,Ministral-3-8B-Instruct-2512,e5,simple,e5/simple,513,DIE LINKE,5,0.9361,0.9265,0.9308,1.291000000000017e-05,0.009600000000000053,2.1,1.3,0.8
eval_20260722_233914,Ministral-3-8B-Instruct-2512,e5,simple,e5/simple,278,BÜNDNIS 90/DIE GRÜNEN,5,0.9192,0.9142,0.9164,5.065000000000051e-06,0.0050000000000000044,3.2,2.4,0.8000000000000003
eval_20260722_233914,Ministral-3-8B-Instruct-2512,e5,simple,e5/simple,69,BÜNDNIS 90/DIE GRÜNEN,5,0.8972,0.8961,0.8965799999999999,1.8700000000000545e-07,0.0010999999999999899,2.1,2.4,0.2999999999999998
eval_20260722_233914,Ministral-3-8B-Instruct-2512,e5,simple,e5/simple,526,DIE LINKE,5,0.9079,0.9045,0.9063399999999999,1.7430000000000767e-06,0.0034000000000000696,1.3,1.3,0.0
eval_20260722_233914,Ministral-3-8B-Instruct-2512,e5,simple,e5/simple,189,AfD,5,0.9286,0.9263,0.9272400000000001,1.0030000000000144e-06,0.0022999999999999687,6.8,6.5,0.2999999999999998
eval_20260722_233914,Ministral-3-8B-Instruct-2512,e5,simple,e5/simple,272,BÜNDNIS 90/DIE GRÜNEN,5,0.9192,0.9154,0.9169,2.3500000000000487e-06,0.0038000000000000256,4.2,2.4,1.8000000000000003
eval_20260722_233914,Ministral-3-8B-Instruct-2512,e5,simple,e5/simple,517,DIE LINKE,5,0.931,0.9221,0.92432,1.4157000000000083e-05,0.008900000000000019,1.2,1.3,0.10000000000000009
eval_20260722_233914,Ministral-3-8B-Instruct-2512,e5,simple,e5/simple,237,BÜNDNIS 90/DIE GRÜNEN,5,0.9174,0.9135,0.9148,2.285000000000002e-06,0.0039000000000000146,2.1,2.4,0.2999999999999998
eval_20260722_233914,Ministral-3-8B-Instruct-2512,e5,simple,e5/simple,89,BÜNDNIS 90/DIE GRÜNEN,5,0.9223,0.9109,0.9158799999999999,2.3611999999999834e-05,0.011399999999999966,1.2,2.4,1.2
eval_20260722_233914,Ministral-3-8B-Instruct-2512,e5,simple,e5/simple,698,SPD,5,0.9095,0.9068,0.90794,1.3429999999999728e-06,0.0026999999999999247,4.5,2.7,1.7999999999999998
eval_20260722_233914,Ministral-3-8B-Instruct-2512,e5,simple,e5/simple,118,AfD,5,0.9077,0.9014,0.9039999999999999,1.0274999999999957e-05,0.006299999999999972,6.8,6.5,0.2999999999999998
eval_20260722_233914,Ministral-3-8B-Instruct-2512,e5,simple,e5/simple,126,AfD,5,0.9217,0.91,0.9146799999999999,2.1146999999999867e-05,0.011699999999999933,7.0,6.5,0.5
eval_20260722_233914,Ministral-3-8B-Instruct-2512,e5,simple,e5/simple,676,SPD,5,0.9124,0.9033,0.9061600000000001,1.5212999999999963e-05,0.009099999999999997,2.1,2.7,0.6000000000000001
eval_20260722_233914,Ministral-3-8B-Instruct-2512,e5,simple,e5/simple,290,BÜNDNIS 90/DIE GRÜNEN,5,0.9088,0.9037,0.90542,3.937000000000166e-06,0.0051000000000001044,3.2,2.4,0.8000000000000003
eval_20260722_233914,Ministral-3-8B-Instruct-2512,e5,simple,e5/simple,239,BÜNDNIS 90/DIE GRÜNEN,5,0.9191,0.9115,0.9143399999999999,9.283000000000057e-06,0.007600000000000051,2.3,2.4,0.10000000000000009
eval_20260722_233914,Ministral-3-8B-Instruct-2512,e5,simple,e5/simple,0,BÜNDNIS 90/DIE GRÜNEN,5,0.9397,0.9323,0.9352199999999999,8.586999999999884e-06,0.007399999999999962,2.8,2.4,0.3999999999999999
eval_20260722_233914,Ministral-3-8B-Instruct-2512,e5,simple,e5/simple,812,SPD,5,0.9221,0.9161,0.91816,5.918000000000032e-06,0.006000000000000005,5.8,2.7,3.0999999999999996
eval_20260722_233914,Ministral-3-8B-Instruct-2512,e5,simple,e5/simple,397,FDP,5,0.9214,0.9127,0.9160999999999999,1.1795000000000073e-05,0.008700000000000041,1.2,4.3,3.0999999999999996
eval_20260722_233914,Ministral-3-8B-Instruct-2512,e5,simple,e5/simple,717,SPD,5,0.9068,0.8991,0.9012800000000001,9.91700000000015e-06,0.00770000000000004,3.2,2.7,0.5
eval_20260722_233914,Ministral-3-8B-Instruct-2512,e5,simple,e5/simple,479,DIE LINKE,5,0.9109,0.9057,0.9073599999999999,5.56800000000009e-06,0.0052000000000000934,3.8,1.3,2.5
eval_20260722_233914,Ministral-3-8B-Instruct-2512,e5,simple,e5/simple,279,BÜNDNIS 90/DIE GRÜNEN,5,0.9271,0.9124,0.9194800000000001,3.3927000000000145e-05,0.014700000000000046,3.2,2.4,0.8000000000000003
eval_20260722_233914,Ministral-3-8B-Instruct-2512,e5,simple,e5/simple,639,SPD,5,0.9154,0.9074,0.9109999999999999,9.01499999999999e-06,0.008000000000000007,3.2,2.7,0.5
eval_20260722_233914,Ministral-3-8B-Instruct-2512,e5,simple,e5/simple,117,AfD,5,0.9214,0.9142,0.9175199999999999,1.0857000000000028e-05,0.007199999999999984,7.0,6.5,0.5
eval_20260722_233914,Ministral-3-8B-Instruct-2512,e5,simple,e5/simple,229,BÜNDNIS 90/DIE GRÜNEN,5,0.9225,0.9179,0.9206800000000002,3.1719999999999478e-06,0.0045999999999999375,2.1,2.4,0.2999999999999998
eval_20260722_233914,Ministral-3-8B-Instruct-2512,e5,simple,e5/simple,580,DIE LINKE,5,0.925,0.9198,0.92228,5.73700000000008e-06,0.0052000000000000934,3.2,1.3,1.9000000000000001
eval_20260722_233914,Ministral-3-8B-Instruct-2512,e5,simple,e5/simple,433,DIE LINKE,5,0.9221,0.9116,0.91584,1.7278000000000078e-05,0.010500000000000065,2.8,1.3,1.4999999999999998
eval_20260722_233914,Ministral-3-8B-Instruct-2512,e5,simple,e5/simple,447,DIE LINKE,5,0.9246,0.9167,0.92038,1.222700000000007e-05,0.007900000000000018,1.3,1.3,0.0
eval_20260722_233914,Ministral-3-8B-Instruct-2512,e5,simple,e5/simple,275,BÜNDNIS 90/DIE GRÜNEN,5,0.9456,0.9348,0.9386800000000001,2.1607000000000042e-05,0.010800000000000032,3.2,2.4,0.8000000000000003
eval_20260722_233914,Ministral-3-8B-Instruct-2512,e5,simple,e5/simple,629,SPD,5,0.8915,0.8892,0.8903000000000001,1.1149999999999874e-06,0.0022999999999999687,4.5,2.7,1.7999999999999998
eval_20260722_233914,Ministral-3-8B-Instruct-2512,e5,simple,e5/simple,145,AfD,5,0.9378,0.9082,0.91584,0.00015994799999999925,0.02959999999999996,,6.5,
eval_20260722_233914,Ministral-3-8B-Instruct-2512,e5,simple,e5/simple,591,DIE LINKE,5,0.9273,0.9229,0.92492,3.181999999999956e-06,0.0043999999999999595,2.1,1.3,0.8
eval_20260722_233914,Ministral-3-8B-Instruct-2512,e5,simple,e5/simple,520,DIE LINKE,5,0.9117,0.9086,0.90976,1.6129999999999543e-06,0.0030999999999999917,4.2,1.3,2.9000000000000004
eval_20260722_233914,Ministral-3-8B-Instruct-2512,e5,simple,e5/simple,747,SPD,5,0.9164,0.9154,0.91586,1.7800000000000961e-07,0.0010000000000000009,4.2,2.7,1.5
eval_20260722_233914,Ministral-3-8B-Instruct-2512,e5,simple,e5/simple,599,SPD,5,0.922,0.9133,0.9160599999999999,1.342800000000016e-05,0.008700000000000041,3.2,2.7,0.5
eval_20260722_233914,Ministral-3-8B-Instruct-2512,e5,simple,e5/simple,370,FDP,5,0.9215,0.9071,0.91196,3.4297999999999894e-05,0.014399999999999968,1.2,4.3,3.0999999999999996
eval_20260722_233914,Ministral-3-8B-Instruct-2512,e5,simple,e5/simple,269,BÜNDNIS 90/DIE GRÜNEN,5,0.9092,0.905,0.9061400000000001,3.0330000000000114e-06,0.0041999999999999815,5.8,2.4,3.4
eval_20260722_233914,Ministral-3-8B-Instruct-2512,e5,simple,e5/simple,581,DIE LINKE,5,0.9154,0.9099,0.91166,5.017999999999922e-06,0.005499999999999949,1.2,1.3,0.10000000000000009
eval_20260722_233914,Ministral-3-8B-Instruct-2512,e5,simple,e5/simple,311,BÜNDNIS 90/DIE GRÜNEN,5,0.9226,0.9206,0.92134,6.430000000000049e-07,0.0020000000000000018,3.2,2.4,0.8000000000000003
eval_20260722_233914,Ministral-3-8B-Instruct-2512,e5,simple,e5/simple,596,DIE LINKE,5,0.9191,0.9169,0.9179999999999999,8.199999999999804e-07,0.0021999999999999797,1.1,1.3,0.19999999999999996
eval_20260722_233914,Ministral-3-8B-Instruct-2512,e5,simple,e5/simple,47,CDU/CSU,5,0.9235,0.9164,0.9192400000000001,9.333000000000002e-06,0.007099999999999995,,4.7,
eval_20260722_233914,Ministral-3-8B-Instruct-2512,e5,simple,e5/simple,350,FDP,5,0.9108,0.9079,0.9090199999999999,1.3270000000000186e-06,0.0029000000000000137,6.5,4.3,2.2
eval_20260722_233914,Ministral-3-8B-Instruct-2512,e5,simple,e5/simple,536,DIE LINKE,5,0.9287,0.9242,0.9265000000000001,2.964999999999941e-06,0.0044999999999999485,1.2,1.3,0.10000000000000009
eval_20260722_233914,Ministral-3-8B-Instruct-2512,e5,simple,e5/simple,262,BÜNDNIS 90/DIE GRÜNEN,5,0.924,0.9087,0.9154,4.3295000000000255e-05,0.015300000000000091,3.2,2.4,0.8000000000000003
eval_20260722_233914,Ministral-3-8B-Instruct-2512,e5,simple,e5/simple,196,AfD,5,0.9356,0.9251,0.9291,1.8834999999999856e-05,0.010499999999999954,7.0,6.5,0.5
eval_20260722_233914,Ministral-3-8B-Instruct-2512,e5,simple,e5/simple,820,SPD,5,0.9218,0.9157,0.9173600000000001,6.387999999999891e-06,0.006099999999999994,5.8,2.7,3.0999999999999996
eval_20260722_233914,Ministral-3-8B-Instruct-2512,e5,simple,e5/simple,688,SPD,5,0.917,0.9093,0.91218,1.3517000000000201e-05,0.00770000000000004,3.2,2.7,0.5
eval_20260722_233914,Ministral-3-8B-Instruct-2512,e5,simple,e5/simple,108,AfD,5,0.9353,0.928,0.9319000000000001,1.011499999999992e-05,0.007299999999999973,6.2,6.5,0.2999999999999998
eval_20260722_233914,Ministral-3-8B-Instruct-2512,e5,simple,e5/simple,60,BÜNDNIS 90/DIE GRÜNEN,5,0.9129,0.9069,0.9090199999999999,5.407000000000064e-06,0.006000000000000005,3.2,2.4,0.8000000000000003
eval_20260722_233914,Ministral-3-8B-Instruct-2512,e5,simple,e5/simple,623,SPD,5,0.9178,0.9151,0.9161199999999999,1.1419999999999562e-06,0.0026999999999999247,6.5,2.7,3.8
eval_20260722_233914,Ministral-3-8B-Instruct-2512,e5,simple,e5/simple,452,DIE LINKE,5,0.9226,0.9164,0.9193200000000001,6.286999999999943e-06,0.006199999999999983,6.8,1.3,5.5
eval_20260722_233914,Ministral-3-8B-Instruct-2512,e5,simple,e5/simple,101,BÜNDNIS 90/DIE GRÜNEN,5,0.9155,0.9089,0.9114799999999998,6.071999999999907e-06,0.006599999999999939,1.2,2.4,1.2
eval_20260722_233914,Ministral-3-8B-Instruct-2512,e5,simple,e5/simple,491,DIE LINKE,5,0.9311,0.9229,0.92552,1.0381999999999993e-05,0.008199999999999985,2.1,1.3,0.8
eval_20260722_233914,Ministral-3-8B-Instruct-2512,e5,simple,e5/simple,738,SPD,5,0.8946,0.8929,0.8936400000000001,5.229999999999692e-07,0.0016999999999999238,3.8,2.7,1.0999999999999996
eval_20260722_233914,Ministral-3-8B-Instruct-2512,e5,simple,e5/simple,597,SPD,5,0.9167,0.9149,0.91562,5.869999999999518e-07,0.0017999999999999128,6.5,2.7,3.8
eval_20260722_233914,Ministral-3-8B-Instruct-2512,e5,simple,e5/simple,811,SPD,5,0.9198,0.9172,0.91862,8.769999999999666e-07,0.0025999999999999357,6.5,2.7,3.8
eval_20260722_233914,Ministral-3-8B-Instruct-2512,e5,simple,e5/simple,180,AfD,5,0.9125,0.9101,0.9110999999999999,8.799999999999727e-07,0.0023999999999999577,7.0,6.5,0.5
eval_20260722_233914,Ministral-3-8B-Instruct-2512,e5,simple,e5/simple,305,BÜNDNIS 90/DIE GRÜNEN,5,0.9301,0.9187,0.9247000000000002,2.2805000000000192e-05,0.011400000000000077,2.1,2.4,0.2999999999999998
eval_20260722_233914,Ministral-3-8B-Instruct-2512,e5,simple,e5/simple,630,SPD,5,0.9205,0.9128,0.9153,1.1664999999999989e-05,0.00770000000000004,5.8,2.7,3.0999999999999996
eval_20260722_233914,Ministral-3-8B-Instruct-2512,e5,simple,e5/simple,724,SPD,5,0.9156,0.912,0.9132,2.5649999999999344e-06,0.0035999999999999366,5.8,2.7,3.0999999999999996
eval_20260722_233914,Ministral-3-8B-Instruct-2512,e5,simple,e5/simple,791,SPD,5,0.9092,0.9043,0.9062199999999999,4.242000000000055e-06,0.0049000000000000155,6.8,2.7,4.1
eval_20260722_233914,Ministral-3-8B-Instruct-2512,e5,simple,e5/simple,150,AfD,5,0.9239,0.9172,0.91898,7.897000000000157e-06,0.006700000000000039,6.8,6.5,0.2999999999999998
eval_20260722_233914,Ministral-3-8B-Instruct-2512,e5,simple,e5/simple,650,SPD,5,0.9212,0.9162,0.9180400000000001,4.543000000000023e-06,0.0050000000000000044,3.2,2.7,0.5
eval_20260722_233914,Ministral-3-8B-Instruct-2512,e5,simple,e5/simple,714,SPD,5,0.9129,0.9095,0.91106,1.7480000000000458e-06,0.0034000000000000696,1.2,2.7,1.5000000000000002
eval_20260722_233914,Ministral-3-8B-Instruct-2512,e5,simple,e5/simple,186,AfD,5,0.907,0.9034,0.9051,2.950000000000127e-06,0.0036000000000000476,7.0,6.5,0.5
eval_20260722_233914,Ministral-3-8B-Instruct-2512,e5,simple,e5/simple,681,SPD,5,0.9192,0.9126,0.9155599999999999,8.143000000000007e-06,0.00660000000000005,3.2,2.7,0.5
eval_20260722_233914,Ministral-3-8B-Instruct-2512,e5,simple,e5/simple,51,BÜNDNIS 90/DIE GRÜNEN,5,0.9157,0.9121,0.91356,2.6479999999999965e-06,0.0035999999999999366,6.8,2.4,4.4
eval_20260722_233914,Ministral-3-8B-Instruct-2512,e5,simple,e5/simple,482,DIE LINKE,5,0.9187,0.9168,0.91774,5.830000000000081e-07,0.0019000000000000128,2.1,1.3,0.8
eval_20260722_233914,Ministral-3-8B-Instruct-2512,e5,simple,e5/simple,810,SPD,5,0.9194,0.9087,0.9129999999999999,3.014499999999995e-05,0.010700000000000043,4.2,2.7,1.5
eval_20260722_233914,Ministral-3-8B-Instruct-2512,e5,simple,e5/simple,484,DIE LINKE,5,0.9299,0.923,0.9251799999999999,7.586999999999844e-06,0.006899999999999906,3.2,1.3,1.9000000000000001
eval_20260722_233914,Ministral-3-8B-Instruct-2512,e5,simple,e5/simple,322,CDU,5,0.9052,0.9021,0.90366,1.422999999999985e-06,0.0030999999999999917,4.5,4.7,0.20000000000000018
eval_20260722_233914,Ministral-3-8B-Instruct-2512,e5,simple,e5/simple,354,FDP,5,0.8982,0.8946,0.89574,2.0480000000000217e-06,0.0036000000000000476,5.8,4.3,1.5
eval_20260722_233914,Ministral-3-8B-Instruct-2512,e5,simple,e5/simple,760,SPD,5,0.9132,0.9091,0.91074,2.4429999999999883e-06,0.0040999999999999925,4.2,2.7,1.5
eval_20260722_233914,Ministral-3-8B-Instruct-2512,e5,simple,e5/simple,143,AfD,5,0.9209,0.9101,0.9128999999999999,2.0295000000000127e-05,0.010800000000000032,7.0,6.5,0.5
eval_20260722_233914,Ministral-3-8B-Instruct-2512,e5,simple,e5/simple,371,FDP,5,0.9178,0.9111,0.9134800000000001,9.06699999999989e-06,0.006699999999999928,4.2,4.3,0.09999999999999964
eval_20260722_233914,Ministral-3-8B-Instruct-2512,e5,simple,e5/simple,142,AfD,5,0.9196,0.9113,0.91418,1.4236999999999844e-05,0.008299999999999974,7.0,6.5,0.5
eval_20260722_233914,Ministral-3-8B-Instruct-2512,e5,simple,e5/simple,400,FDP,5,0.9107,0.9084,0.90938,1.0069999999999948e-06,0.0022999999999999687,7.0,4.3,2.7
eval_20260722_233914,Ministral-3-8B-Instruct-2512,e5,simple,e5/simple,264,BÜNDNIS 90/DIE GRÜNEN,5,0.923,0.9108,0.9153399999999999,2.6048000000000165e-05,0.012199999999999989,2.1,2.4,0.2999999999999998
eval_20260722_233914,Ministral-3-8B-Instruct-2512,e5,simple,e5/simple,321,CDU,5,0.9119,0.9067,0.9088799999999999,3.932000000000146e-06,0.0052000000000000934,4.2,4.7,0.5
eval_20260722_233914,Ministral-3-8B-Instruct-2512,e5,simple,e5/simple,19,BÜNDNIS 90/DIE GRÜNEN,5,0.9191,0.9148,0.91698,2.5270000000000742e-06,0.0043000000000000815,1.2,2.4,1.2
eval_20260722_233914,Ministral-3-8B-Instruct-2512,e5,simple,e5/simple,173,AfD,5,0.9187,0.9149,0.91686,2.0229999999999085e-06,0.0037999999999999146,6.8,6.5,0.2999999999999998
eval_20260722_233914,Ministral-3-8B-Instruct-2512,e5,simple,e5/simple,669,SPD,5,0.919,0.9079,0.91302,2.143699999999993e-05,0.011099999999999999,,2.7,
eval_20260722_233914,Ministral-3-8B-Instruct-2512,e5,simple,e5/simple,313,BÜNDNIS 90/DIE GRÜNEN,5,0.9222,0.9198,0.9210799999999999,1.3970000000000243e-06,0.0024000000000000687,2.1,2.4,0.2999999999999998
eval_20260722_233914,Ministral-3-8B-Instruct-2512,e5,simple,e5/simple,766,SPD,5,0.9216,0.9051,0.9103999999999999,5.1504999999999806e-05,0.01649999999999996,2.1,2.7,0.6000000000000001
eval_20260722_233914,Ministral-3-8B-Instruct-2512,e5,simple,e5/simple,12,BÜNDNIS 90/DIE GRÜNEN,5,0.9192,0.9148,0.91626,3.1680000000000546e-06,0.0044000000000000705,3.2,2.4,0.8000000000000003
eval_20260722_233914,Ministral-3-8B-Instruct-2512,e5,simple,e5/simple,408,FDP,5,0.9077,0.9054,0.9065,7.499999999999792e-07,0.0022999999999999687,2.1,4.3,2.1999999999999997
eval_20260722_233914,Ministral-3-8B-Instruct-2512,e5,simple,e5/simple,409,FDP,5,0.9151,0.9014,0.9048599999999999,3.502300000000025e-05,0.013700000000000045,4.5,4.3,0.20000000000000018
eval_20260722_233914,Ministral-3-8B-Instruct-2512,e5,simple,e5/simple,306,BÜNDNIS 90/DIE GRÜNEN,5,0.914,0.9081,0.91044,6.308000000000101e-06,0.005900000000000016,1.1,2.4,1.2999999999999998
eval_20260722_233914,Ministral-3-8B-Instruct-2512,e5,simple,e5/simple,355,FDP,5,0.9133,0.9079,0.91016,4.472999999999954e-06,0.00539999999999996,3.5,4.3,0.7999999999999998
eval_20260722_233914,Ministral-3-8B-Instruct-2512,e5,simple,e5/simple,170,AfD,5,0.9148,0.9109,0.91292,2.2569999999998824e-06,0.0038999999999999035,6.8,6.5,0.2999999999999998
eval_20260722_233914,Ministral-3-8B-Instruct-2512,e5,simple,e5/simple,38,AfD,5,0.9251,0.9205,0.92218,3.537000000000069e-06,0.0046000000000000485,6.8,6.5,0.2999999999999998
eval_20260722_233914,Ministral-3-8B-Instruct-2512,e5,simple,e5/simple,176,AfD,5,0.9187,0.9158,0.91698,2.1969999999999414e-06,0.0029000000000000137,7.0,6.5,0.5
eval_20260722_233914,Ministral-3-8B-Instruct-2512,e5,simple,e5/simple,246,BÜNDNIS 90/DIE GRÜNEN,5,0.93,0.9271,0.9282600000000001,1.903000000000008e-06,0.0029000000000000137,3.2,2.4,0.8000000000000003
eval_20260722_233914,Ministral-3-8B-Instruct-2512,e5,simple,e5/simple,693,SPD,5,0.9063,0.9023,0.90384,3.947999999999986e-06,0.0040000000000000036,3.2,2.7,0.5
eval_20260722_233914,Ministral-3-8B-Instruct-2512,e5,simple,e5/simple,417,DIE LINKE,5,0.925,0.9222,0.92378,1.202000000000004e-06,0.0028000000000000247,2.8,1.3,1.4999999999999998
eval_20260722_233914,Ministral-3-8B-Instruct-2512,e5,simple,e5/simple,787,SPD,5,0.9309,0.9234,0.9260200000000001,1.226199999999991e-05,0.007499999999999951,4.5,2.7,1.7999999999999998
eval_20260722_233914,Ministral-3-8B-Instruct-2512,e5,simple,e5/simple,273,BÜNDNIS 90/DIE GRÜNEN,5,0.9246,0.9219,0.9234,1.294999999999959e-06,0.0026999999999999247,2.8,2.4,0.3999999999999999
eval_20260722_233914,Ministral-3-8B-Instruct-2512,e5,simple,e5/simple,474,DIE LINKE,5,0.8955,0.8907,0.8928200000000001,4.916999999999917e-06,0.0047999999999999154,2.1,1.3,0.8
eval_20260722_233914,Ministral-3-8B-Instruct-2512,e5,simple,e5/simple,626,SPD,5,0.9242,0.9191,0.9212400000000001,4.243000000000031e-06,0.005099999999999993,3.2,2.7,0.5
eval_20260722_233914,Ministral-3-8B-Instruct-2512,e5,simple,e5/simple,127,AfD,5,0.9255,0.9215,0.9234600000000001,3.62299999999999e-06,0.0040000000000000036,7.0,6.5,0.5
eval_20260722_233914,Ministral-3-8B-Instruct-2512,e5,simple,e5/simple,450,DIE LINKE,5,0.9218,0.9184,0.91974,1.7479999999999437e-06,0.0033999999999999586,5.8,1.3,4.5
eval_20260722_233914,Ministral-3-8B-Instruct-2512,e5,simple,e5/simple,585,DIE LINKE,5,0.9184,0.9146,0.9163399999999999,2.258000000000049e-06,0.0038000000000000256,1.2,1.3,0.10000000000000009
eval_20260722_233914,Ministral-3-8B-Instruct-2512,e5,simple,e5/simple,342,CDU,5,0.9297,0.9275,0.92886,6.930000000000017e-07,0.0021999999999999797,3.2,4.7,1.5
eval_20260722_233914,Ministral-3-8B-Instruct-2512,e5,simple,e5/simple,288,BÜNDNIS 90/DIE GRÜNEN,5,0.9256,0.9199,0.9222400000000001,4.862999999999919e-06,0.005699999999999927,1.2,2.4,1.2
eval_20260722_233914,Ministral-3-8B-Instruct-2512,e5,simple,e5/simple,114,AfD,5,0.918,0.9148,0.9164399999999999,1.5680000000000877e-06,0.0032000000000000917,7.0,6.5,0.5
eval_20260722_233914,Ministral-3-8B-Instruct-2512,e5,simple,e5/simple,514,DIE LINKE,5,0.9135,0.9105,0.91166,1.4280000000000207e-06,0.0030000000000000027,4.5,1.3,3.2
eval_20260722_233914,Ministral-3-8B-Instruct-2512,e5,simple,e5/simple,174,AfD,5,0.9142,0.9115,0.9128999999999999,9.550000000000338e-07,0.0027000000000000357,7.0,6.5,0.5
eval_20260722_233914,Ministral-3-8B-Instruct-2512,e5,simple,e5/simple,360,FDP,5,0.9167,0.91,0.91282,6.636999999999851e-06,0.006699999999999928,6.8,4.3,2.5
eval_20260722_233914,Ministral-3-8B-Instruct-2512,e5,simple,e5/simple,524,DIE LINKE,5,0.9177,0.9139,0.91546,1.982999999999935e-06,0.0037999999999999146,1.2,1.3,0.10000000000000009
eval_20260722_233914,Ministral-3-8B-Instruct-2512,e5,simple,e5/simple,58,BÜNDNIS 90/DIE GRÜNEN,5,0.9329,0.9268,0.92914,6.722999999999895e-06,0.006099999999999994,2.1,2.4,0.2999999999999998
eval_20260722_233914,Ministral-3-8B-Instruct-2512,e5,simple,e5/simple,762,SPD,5,0.9183,0.9145,0.9162399999999999,2.757999999999994e-06,0.0038000000000000256,5.8,2.7,3.0999999999999996
eval_20260722_233914,Ministral-3-8B-Instruct-2512,e5,simple,e5/simple,223,BÜNDNIS 90/DIE GRÜNEN,5,0.9303,0.914,0.9180399999999999,4.774300000000019e-05,0.01629999999999998,2.1,2.4,0.2999999999999998
eval_20260722_233914,Ministral-3-8B-Instruct-2512,e5,simple,e5/simple,705,SPD,5,0.9178,0.9152,0.9159600000000001,1.1829999999999512e-06,0.0025999999999999357,4.5,2.7,1.7999999999999998
eval_20260722_233914,Ministral-3-8B-Instruct-2512,e5,simple,e5/simple,281,BÜNDNIS 90/DIE GRÜNEN,5,0.9172,0.9123,0.91432,3.93700000000006e-06,0.0049000000000000155,3.2,2.4,0.8000000000000003
eval_20260722_233914,Ministral-3-8B-Instruct-2512,e5,simple,e5/simple,17,BÜNDNIS 90/DIE GRÜNEN,5,0.9156,0.9116,0.91354,2.5879999999999903e-06,0.0040000000000000036,6.8,2.4,4.4
eval_20260722_233914,Ministral-3-8B-Instruct-2512,e5,simple,e5/simple,128,AfD,5,0.9045,0.8998,0.9013,3.6499999999999235e-06,0.0046999999999999265,6.8,6.5,0.2999999999999998
eval_20260722_233914,Ministral-3-8B-Instruct-2512,e5,simple,e5/simple,323,CDU,5,0.8973,0.8861,0.8891,2.2734999999999893e-05,0.011199999999999988,3.2,4.7,1.5
eval_20260722_233914,Ministral-3-8B-Instruct-2512,e5,simple,e5/simple,588,DIE LINKE,5,0.9082,0.8942,0.8985799999999999,3.0302000000000145e-05,0.014000000000000012,1.1,1.3,0.19999999999999996
eval_20260722_233914,Ministral-3-8B-Instruct-2512,e5,simple,e5/simple,471,DIE LINKE,5,0.9146,0.9083,0.91012,6.726999999999945e-06,0.006299999999999972,1.2,1.3,0.10000000000000009
eval_20260722_233914,Ministral-3-8B-Instruct-2512,e5,simple,e5/simple,612,SPD,5,0.9081,0.9067,0.90708,3.420000000000234e-07,0.0014000000000000679,,2.7,
eval_20260722_233914,Ministral-3-8B-Instruct-2512,e5,simple,e5/simple,469,DIE LINKE,5,0.9336,0.926,0.92926,8.1279999999999e-06,0.00759999999999994,1.2,1.3,0.10000000000000009
eval_20260722_233914,Ministral-3-8B-Instruct-2512,e5,simple,e5/simple,789,SPD,5,0.9156,0.9069,0.9091000000000001,1.3464999999999877e-05,0.00869999999999993,3.2,2.7,0.5
eval_20260722_233914,Ministral-3-8B-Instruct-2512,e5,simple,e5/simple,191,AfD,5,0.9143,0.9104,0.9128999999999999,2.67500000000001e-06,0.0039000000000000146,7.0,6.5,0.5
eval_20260722_233914,Ministral-3-8B-Instruct-2512,e5,simple,e5/simple,116,AfD,5,0.9243,0.9223,0.92286,7.080000000000061e-07,0.0020000000000000018,6.8,6.5,0.2999999999999998
eval_20260722_233914,Ministral-3-8B-Instruct-2512,e5,simple,e5/simple,529,DIE LINKE,5,0.9093,0.9069,0.90772,9.519999999999813e-07,0.0023999999999999577,3.5,1.3,2.2
eval_20260722_233914,Ministral-3-8B-Instruct-2512,e5,simple,e5/simple,726,SPD,5,0.9322,0.9175,0.9233399999999999,3.0723000000000194e-05,0.014700000000000046,6.8,2.7,4.1
eval_20260722_233914,Ministral-3-8B-Instruct-2512,e5,simple,e5/simple,95,CDU/CSU,5,0.9063,0.9056,0.9059800000000001,8.200000000000304e-08,0.0007000000000000339,3.8,4.7,0.9000000000000004
eval_20260722_233914,Ministral-3-8B-Instruct-2512,e5,simple,e5/simple,181,AfD,5,0.917,0.9114,0.91418,5.822000000000083e-06,0.005600000000000049,7.0,6.5,0.5
eval_20260722_233914,Ministral-3-8B-Instruct-2512,e5,simple,e5/simple,302,BÜNDNIS 90/DIE GRÜNEN,5,0.9302,0.9204,0.9242600000000001,1.6208000000000167e-05,0.009800000000000031,3.2,2.4,0.8000000000000003
eval_20260722_233914,Ministral-3-8B-Instruct-2512,e5,simple,e5/simple,631,SPD,5,0.9204,0.9158,0.9183600000000001,3.8330000000000716e-06,0.0046000000000000485,4.2,2.7,1.5
eval_20260722_233914,Ministral-3-8B-Instruct-2512,e5,simple,e5/simple,595,DIE LINKE,5,0.9183,0.9164,0.9170400000000001,6.180000000000183e-07,0.0019000000000000128,1.1,1.3,0.19999999999999996
eval_20260722_233914,Ministral-3-8B-Instruct-2512,e5,simple,e5/simple,604,SPD,5,0.9239,0.9183,0.92082,6.272000000000065e-06,0.005600000000000049,3.2,2.7,0.5
eval_20260722_233914,Ministral-3-8B-Instruct-2512,e5,simple,e5/simple,802,SPD,5,0.9195,0.9154,0.91722,3.291999999999931e-06,0.0040999999999999925,6.5,2.7,3.8
eval_20260722_233914,Ministral-3-8B-Instruct-2512,e5,simple,e5/simple,555,DIE LINKE,5,0.9087,0.9054,0.90708,1.5169999999999746e-06,0.0032999999999999696,1.2,1.3,0.10000000000000009
eval_20260722_233914,Ministral-3-8B-Instruct-2512,e5,simple,e5/simple,806,SPD,5,0.9217,0.9194,0.9206399999999999,1.0329999999999946e-06,0.0022999999999999687,4.5,2.7,1.7999999999999998
eval_20260722_233914,Ministral-3-8B-Instruct-2512,e5,simple,e5/simple,46,CDU/CSU,5,0.9136,0.9107,0.91218,1.157000000000015e-06,0.0029000000000000137,4.5,4.7,0.20000000000000018
eval_20260722_233914,Ministral-3-8B-Instruct-2512,e5,simple,e5/simple,746,SPD,5,0.9241,0.9186,0.9210199999999998,6.5770000000001405e-06,0.00550000000000006,4.2,2.7,1.5
eval_20260722_233914,Ministral-3-8B-Instruct-2512,e5,simple,e5/simple,158,AfD,5,0.9195,0.9153,0.9172,3.299999999999928e-06,0.0041999999999999815,7.0,6.5,0.5
eval_20260722_233914,Ministral-3-8B-Instruct-2512,e5,simple,e5/simple,619,SPD,5,0.9199,0.9152,0.9169,3.5250000000000836e-06,0.0047000000000000375,3.2,2.7,0.5
eval_20260722_233914,Ministral-3-8B-Instruct-2512,e5,simple,e5/simple,172,AfD,5,0.9151,0.9129,0.9136199999999999,8.069999999999865e-07,0.0021999999999999797,1.2,6.5,5.3
eval_20260722_233914,Ministral-3-8B-Instruct-2512,e5,simple,e5/simple,16,BÜNDNIS 90/DIE GRÜNEN,5,0.9278,0.924,0.9254800000000001,1.9969999999998997e-06,0.0037999999999999146,6.5,2.4,4.1
eval_20260722_233914,Ministral-3-8B-Instruct-2512,e5,simple,e5/simple,512,DIE LINKE,5,0.9184,0.9131,0.91568,4.84199999999994e-06,0.005299999999999971,6.8,1.3,5.5
eval_20260722_233914,Ministral-3-8B-Instruct-2512,e5,simple,e5/simple,49,CDU/CSU,5,0.9185,0.9153,0.9173,2.224999999999976e-06,0.0031999999999999806,5.8,4.7,1.0999999999999996
eval_20260722_233914,Ministral-3-8B-Instruct-2512,e5,simple,e5/simple,795,SPD,5,0.9113,0.9107,0.9109,5.499999999999898e-08,0.0006000000000000449,3.5,2.7,0.7999999999999998
eval_20260722_233914,Ministral-3-8B-Instruct-2512,e5,simple,e5/simple,516,DIE LINKE,5,0.9344,0.9272,0.9301999999999999,7.235000000000011e-06,0.007199999999999984,1.2,1.3,0.10000000000000009
eval_20260722_233914,Ministral-3-8B-Instruct-2512,e5,simple,e5/simple,679,SPD,5,0.9183,0.9127,0.9146599999999999,6.327999999999998e-06,0.005600000000000049,3.2,2.7,0.5
eval_20260722_233914,Ministral-3-8B-Instruct-2512,e5,simple,e5/simple,481,DIE LINKE,5,0.9159,0.9074,0.9113,1.6515000000000044e-05,0.008500000000000063,1.2,1.3,0.10000000000000009
eval_20260722_233914,Ministral-3-8B-Instruct-2512,e5,simple,e5/simple,284,BÜNDNIS 90/DIE GRÜNEN,5,0.9231,0.9169,0.9183199999999999,7.172000000000012e-06,0.006199999999999983,2.1,2.4,0.2999999999999998
eval_20260722_233914,Ministral-3-8B-Instruct-2512,e5,simple,e5/simple,549,DIE LINKE,5,0.9104,0.9055,0.9082399999999999,5.043000000000055e-06,0.0049000000000000155,3.2,1.3,1.9000000000000001
eval_20260722_233914,Ministral-3-8B-Instruct-2512,e5,simple,e5/simple,226,BÜNDNIS 90/DIE GRÜNEN,5,0.9345,0.9226,0.92766,1.8823000000000064e-05,0.011900000000000022,3.2,2.4,0.8000000000000003
eval_20260722_233914,Ministral-3-8B-Instruct-2512,e5,simple,e5/simple,26,AfD,5,0.8984,0.8965,0.89742,7.119999999999919e-07,0.0019000000000000128,7.0,6.5,0.5
eval_20260722_233914,Ministral-3-8B-Instruct-2512,e5,simple,e5/simple,661,SPD,5,0.9144,0.9095,0.9114000000000001,3.380000000000016e-06,0.0049000000000000155,2.1,2.7,0.6000000000000001
eval_20260722_233914,Ministral-3-8B-Instruct-2512,e5,simple,e5/simple,438,DIE LINKE,5,0.9095,0.9086,0.90894,1.4300000000000624e-07,0.0009000000000000119,3.5,1.3,2.2
eval_20260722_233914,Ministral-3-8B-Instruct-2512,e5,simple,e5/simple,365,FDP,5,0.909,0.9024,0.9043199999999999,7.99700000000017e-06,0.00660000000000005,3.5,4.3,0.7999999999999998
eval_20260722_233914,Ministral-3-8B-Instruct-2512,e5,simple,e5/simple,230,BÜNDNIS 90/DIE GRÜNEN,5,0.9213,0.9096,0.9140599999999999,2.0943000000000182e-05,0.011700000000000044,3.2,2.4,0.8000000000000003
eval_20260722_233914,Ministral-3-8B-Instruct-2512,e5,simple,e5/simple,37,AfD,5,0.937,0.9254,0.93136,2.135300000000013e-05,0.011600000000000055,7.0,6.5,0.5
eval_20260722_233914,Ministral-3-8B-Instruct-2512,e5,simple,e5/simple,790,SPD,5,0.9194,0.9136,0.91638,7.652000000000048e-06,0.005800000000000027,4.5,2.7,1.7999999999999998
eval_20260722_233914,Ministral-3-8B-Instruct-2512,e5,simple,e5/simple,375,FDP,5,0.9368,0.9136,0.91988,9.240699999999989e-05,0.0232,3.2,4.3,1.0999999999999996
eval_20260722_233914,Ministral-3-8B-Instruct-2512,e5,simple,e5/simple,470,DIE LINKE,5,0.9221,0.9199,0.9212999999999999,1.1350000000000052e-06,0.0021999999999999797,4.5,1.3,3.2
eval_20260722_233914,Ministral-3-8B-Instruct-2512,e5,simple,e5/simple,792,SPD,5,0.9248,0.9154,0.9182,1.4904999999999953e-05,0.009399999999999964,2.1,2.7,0.6000000000000001
eval_20260722_233914,Ministral-3-8B-Instruct-2512,e5,simple,e5/simple,699,SPD,5,0.9078,0.9017,0.9050799999999999,7.862000000000204e-06,0.006100000000000105,6.8,2.7,4.1
eval_20260722_233914,Ministral-3-8B-Instruct-2512,e5,simple,e5/simple,606,SPD,5,0.9098,0.9045,0.90724,3.7030000000001024e-06,0.005300000000000082,3.2,2.7,0.5
eval_20260722_233914,Ministral-3-8B-Instruct-2512,e5,simple,e5/simple,195,AfD,5,0.9233,0.9157,0.91844,9.42800000000001e-06,0.007600000000000051,7.0,6.5,0.5
eval_20260722_233914,Ministral-3-8B-Instruct-2512,e5,simple,e5/simple,815,SPD,5,0.9163,0.9091,0.91246,1.0623000000000022e-05,0.007199999999999984,2.1,2.7,0.6000000000000001
eval_20260722_233914,Ministral-3-8B-Instruct-2512,e5,simple,e5/simple,710,SPD,5,0.9105,0.9087,0.9094,6.2000000000003e-07,0.0018000000000000238,4.0,2.7,1.2999999999999998
eval_20260722_233914,Ministral-3-8B-Instruct-2512,e5,simple,e5/simple,504,DIE LINKE,5,0.9043,0.9015,0.9028400000000001,1.528000000000031e-06,0.0028000000000000247,6.8,1.3,5.5
eval_20260722_233914,Ministral-3-8B-Instruct-2512,e5,simple,e5/simple,794,SPD,5,0.9231,0.9153,0.9185399999999999,8.063000000000082e-06,0.007800000000000029,4.5,2.7,1.7999999999999998
eval_20260722_233914,Ministral-3-8B-Instruct-2512,e5,simple,e5/simple,685,SPD,5,0.9131,0.9116,0.9124800000000001,4.220000000000247e-07,0.0015000000000000568,4.5,2.7,1.7999999999999998
eval_20260722_233914,Ministral-3-8B-Instruct-2512,e5,simple,e5/simple,793,SPD,5,0.9198,0.9142,0.91564,5.887999999999866e-06,0.005599999999999938,3.8,2.7,1.0999999999999996
eval_20260722_233914,Ministral-3-8B-Instruct-2512,e5,simple,e5/simple,163,AfD,5,0.9239,0.9136,0.9189999999999999,1.8545000000000318e-05,0.010300000000000087,7.0,6.5,0.5
eval_20260722_233914,Ministral-3-8B-Instruct-2512,e5,simple,e5/simple,587,DIE LINKE,5,0.9065,0.8991,0.9025399999999999,8.962999999999867e-06,0.007399999999999962,4.2,1.3,2.9000000000000004
eval_20260722_233914,Ministral-3-8B-Instruct-2512,e5,simple,e5/simple,153,AfD,5,0.9265,0.9221,0.9246399999999999,3.442999999999972e-06,0.0043999999999999595,7.0,6.5,0.5
eval_20260722_233914,Ministral-3-8B-Instruct-2512,e5,simple,e5/simple,570,DIE LINKE,5,0.9148,0.9095,0.91128,4.2669999999999364e-06,0.005299999999999971,1.2,1.3,0.10000000000000009
eval_20260722_233914,Ministral-3-8B-Instruct-2512,e5,simple,e5/simple,586,DIE LINKE,5,0.9279,0.9225,0.9254,3.7899999999999256e-06,0.00539999999999996,5.8,1.3,4.5
eval_20260722_233914,Ministral-3-8B-Instruct-2512,e5,simple,e5/simple,627,SPD,5,0.9252,0.9232,0.9240200000000002,8.419999999999888e-07,0.0020000000000000018,,2.7,
eval_20260722_233914,Ministral-3-8B-Instruct-2512,e5,simple,e5/simple,112,BÜNDNIS 90/DIE GRÜNEN,5,0.9007,0.8909,0.8957600000000001,1.3067999999999815e-05,0.00979999999999992,3.2,2.4,0.8000000000000003
eval_20260722_233914,Ministral-3-8B-Instruct-2512,e5,simple,e5/simple,576,DIE LINKE,5,0.9271,0.9148,0.9195,2.248500000000025e-05,0.012300000000000089,3.2,1.3,1.9000000000000001
eval_20260722_233914,Ministral-3-8B-Instruct-2512,e5,simple,e5/simple,104,DIE LINKE,5,0.9236,0.9199,0.92158,3.3469999999999186e-06,0.0036999999999999256,1.1,1.3,0.19999999999999996
eval_20260722_233914,Ministral-3-8B-Instruct-2512,e5,simple,e5/simple,422,DIE LINKE,5,0.9281,0.9243,0.9258999999999998,1.88500000000004e-06,0.0038000000000000256,1.2,1.3,0.10000000000000009
eval_20260722_233914,Ministral-3-8B-Instruct-2512,e5,simple,e5/simple,120,AfD,5,0.9139,0.9096,0.9113199999999999,2.6320000000001096e-06,0.0043000000000000815,7.0,6.5,0.5
eval_20260722_233914,Ministral-3-8B-Instruct-2512,e5,simple,e5/simple,54,BÜNDNIS 90/DIE GRÜNEN,5,0.9309,0.9264,0.9281799999999999,3.7769999999999488e-06,0.0044999999999999485,,2.4,
eval_20260722_233914,Ministral-3-8B-Instruct-2512,e5,simple,e5/simple,152,AfD,5,0.9165,0.9082,0.9116199999999999,1.1856999999999948e-05,0.008299999999999974,7.0,6.5,0.5
eval_20260722_233914,Ministral-3-8B-Instruct-2512,e5,simple,e5/simple,404,FDP,5,0.9183,0.9098,0.9128399999999999,1.3457999999999935e-05,0.008499999999999952,4.5,4.3,0.20000000000000018
eval_20260722_233914,Ministral-3-8B-Instruct-2512,e5,simple,e5/simple,774,SPD,5,0.9169,0.9107,0.91382,7.55700000000008e-06,0.006200000000000094,2.1,2.7,0.6000000000000001
eval_20260722_233914,Ministral-3-8B-Instruct-2512,e5,simple,e5/simple,208,AfD,5,0.9254,0.9164,0.9213800000000001,1.266200000000006e-05,0.009000000000000008,7.0,6.5,0.5
eval_20260722_233914,Ministral-3-8B-Instruct-2512,e5,simple,e5/simple,694,SPD,5,0.9294,0.9204,0.92438,1.0631999999999996e-05,0.009000000000000008,4.5,2.7,1.7999999999999998
eval_20260722_233914,Ministral-3-8B-Instruct-2512,e5,simple,e5/simple,645,SPD,5,0.9186,0.9113,0.91422,8.456999999999926e-06,0.007299999999999973,3.2,2.7,0.5
eval_20260722_233914,Ministral-3-8B-Instruct-2512,e5,simple,e5/simple,8,BÜNDNIS 90/DIE GRÜNEN,5,0.9338,0.9305,0.9324,1.6849999999999729e-06,0.0032999999999999696,3.2,2.4,0.8000000000000003
eval_20260722_233914,Ministral-3-8B-Instruct-2512,e5,simple,e5/simple,667,SPD,5,0.9233,0.9176,0.91988,5.327000000000057e-06,0.005700000000000038,3.2,2.7,0.5
eval_20260722_233914,Ministral-3-8B-Instruct-2512,e5,simple,e5/simple,36,AfD,5,0.9199,0.9166,0.9180999999999999,2.3600000000000295e-06,0.0033000000000000806,6.9,6.5,0.40000000000000036
eval_20260722_233914,Ministral-3-8B-Instruct-2512,e5,simple,e5/simple,453,DIE LINKE,5,0.9209,0.9137,0.91844,8.543000000000104e-06,0.007200000000000095,1.2,1.3,0.10000000000000009
eval_20260722_233914,Ministral-3-8B-Instruct-2512,e5,simple,e5/simple,254,BÜNDNIS 90/DIE GRÜNEN,5,0.9137,0.9098,0.91184,2.852999999999931e-06,0.0038999999999999035,2.8,2.4,0.3999999999999999
eval_20260722_233914,Ministral-3-8B-Instruct-2512,e5,simple,e5/simple,304,BÜNDNIS 90/DIE GRÜNEN,5,0.9174,0.9028,0.9079,3.49999999999998e-05,0.014599999999999946,1.5,2.4,0.8999999999999999
eval_20260722_233914,Ministral-3-8B-Instruct-2512,e5,simple,e5/simple,659,SPD,5,0.9299,0.9226,0.9254,8.714999999999885e-06,0.007299999999999973,4.5,2.7,1.7999999999999998
eval_20260722_233914,Ministral-3-8B-Instruct-2512,e5,simple,e5/simple,572,DIE LINKE,5,0.9315,0.9243,0.92668,9.331999999999939e-06,0.007199999999999984,4.5,1.3,3.2
eval_20260722_233914,Ministral-3-8B-Instruct-2512,e5,simple,e5/simple,711,SPD,5,0.9297,0.916,0.9202200000000001,3.0776999999999783e-05,0.013699999999999934,4.2,2.7,1.5
eval_20260722_233914,Ministral-3-8B-Instruct-2512,e5,simple,e5/simple,767,SPD,5,0.9301,0.925,0.9271,3.935000000000021e-06,0.005099999999999993,3.2,2.7,0.5
eval_20260722_233914,Ministral-3-8B-Instruct-2512,e5,simple,e5/simple,263,BÜNDNIS 90/DIE GRÜNEN,5,0.9245,0.9132,0.91702,2.154699999999994e-05,0.011299999999999977,2.1,2.4,0.2999999999999998
eval_20260722_233914,Ministral-3-8B-Instruct-2512,e5,simple,e5/simple,298,BÜNDNIS 90/DIE GRÜNEN,5,0.9175,0.9147,0.9164,1.1600000000000276e-06,0.0028000000000000247,4.5,2.4,2.1
eval_20260722_233914,Ministral-3-8B-Instruct-2512,e5,simple,e5/simple,415,DIE LINKE,5,0.9371,0.9336,0.93462,1.987000000000032e-06,0.0035000000000000586,1.2,1.3,0.10000000000000009
eval_20260722_233914,Ministral-3-8B-Instruct-2512,e5,simple,e5/simple,151,AfD,5,0.92,0.9134,0.9153399999999999,7.748000000000086e-06,0.00660000000000005,7.0,6.5,0.5
eval_20260722_233914,Ministral-3-8B-Instruct-2512,e5,simple,e5/simple,652,SPD,5,0.9135,0.9071,0.9099400000000001,9.087999999999966e-06,0.006399999999999961,3.2,2.7,0.5
eval_20260722_233914,Ministral-3-8B-Instruct-2512,e5,simple,e5/simple,729,SPD,5,0.9168,0.9092,0.9114600000000002,9.457999999999856e-06,0.00759999999999994,3.2,2.7,0.5
eval_20260722_233914,Ministral-3-8B-Instruct-2512,e5,simple,e5/simple,551,DIE LINKE,5,0.9328,0.9321,0.93256,9.299999999997951e-08,0.0006999999999999229,1.1,1.3,0.19999999999999996
eval_20260722_233914,Ministral-3-8B-Instruct-2512,e5,simple,e5/simple,489,DIE LINKE,5,0.9169,0.9118,0.91314,4.59800000000003e-06,0.005099999999999993,1.2,1.3,0.10000000000000009
eval_20260722_233914,Ministral-3-8B-Instruct-2512,e5,simple,e5/simple,148,AfD,5,0.9115,0.9075,0.90944,3.3979999999999766e-06,0.0040000000000000036,7.0,6.5,0.5
eval_20260722_233914,Ministral-3-8B-Instruct-2512,e5,simple,e5/simple,602,SPD,5,0.9179,0.9155,0.91668,1.0220000000000713e-06,0.0024000000000000687,4.5,2.7,1.7999999999999998
eval_20260722_233914,Ministral-3-8B-Instruct-2512,e5,simple,e5/simple,763,SPD,5,0.9173,0.9141,0.91568,1.781999999999986e-06,0.0031999999999999806,4.5,2.7,1.7999999999999998
eval_20260722_233914,Ministral-3-8B-Instruct-2512,e5,simple,e5/simple,813,SPD,5,0.9256,0.9141,0.9191,1.836499999999991e-05,0.011499999999999955,3.2,2.7,0.5
eval_20260722_233914,Ministral-3-8B-Instruct-2512,e5,simple,e5/simple,349,CSU,5,0.9191,0.9179,0.91852,2.4199999999999997e-07,0.0011999999999999789,3.5,5.4,1.9000000000000004
eval_20260722_233914,Ministral-3-8B-Instruct-2512,e5,simple,e5/simple,464,DIE LINKE,5,0.9324,0.9254,0.9277,9.185000000000026e-06,0.007000000000000006,1.2,1.3,0.10000000000000009
eval_20260722_233914,Ministral-3-8B-Instruct-2512,e5,simple,e5/simple,326,CDU,5,0.9091,0.9064,0.90736,1.0830000000000079e-06,0.0027000000000000357,6.8,4.7,2.0999999999999996
eval_20260722_233914,Ministral-3-8B-Instruct-2512,e5,simple,e5/simple,187,AfD,5,0.9237,0.9187,0.9208399999999999,3.733000000000003e-06,0.0050000000000000044,7.0,6.5,0.5
eval_20260722_233914,Ministral-3-8B-Instruct-2512,e5,simple,e5/simple,124,AfD,5,0.9158,0.905,0.9088200000000001,2.4041999999999896e-05,0.01079999999999992,7.0,6.5,0.5
eval_20260722_233914,Ministral-3-8B-Instruct-2512,e5,simple,e5/simple,781,SPD,5,0.9312,0.9282,0.92988,1.4569999999999822e-06,0.0030000000000000027,3.2,2.7,0.5
eval_20260722_233914,Ministral-3-8B-Instruct-2512,e5,simple,e5/simple,144,AfD,5,0.9114,0.9009,0.9054200000000001,1.6711999999999904e-05,0.010499999999999954,6.5,6.5,0.0
eval_20260722_233914,Ministral-3-8B-Instruct-2512,e5,simple,e5/simple,784,SPD,5,0.8942,0.889,0.89108,4.011999999999937e-06,0.005199999999999982,3.2,2.7,0.5
eval_20260722_233914,Ministral-3-8B-Instruct-2512,e5,simple,e5/simple,198,AfD,5,0.9032,0.9009,0.90168,8.769999999999879e-07,0.0022999999999999687,7.0,6.5,0.5
eval_20260722_233914,Ministral-3-8B-Instruct-2512,e5,simple,e5/simple,280,BÜNDNIS 90/DIE GRÜNEN,5,0.9196,0.9152,0.91684,3.683000000000011e-06,0.0043999999999999595,3.2,2.4,0.8000000000000003
eval_20260722_233914,Ministral-3-8B-Instruct-2512,e5,simple,e5/simple,294,BÜNDNIS 90/DIE GRÜNEN,5,0.9322,0.9304,0.9311,4.650000000000197e-07,0.0018000000000000238,2.1,2.4,0.2999999999999998
eval_20260722_233914,Ministral-3-8B-Instruct-2512,e5,simple,e5/simple,401,FDP,5,0.9202,0.9152,0.9176399999999999,4.9480000000000295e-06,0.0050000000000000044,5.8,4.3,1.5
eval_20260722_233914,Ministral-3-8B-Instruct-2512,e5,simple,e5/simple,123,AfD,5,0.9213,0.9164,0.91866,5.313000000000061e-06,0.0049000000000000155,6.8,6.5,0.2999999999999998
eval_20260722_233914,Ministral-3-8B-Instruct-2512,e5,simple,e5/simple,184,AfD,5,0.9092,0.9047,0.9067999999999999,4.835000000000051e-06,0.0045000000000000595,7.0,6.5,0.5
eval_20260722_233914,Ministral-3-8B-Instruct-2512,e5,simple,e5/simple,203,AfD,5,0.9222,0.9153,0.91812,9.242000000000007e-06,0.006900000000000017,7.0,6.5,0.5
eval_20260722_233914,Ministral-3-8B-Instruct-2512,e5,simple,e5/simple,439,DIE LINKE,5,0.9213,0.9177,0.91898,2.1270000000000175e-06,0.0036000000000000476,2.1,1.3,0.8
eval_20260722_233914,Ministral-3-8B-Instruct-2512,e5,simple,e5/simple,247,BÜNDNIS 90/DIE GRÜNEN,5,0.9195,0.9145,0.91676,5.738000000000068e-06,0.0050000000000000044,2.1,2.4,0.2999999999999998
eval_20260722_233914,Ministral-3-8B-Instruct-2512,e5,simple,e5/simple,416,DIE LINKE,5,0.9426,0.9363,0.9383799999999999,6.2370000000000014e-06,0.006299999999999972,1.2,1.3,0.10000000000000009
eval_20260722_233914,Ministral-3-8B-Instruct-2512,e5,simple,e5/simple,728,SPD,5,0.9277,0.9204,0.9227000000000001,8.734999999999941e-06,0.007299999999999973,3.2,2.7,0.5
eval_20260722_233914,Ministral-3-8B-Instruct-2512,e5,simple,e5/simple,130,AfD,5,0.9147,0.9116,0.9131599999999999,1.3529999999999805e-06,0.0030999999999999917,7.0,6.5,0.5
eval_20260722_233914,Ministral-3-8B-Instruct-2512,e5,simple,e5/simple,403,FDP,5,0.9044,0.8989,0.9004000000000001,5.109999999999906e-06,0.005499999999999949,6.8,4.3,2.5
eval_20260722_233914,Ministral-3-8B-Instruct-2512,e5,simple,e5/simple,716,SPD,5,0.9301,0.9147,0.9193800000000001,3.773200000000031e-05,0.01540000000000008,4.2,2.7,1.5
eval_20260722_233914,Ministral-3-8B-Instruct-2512,e5,simple,e5/simple,638,SPD,5,0.9269,0.9168,0.92178,2.181699999999995e-05,0.010099999999999998,3.2,2.7,0.5
eval_20260722_233914,Ministral-3-8B-Instruct-2512,e5,simple,e5/simple,788,SPD,5,0.9024,0.896,0.8975799999999999,7.401999999999943e-06,0.006399999999999961,6.5,2.7,3.8
eval_20260722_233914,Ministral-3-8B-Instruct-2512,e5,simple,e5/simple,220,BÜNDNIS 90/DIE GRÜNEN,5,0.9171,0.9113,0.9136799999999999,4.442000000000045e-06,0.005800000000000027,2.1,2.4,0.2999999999999998
eval_20260722_233914,Ministral-3-8B-Instruct-2512,e5,simple,e5/simple,624,SPD,5,0.918,0.9115,0.9147000000000001,8.984999999999981e-06,0.006500000000000061,7.0,2.7,4.3
eval_20260722_233914,Ministral-3-8B-Instruct-2512,e5,simple,e5/simple,753,SPD,5,0.9099,0.904,0.9065800000000002,7.697000000000023e-06,0.005900000000000016,4.5,2.7,1.7999999999999998
eval_20260722_233914,Ministral-3-8B-Instruct-2512,e5,simple,e5/simple,691,SPD,5,0.9222,0.9142,0.9183600000000001,9.672999999999958e-06,0.008000000000000007,,2.7,
eval_20260722_233914,Ministral-3-8B-Instruct-2512,e5,simple,e5/simple,632,SPD,5,0.9205,0.918,0.91914,1.537999999999952e-06,0.0024999999999999467,3.2,2.7,0.5
eval_20260722_233914,Ministral-3-8B-Instruct-2512,e5,simple,e5/simple,387,FDP,5,0.9306,0.9247,0.9282999999999999,5.115000000000028e-06,0.005900000000000016,3.8,4.3,0.5
eval_20260722_233914,Ministral-3-8B-Instruct-2512,e5,simple,e5/simple,796,SPD,5,0.9153,0.9128,0.91364,1.1030000000000547e-06,0.0025000000000000577,3.2,2.7,0.5
eval_20260722_233914,Ministral-3-8B-Instruct-2512,e5,simple,e5/simple,510,DIE LINKE,5,0.9156,0.9063,0.90866,1.529299999999996e-05,0.009299999999999975,4.5,1.3,3.2
eval_20260722_233914,Ministral-3-8B-Instruct-2512,e5,simple,e5/simple,268,BÜNDNIS 90/DIE GRÜNEN,5,0.9236,0.9193,0.9214,4.09999999999993e-06,0.0042999999999999705,3.2,2.4,0.8000000000000003
eval_20260722_233914,Ministral-3-8B-Instruct-2512,e5,simple,e5/simple,677,SPD,5,0.9318,0.9268,0.92864,4.303000000000023e-06,0.0050000000000000044,7.0,2.7,4.3
eval_20260722_233914,Ministral-3-8B-Instruct-2512,e5,simple,e5/simple,442,DIE LINKE,5,0.9215,0.9133,0.9155599999999999,1.1557999999999971e-05,0.008199999999999985,4.5,1.3,3.2
eval_20260722_233914,Ministral-3-8B-Instruct-2512,e5,simple,e5/simple,497,DIE LINKE,5,0.9145,0.9085,0.9110799999999999,7.002000000000043e-06,0.006000000000000005,6.5,1.3,5.2
eval_20260722_233914,Ministral-3-8B-Instruct-2512,e5,simple,e5/simple,113,BÜNDNIS 90/DIE GRÜNEN,5,0.9114,0.9045,0.9079599999999999,8.623000000000034e-06,0.006900000000000017,6.8,2.4,4.4
eval_20260722_233914,Ministral-3-8B-Instruct-2512,e5,simple,e5/simple,233,BÜNDNIS 90/DIE GRÜNEN,5,0.9043,0.903,0.90364,3.9299999999998114e-07,0.0012999999999999678,3.2,2.4,0.8000000000000003
eval_20260722_233914,Ministral-3-8B-Instruct-2512,e5,simple,e5/simple,715,SPD,5,0.9252,0.9158,0.91936,1.526800000000016e-05,0.009400000000000075,3.2,2.7,0.5
eval_20260722_233914,Ministral-3-8B-Instruct-2512,e5,simple,e5/simple,608,SPD,5,0.922,0.9173,0.91944,4.618000000000012e-06,0.0047000000000000375,4.2,2.7,1.5
eval_20260722_233914,Ministral-3-8B-Instruct-2512,e5,simple,e5/simple,374,FDP,5,0.9111,0.9049,0.9071000000000001,6.235000000000031e-06,0.006199999999999983,4.5,4.3,0.20000000000000018
eval_20260722_233914,Ministral-3-8B-Instruct-2512,e5,simple,e5/simple,234,BÜNDNIS 90/DIE GRÜNEN,5,0.9195,0.9166,0.9184800000000001,1.4270000000000255e-06,0.0029000000000000137,1.1,2.4,1.2999999999999998
eval_20260722_233914,Ministral-3-8B-Instruct-2512,e5,simple,e5/simple,649,SPD,5,0.9074,0.9042,0.90574,1.782999999999988e-06,0.0031999999999999806,2.1,2.7,0.6000000000000001
eval_20260722_233914,Ministral-3-8B-Instruct-2512,e5,simple,e5/simple,318,BÜNDNIS 90/DIE GRÜNEN,5,0.9211,0.9182,0.9199999999999999,1.2799999999999956e-06,0.0029000000000000137,3.2,2.4,0.8000000000000003
eval_20260722_233914,Ministral-3-8B-Instruct-2512,e5,simple,e5/simple,411,FDP,5,0.9309,0.9222,0.9246800000000001,1.3576999999999857e-05,0.00869999999999993,,4.3,
eval_20260722_233914,Ministral-3-8B-Instruct-2512,e5,simple,e5/simple,737,SPD,5,0.9153,0.9101,0.91264,5.648000000000073e-06,0.005199999999999982,4.5,2.7,1.7999999999999998
eval_20260722_233914,Ministral-3-8B-Instruct-2512,e5,simple,e5/simple,359,FDP,5,0.9124,0.9084,0.9107800000000001,2.442000000000037e-06,0.0040000000000000036,6.5,4.3,2.2
eval_20260722_233914,Ministral-3-8B-Instruct-2512,e5,simple,e5/simple,259,BÜNDNIS 90/DIE GRÜNEN,5,0.8981,0.8938,0.89598,2.526999999999993e-06,0.0042999999999999705,2.1,2.4,0.2999999999999998
eval_20260722_233914,Ministral-3-8B-Instruct-2512,e5,simple,e5/simple,628,SPD,5,0.9275,0.9167,0.9216599999999999,2.2493000000000037e-05,0.010800000000000032,2.1,2.7,0.6000000000000001
eval_20260722_233914,Ministral-3-8B-Instruct-2512,e5,simple,e5/simple,633,SPD,5,0.932,0.9282,0.93034,2.588000000000016e-06,0.0038000000000000256,2.1,2.7,0.6000000000000001
eval_20260722_233914,Ministral-3-8B-Instruct-2512,e5,simple,e5/simple,283,BÜNDNIS 90/DIE GRÜNEN,5,0.9127,0.9057,0.9080999999999999,7.584999999999977e-06,0.007000000000000006,2.1,2.4,0.2999999999999998
eval_20260722_233914,Ministral-3-8B-Instruct-2512,e5,simple,e5/simple,780,SPD,5,0.9329,0.915,0.9196199999999999,5.787699999999947e-05,0.017899999999999916,4.2,2.7,1.5
eval_20260722_233914,Ministral-3-8B-Instruct-2512,e5,simple,e5/simple,673,SPD,5,0.9055,0.9021,0.90342,2.466999999999945e-06,0.0033999999999999586,6.5,2.7,3.8
eval_20260722_233914,Ministral-3-8B-Instruct-2512,e5,simple,e5/simple,473,DIE LINKE,5,0.9309,0.9288,0.92974,6.629999999999906e-07,0.0020999999999999908,2.1,1.3,0.8
eval_20260722_233914,Ministral-3-8B-Instruct-2512,e5,simple,e5/simple,348,CSU,5,0.896,0.8936,0.89482,1.292000000000052e-06,0.0024000000000000687,2.1,5.4,3.3000000000000003
eval_20260722_233914,Ministral-3-8B-Instruct-2512,e5,simple,e5/simple,506,DIE LINKE,5,0.9357,0.9248,0.9294800000000001,1.8656999999999947e-05,0.01090000000000002,3.2,1.3,1.9000000000000001
eval_20260722_233914,Ministral-3-8B-Instruct-2512,e5,simple,e5/simple,640,SPD,5,0.9145,0.9082,0.9107,7.244999999999896e-06,0.006299999999999972,6.8,2.7,4.1
eval_20260722_233914,Ministral-3-8B-Instruct-2512,e5,simple,e5/simple,809,SPD,5,0.9234,0.9192,0.9207599999999999,3.0830000000000114e-06,0.0041999999999999815,,2.7,
eval_20260722_233914,Ministral-3-8B-Instruct-2512,e5,simple,e5/simple,761,SPD,5,0.9216,0.9168,0.9188000000000001,3.260000000000048e-06,0.0048000000000000265,7.0,2.7,4.3
eval_20260722_233914,Ministral-3-8B-Instruct-2512,e5,simple,e5/simple,742,SPD,5,0.9177,0.9104,0.9135199999999999,8.806999999999941e-06,0.007299999999999973,1.2,2.7,1.5000000000000002
eval_20260722_233914,Ministral-3-8B-Instruct-2512,e5,simple,e5/simple,620,SPD,5,0.9274,0.9251,0.92638,1.126999999999985e-06,0.0022999999999999687,3.2,2.7,0.5
eval_20260722_233914,Ministral-3-8B-Instruct-2512,e5,simple,e5/simple,733,SPD,5,0.9055,0.9016,0.9033999999999999,2.6549999999999814e-06,0.0039000000000000146,6.5,2.7,3.8
eval_20260722_233914,Ministral-3-8B-Instruct-2512,e5,simple,e5/simple,646,SPD,5,0.9267,0.9251,0.9260200000000001,3.6699999999997686e-07,0.0015999999999999348,3.2,2.7,0.5
eval_20260722_233914,Ministral-3-8B-Instruct-2512,e5,simple,e5/simple,695,SPD,5,0.9012,0.8992,0.9000199999999999,7.069999999999952e-07,0.0020000000000000018,6.8,2.7,4.1
eval_20260722_233914,Ministral-3-8B-Instruct-2512,e5,simple,e5/simple,557,DIE LINKE,5,0.9126,0.9042,0.9086000000000001,1.3384999999999949e-05,0.008399999999999963,3.2,1.3,1.9000000000000001
eval_20260722_233914,Ministral-3-8B-Instruct-2512,e5,simple,e5/simple,578,DIE LINKE,5,0.9186,0.9133,0.9153800000000001,4.876999999999903e-06,0.005299999999999971,1.2,1.3,0.10000000000000009
eval_20260722_233914,Ministral-3-8B-Instruct-2512,e5,simple,e5/simple,86,BÜNDNIS 90/DIE GRÜNEN,5,0.9158,0.9116,0.9131600000000001,3.452999999999984e-06,0.0041999999999999815,3.8,2.4,1.4
eval_20260722_233914,Ministral-3-8B-Instruct-2512,e5,simple,e5/simple,243,BÜNDNIS 90/DIE GRÜNEN,5,0.9114,0.9038,0.90672,8.076999999999916e-06,0.00759999999999994,1.2,2.4,1.2
eval_20260722_233914,Ministral-3-8B-Instruct-2512,e5,simple,e5/simple,160,AfD,5,0.9169,0.9128,0.91478,2.352000000000089e-06,0.0041000000000001036,7.0,6.5,0.5
eval_20260722_233914,Ministral-3-8B-Instruct-2512,e5,simple,e5/simple,525,DIE LINKE,5,0.9185,0.9147,0.91616,2.967999999999966e-06,0.0038000000000000256,7.0,1.3,5.7
eval_20260722_233914,Ministral-3-8B-Instruct-2512,e5,simple,e5/simple,35,AfD,5,0.9138,0.9114,0.9126000000000001,9.349999999999606e-07,0.0023999999999999577,1.1,6.5,5.4
eval_20260722_233914,Ministral-3-8B-Instruct-2512,e5,simple,e5/simple,541,DIE LINKE,5,0.9326,0.9216,0.92516,1.869300000000004e-05,0.01100000000000001,5.8,1.3,4.5
eval_20260722_233914,Ministral-3-8B-Instruct-2512,e5,simple,e5/simple,171,AfD,5,0.9183,0.915,0.91676,1.8029999999999904e-06,0.0032999999999999696,7.0,6.5,0.5
eval_20260722_233914,Ministral-3-8B-Instruct-2512,e5,simple,e5/simple,655,SPD,5,0.9341,0.9269,0.9300199999999998,6.687000000000178e-06,0.007200000000000095,2.1,2.7,0.6000000000000001
eval_20260722_233914,Ministral-3-8B-Instruct-2512,e5,simple,e5/simple,704,SPD,5,0.9219,0.9112,0.91396,2.0423000000000167e-05,0.010700000000000043,5.8,2.7,3.0999999999999996
eval_20260722_233914,Ministral-3-8B-Instruct-2512,e5,simple,e5/simple,696,SPD,5,0.9108,0.9084,0.90988,8.470000000000389e-07,0.0024000000000000687,7.0,2.7,4.3
eval_20260722_233914,Ministral-3-8B-Instruct-2512,e5,simple,e5/simple,773,SPD,5,0.9272,0.9133,0.9178799999999999,3.0367000000000155e-05,0.013900000000000023,3.2,2.7,0.5
eval_20260722_233914,Ministral-3-8B-Instruct-2512,e5,simple,e5/simple,96,CDU/CSU,5,0.9246,0.9172,0.92128,7.626999999999907e-06,0.007399999999999962,4.2,4.7,0.5
eval_20260722_233914,Ministral-3-8B-Instruct-2512,e5,simple,e5/simple,564,DIE LINKE,5,0.927,0.9186,0.92128,1.0867000000000213e-05,0.008400000000000074,3.2,1.3,1.9000000000000001
eval_20260722_233914,Ministral-3-8B-Instruct-2512,e5,simple,e5/simple,241,BÜNDNIS 90/DIE GRÜNEN,5,0.9173,0.9075,0.9096399999999999,1.835800000000001e-05,0.009800000000000031,2.1,2.4,0.2999999999999998
eval_20260722_233914,Ministral-3-8B-Instruct-2512,e5,simple,e5/simple,575,DIE LINKE,5,0.9185,0.9161,0.9175799999999998,8.569999999999788e-07,0.0023999999999999577,1.1,1.3,0.19999999999999996
eval_20260722_233914,Ministral-3-8B-Instruct-2512,e5,simple,e5/simple,461,DIE LINKE,5,0.9115,0.9069,0.9090199999999999,2.8519999999999225e-06,0.0045999999999999375,1.2,1.3,0.10000000000000009
eval_20260722_233914,Ministral-3-8B-Instruct-2512,e5,simple,e5/simple,554,DIE LINKE,5,0.9307,0.9253,0.9280200000000001,5.956999999999935e-06,0.00539999999999996,1.2,1.3,0.10000000000000009
eval_20260722_233914,Ministral-3-8B-Instruct-2512,e5,simple,e5/simple,721,SPD,5,0.9231,0.9095,0.91358,3.055700000000023e-05,0.013600000000000056,3.2,2.7,0.5
eval_20260722_233914,Ministral-3-8B-Instruct-2512,e5,simple,e5/simple,207,AfD,5,0.9211,0.9152,0.9177,6.4250000000000494e-06,0.005900000000000016,7.0,6.5,0.5
eval_20260722_233914,Ministral-3-8B-Instruct-2512,e5,simple,e5/simple,393,FDP,5,0.9097,0.906,0.90732,2.4319999999999472e-06,0.0036999999999999256,4.5,4.3,0.20000000000000018
eval_20260722_233914,Ministral-3-8B-Instruct-2512,e5,simple,e5/simple,398,FDP,5,0.9179,0.916,0.9170999999999999,6.249999999999955e-07,0.0019000000000000128,4.5,4.3,0.20000000000000018
eval_20260722_233914,Ministral-3-8B-Instruct-2512,e5,simple,e5/simple,697,SPD,5,0.9181,0.9089,0.91236,1.9357999999999915e-05,0.009199999999999986,4.5,2.7,1.7999999999999998
eval_20260722_233914,Ministral-3-8B-Instruct-2512,e5,simple,e5/simple,218,BÜNDNIS 90/DIE GRÜNEN,5,0.9232,0.919,0.9209800000000001,2.837000000000035e-06,0.0041999999999999815,2.8,2.4,0.3999999999999999
eval_20260722_233914,Ministral-3-8B-Instruct-2512,e5,simple,e5/simple,4,CDU/CSU,5,0.9247,0.9143,0.9204399999999999,2.4678000000000122e-05,0.010399999999999965,5.8,4.7,1.0999999999999996
eval_20260722_233914,Ministral-3-8B-Instruct-2512,e5,simple,e5/simple,643,SPD,5,0.9133,0.907,0.9102600000000001,8.572999999999948e-06,0.006299999999999972,3.2,2.7,0.5
eval_20260722_233914,Ministral-3-8B-Instruct-2512,e5,simple,e5/simple,736,SPD,5,0.923,0.9147,0.9178200000000001,9.65700000000019e-06,0.008300000000000085,3.2,2.7,0.5
eval_20260722_233914,Ministral-3-8B-Instruct-2512,e5,simple,e5/simple,613,SPD,5,0.8999,0.8966,0.89772,1.617000000000069e-06,0.0033000000000000806,,2.7,
eval_20260722_233914,Ministral-3-8B-Instruct-2512,e5,simple,e5/simple,547,DIE LINKE,5,0.9336,0.9228,0.9282999999999999,2.356000000000007e-05,0.010800000000000032,1.2,1.3,0.10000000000000009
eval_20260722_233914,Ministral-3-8B-Instruct-2512,e5,simple,e5/simple,684,SPD,5,0.9296,0.923,0.9251799999999999,6.901999999999928e-06,0.006599999999999939,2.1,2.7,0.6000000000000001
eval_20260722_233914,Ministral-3-8B-Instruct-2512,e5,simple,e5/simple,99,BÜNDNIS 90/DIE GRÜNEN,5,0.9143,0.9072,0.9092600000000001,8.563000000000006e-06,0.007099999999999995,2.3,2.4,0.10000000000000009
eval_20260722_233914,Ministral-3-8B-Instruct-2512,e5,simple,e5/simple,574,DIE LINKE,5,0.9263,0.9246,0.92552,5.870000000000083e-07,0.0017000000000000348,1.2,1.3,0.10000000000000009
eval_20260722_233914,Ministral-3-8B-Instruct-2512,e5,simple,e5/simple,407,FDP,5,0.9258,0.9197,0.9223000000000001,9.234999999999941e-06,0.006099999999999994,5.2,4.3,0.9000000000000004
eval_20260722_233914,Ministral-3-8B-Instruct-2512,e5,simple,e5/simple,503,DIE LINKE,5,0.9089,0.9036,0.9056199999999999,4.8370000000001495e-06,0.005300000000000082,6.8,1.3,5.5
eval_20260722_233914,Ministral-3-8B-Instruct-2512,e5,simple,e5/simple,48,CDU/CSU,5,0.9293,0.9224,0.9261799999999999,8.836999999999934e-06,0.006900000000000017,5.8,4.7,1.0999999999999996
eval_20260722_233914,Ministral-3-8B-Instruct-2512,e5,simple,e5/simple,32,AfD,5,0.9214,0.9119,0.9148799999999999,1.4151999999999921e-05,0.009499999999999953,7.0,6.5,0.5
eval_20260722_233914,Ministral-3-8B-Instruct-2512,e5,simple,e5/simple,201,AfD,5,0.9323,0.9179,0.9211,3.930000000000004e-05,0.014399999999999968,7.0,6.5,0.5
eval_20260722_233914,Ministral-3-8B-Instruct-2512,e5,simple,e5/simple,135,AfD,5,0.927,0.9191,0.9221199999999999,8.702000000000043e-06,0.007900000000000018,7.0,6.5,0.5
eval_20260722_233914,Ministral-3-8B-Instruct-2512,e5,simple,e5/simple,27,AfD,5,0.9346,0.9243,0.9278000000000001,1.7209999999999976e-05,0.010299999999999976,7.0,6.5,0.5
eval_20260722_233914,Ministral-3-8B-Instruct-2512,e5,simple,e5/simple,723,SPD,5,0.9033,0.8947,0.8997999999999999,1.1804999999999844e-05,0.008599999999999941,1.2,2.7,1.5000000000000002
eval_20260722_233914,Ministral-3-8B-Instruct-2512,e5,simple,e5/simple,231,BÜNDNIS 90/DIE GRÜNEN,5,0.9426,0.933,0.93646,1.5217999999999853e-05,0.009599999999999942,3.2,2.4,0.8000000000000003
eval_20260722_233914,Ministral-3-8B-Instruct-2512,e5,simple,e5/simple,490,DIE LINKE,5,0.9168,0.901,0.90654,3.5972999999999684e-05,0.015799999999999925,1.2,1.3,0.10000000000000009
eval_20260722_233914,Ministral-3-8B-Instruct-2512,e5,simple,e5/simple,379,FDP,5,0.9143,0.9027,0.9081400000000001,2.3263000000000018e-05,0.011600000000000055,3.2,4.3,1.0999999999999996
eval_20260722_233914,Ministral-3-8B-Instruct-2512,e5,simple,e5/simple,289,BÜNDNIS 90/DIE GRÜNEN,5,0.9191,0.9164,0.9180400000000001,1.5530000000000044e-06,0.0027000000000000357,3.2,2.4,0.8000000000000003
eval_20260722_233914,Ministral-3-8B-Instruct-2512,e5,simple,e5/simple,419,DIE LINKE,5,0.9187,0.9151,0.9168,2.954999999999921e-06,0.0035999999999999366,1.3,1.3,0.0
eval_20260722_233914,Ministral-3-8B-Instruct-2512,e5,simple,e5/simple,675,SPD,5,0.9287,0.9234,0.92546,4.512999999999969e-06,0.005299999999999971,1.2,2.7,1.5000000000000002
eval_20260722_233914,Ministral-3-8B-Instruct-2512,e5,simple,e5/simple,392,FDP,5,0.9096,0.9057,0.9066600000000001,2.7529999999999366e-06,0.0039000000000000146,5.8,4.3,1.5
eval_20260722_233914,Ministral-3-8B-Instruct-2512,e5,simple,e5/simple,593,DIE LINKE,5,0.9249,0.9213,0.9228799999999999,2.547000000000081e-06,0.0036000000000000476,1.2,1.3,0.10000000000000009
eval_20260722_233914,Ministral-3-8B-Instruct-2512,e5,simple,e5/simple,499,DIE LINKE,5,0.9223,0.9162,0.91844,6.143000000000047e-06,0.006099999999999994,1.1,1.3,0.19999999999999996
eval_20260722_233914,Ministral-3-8B-Instruct-2512,e5,simple,e5/simple,139,AfD,5,0.9117,0.9048,0.90754,7.392999999999869e-06,0.006899999999999906,7.0,6.5,0.5
eval_20260722_233914,Ministral-3-8B-Instruct-2512,e5,simple,e5/simple,63,BÜNDNIS 90/DIE GRÜNEN,5,0.906,0.9009,0.90302,3.8520000000000175e-06,0.005099999999999993,5.8,2.4,3.4
eval_20260722_233914,Ministral-3-8B-Instruct-2512,e5,simple,e5/simple,472,DIE LINKE,5,0.9133,0.9068,0.9091799999999999,6.996999999999952e-06,0.00649999999999995,1.2,1.3,0.10000000000000009
eval_20260722_233914,Ministral-3-8B-Instruct-2512,e5,simple,e5/simple,648,SPD,5,0.9145,0.9033,0.908,1.949499999999994e-05,0.011199999999999988,6.8,2.7,4.1
eval_20260722_233914,Ministral-3-8B-Instruct-2512,e5,simple,e5/simple,129,AfD,5,0.9216,0.9144,0.91716,9.062999999999972e-06,0.007199999999999984,7.0,6.5,0.5
eval_20260722_233914,Ministral-3-8B-Instruct-2512,e5,simple,e5/simple,799,SPD,5,0.9217,0.9147,0.91738,8.006999999999946e-06,0.007000000000000006,5.8,2.7,3.0999999999999996
eval_20260722_233914,Ministral-3-8B-Instruct-2512,e5,simple,e5/simple,521,DIE LINKE,5,0.9104,0.9075,0.909,1.3849999999999893e-06,0.0029000000000000137,2.8,1.3,1.4999999999999998
eval_20260722_233914,Ministral-3-8B-Instruct-2512,e5,simple,e5/simple,65,BÜNDNIS 90/DIE GRÜNEN,5,0.923,0.922,0.9224399999999999,2.230000000000075e-07,0.0010000000000000009,4.2,2.4,1.8000000000000003
eval_20260722_233914,Ministral-3-8B-Instruct-2512,e5,simple,e5/simple,14,BÜNDNIS 90/DIE GRÜNEN,5,0.9275,0.9225,0.9243600000000001,3.507999999999999e-06,0.0050000000000000044,6.2,2.4,3.8000000000000003
eval_20260722_233914,Ministral-3-8B-Instruct-2512,e5,simple,e5/simple,157,AfD,5,0.901,0.8957,0.8978999999999999,4.099999999999946e-06,0.005299999999999971,6.8,6.5,0.2999999999999998
eval_20260722_233914,Ministral-3-8B-Instruct-2512,e5,simple,e5/simple,40,AfD,5,0.9287,0.924,0.92614,4.332999999999877e-06,0.0046999999999999265,5.8,6.5,0.7000000000000002
eval_20260722_233914,Ministral-3-8B-Instruct-2512,e5,simple,e5/simple,493,DIE LINKE,5,0.9259,0.9158,0.9193199999999999,1.5216999999999904e-05,0.010099999999999998,1.2,1.3,0.10000000000000009
eval_20260722_233914,Ministral-3-8B-Instruct-2512,e5,simple,e5/simple,380,FDP,5,0.8994,0.8929,0.89656,6.712999999999903e-06,0.00649999999999995,6.8,4.3,2.5
eval_20260722_233914,Ministral-3-8B-Instruct-2512,e5,simple,e5/simple,188,AfD,5,0.9256,0.9191,0.92228,8.646999999999938e-06,0.00649999999999995,7.0,6.5,0.5
eval_20260722_233914,Ministral-3-8B-Instruct-2512,e5,simple,e5/simple,217,BÜNDNIS 90/DIE GRÜNEN,5,0.9059,0.9026,0.9036799999999999,1.7870000000000483e-06,0.0033000000000000806,4.5,2.4,2.1
eval_20260722_233914,Ministral-3-8B-Instruct-2512,e5,simple,e5/simple,53,BÜNDNIS 90/DIE GRÜNEN,5,0.9227,0.9174,0.9187,5.04499999999996e-06,0.005299999999999971,6.9,2.4,4.5
eval_20260722_233914,Ministral-3-8B-Instruct-2512,e5,simple,e5/simple,338,CDU,5,0.9121,0.9089,0.9101000000000001,1.8450000000000154e-06,0.0031999999999999806,3.2,4.7,1.5
eval_20260722_233914,Ministral-3-8B-Instruct-2512,e5,simple,e5/simple,720,SPD,5,0.9134,0.9101,0.9113199999999999,1.6219999999999872e-06,0.0032999999999999696,6.5,2.7,3.8
eval_20260722_233914,Ministral-3-8B-Instruct-2512,e5,simple,e5/simple,725,SPD,5,0.9266,0.9239,0.92502,1.3369999999999175e-06,0.0026999999999999247,6.5,2.7,3.8
eval_20260722_233914,Ministral-3-8B-Instruct-2512,e5,simple,e5/simple,296,BÜNDNIS 90/DIE GRÜNEN,5,0.9282,0.9124,0.9188600000000001,4.9418000000000346e-05,0.015800000000000036,4.2,2.4,1.8000000000000003
eval_20260722_233914,Ministral-3-8B-Instruct-2512,e5,simple,e5/simple,702,SPD,5,0.9208,0.916,0.91788,3.286999999999879e-06,0.0047999999999999154,2.8,2.7,0.09999999999999964
eval_20260722_233914,Ministral-3-8B-Instruct-2512,e5,simple,e5/simple,252,BÜNDNIS 90/DIE GRÜNEN,5,0.927,0.9221,0.9247799999999999,5.546999999999968e-06,0.0049000000000000155,2.1,2.4,0.2999999999999998
eval_20260722_233914,Ministral-3-8B-Instruct-2512,e5,simple,e5/simple,727,SPD,5,0.9224,0.9153,0.9181800000000001,7.70699999999995e-06,0.007099999999999995,4.5,2.7,1.7999999999999998
eval_20260722_233914,Ministral-3-8B-Instruct-2512,e5,simple,e5/simple,462,DIE LINKE,5,0.9188,0.9135,0.9151,4.64499999999996e-06,0.005299999999999971,4.2,1.3,2.9000000000000004
eval_20260722_233914,Ministral-3-8B-Instruct-2512,e5,simple,e5/simple,456,DIE LINKE,5,0.9069,0.9022,0.9036199999999999,3.542000000000027e-06,0.0047000000000000375,6.5,1.3,5.2
eval_20260722_233914,Ministral-3-8B-Instruct-2512,e5,simple,e5/simple,270,BÜNDNIS 90/DIE GRÜNEN,5,0.9142,0.9134,0.9137600000000001,1.230000000000129e-07,0.0008000000000000229,1.2,2.4,1.2
eval_20260722_233914,Ministral-3-8B-Instruct-2512,e5,simple,e5/simple,202,AfD,5,0.8964,0.8933,0.8941799999999999,1.6970000000000028e-06,0.0030999999999999917,6.8,6.5,0.2999999999999998
eval_20260722_233914,Ministral-3-8B-Instruct-2512,e5,simple,e5/simple,556,DIE LINKE,5,0.9166,0.9112,0.91334,4.067999999999961e-06,0.00539999999999996,1.2,1.3,0.10000000000000009
eval_20260722_233914,Ministral-3-8B-Instruct-2512,e5,simple,e5/simple,730,SPD,5,0.9171,0.9144,0.91572,1.3970000000000397e-06,0.0027000000000000357,4.2,2.7,1.5
eval_20260722_233914,Ministral-3-8B-Instruct-2512,e5,simple,e5/simple,402,FDP,5,0.9216,0.9185,0.91936,1.6630000000000032e-06,0.0030999999999999917,3.2,4.3,1.0999999999999996
eval_20260722_233914,Ministral-3-8B-Instruct-2512,e5,simple,e5/simple,703,SPD,5,0.9224,0.9129,0.9152799999999999,1.6276999999999936e-05,0.009499999999999953,4.5,2.7,1.7999999999999998
eval_20260722_233914,Ministral-3-8B-Instruct-2512,e5,simple,e5/simple,477,DIE LINKE,5,0.935,0.9301,0.9317200000000001,3.7070000000000638e-06,0.0049000000000000155,2.1,1.3,0.8
eval_20260722_233914,Ministral-3-8B-Instruct-2512,e5,simple,e5/simple,106,BÜNDNIS 90/DIE GRÜNEN,5,0.9135,0.9082,0.91076,5.382999999999879e-06,0.005299999999999971,3.2,2.4,0.8000000000000003
eval_20260722_233914,Ministral-3-8B-Instruct-2512,e5,simple,e5/simple,566,DIE LINKE,5,0.9227,0.9173,0.9196799999999999,5.00199999999996e-06,0.00539999999999996,1.2,1.3,0.10000000000000009
eval_20260722_233914,Ministral-3-8B-Instruct-2512,e5,simple,e5/simple,390,FDP,5,0.9095,0.8973,0.9013,2.327499999999995e-05,0.012199999999999989,2.1,4.3,2.1999999999999997
eval_20260722_233914,Ministral-3-8B-Instruct-2512,e5,simple,e5/simple,1,CDU/CSU,5,0.9273,0.9153,0.91798,2.7197000000000102e-05,0.01200000000000001,4.2,4.7,0.5
eval_20260722_233914,Ministral-3-8B-Instruct-2512,e5,simple,e5/simple,768,SPD,5,0.9376,0.9197,0.9253600000000001,6.229300000000001e-05,0.017900000000000027,5.8,2.7,3.0999999999999996
eval_20260722_233914,Ministral-3-8B-Instruct-2512,e5,simple,e5/simple,562,DIE LINKE,5,0.9166,0.9136,0.9147799999999998,1.5720000000000169e-06,0.0030000000000000027,2.1,1.3,0.8
eval_20260722_233914,Ministral-3-8B-Instruct-2512,e5,simple,e5/simple,81,BÜNDNIS 90/DIE GRÜNEN,5,0.9176,0.9068,0.9120799999999999,2.0431999999999834e-05,0.01079999999999992,4.5,2.4,2.1
eval_20260722_233914,Ministral-3-8B-Instruct-2512,e5,simple,e5/simple,206,AfD,5,0.9308,0.9212,0.9253399999999999,1.326799999999984e-05,0.009599999999999942,7.0,6.5,0.5
eval_20260722_233914,Ministral-3-8B-Instruct-2512,e5,simple,e5/simple,34,AfD,5,0.9201,0.9142,0.9157,6.130000000000076e-06,0.005900000000000016,6.9,6.5,0.40000000000000036
eval_20260722_233914,Ministral-3-8B-Instruct-2512,e5,simple,e5/simple,509,DIE LINKE,5,0.9245,0.9138,0.91914,2.079800000000008e-05,0.010700000000000043,5.8,1.3,4.5
eval_20260722_233914,Ministral-3-8B-Instruct-2512,e5,simple,e5/simple,428,DIE LINKE,5,0.9198,0.917,0.9182,1.4199999999999424e-06,0.0027999999999999137,2.1,1.3,0.8
eval_20260722_233914,Ministral-3-8B-Instruct-2512,e5,simple,e5/simple,455,DIE LINKE,5,0.9259,0.9146,0.91822,2.0381999999999836e-05,0.011299999999999977,1.2,1.3,0.10000000000000009
eval_20260722_233914,Ministral-3-8B-Instruct-2512,e5,simple,e5/simple,367,FDP,5,0.9126,0.9067,0.9089,5.859999999999925e-06,0.005900000000000016,3.2,4.3,1.0999999999999996
eval_20260722_233914,Ministral-3-8B-Instruct-2512,e5,simple,e5/simple,92,AfD,5,0.902,0.8999,0.9010999999999999,8.099999999999881e-07,0.0020999999999999908,6.8,6.5,0.2999999999999998
eval_20260722_233914,Ministral-3-8B-Instruct-2512,e5,simple,e5/simple,340,CDU,5,0.9092,0.9069,0.90808,1.1469999999999805e-06,0.0022999999999999687,4.5,4.7,0.20000000000000018
eval_20260722_233914,Ministral-3-8B-Instruct-2512,e5,simple,e5/simple,565,DIE LINKE,5,0.9334,0.9217,0.92662,2.0117000000000133e-05,0.011700000000000044,1.2,1.3,0.10000000000000009
eval_20260722_233914,Ministral-3-8B-Instruct-2512,e5,simple,e5/simple,346,CSU,5,0.9174,0.9131,0.9144400000000001,3.1029999999999583e-06,0.0042999999999999705,3.2,5.4,2.2
eval_20260722_233914,Ministral-3-8B-Instruct-2512,e5,simple,e5/simple,242,BÜNDNIS 90/DIE GRÜNEN,5,0.9032,0.8978,0.89944,5.502999999999927e-06,0.00539999999999996,4.5,2.4,2.1
eval_20260722_233914,Ministral-3-8B-Instruct-2512,e5,simple,e5/simple,13,BÜNDNIS 90/DIE GRÜNEN,5,0.9084,0.9022,0.90358,7.272000000000004e-06,0.006199999999999983,2.1,2.4,0.2999999999999998
eval_20260722_233914,Ministral-3-8B-Instruct-2512,e5,simple,e5/simple,316,BÜNDNIS 90/DIE GRÜNEN,5,0.9095,0.9063,0.9077399999999999,1.8730000000000382e-06,0.0031999999999999806,4.0,2.4,1.6
eval_20260722_233914,Ministral-3-8B-Instruct-2512,e5,simple,e5/simple,388,FDP,5,0.9311,0.9195,0.9237,2.399500000000033e-05,0.011600000000000055,6.9,4.3,2.6000000000000005
eval_20260722_233914,Ministral-3-8B-Instruct-2512,e5,simple,e5/simple,274,BÜNDNIS 90/DIE GRÜNEN,5,0.9173,0.9123,0.91502,4.237000000000013e-06,0.0050000000000000044,2.8,2.4,0.3999999999999999
eval_20260722_233914,Ministral-3-8B-Instruct-2512,e5,simple,e5/simple,167,AfD,5,0.9246,0.9195,0.9214,4.104999999999951e-06,0.005099999999999993,7.0,6.5,0.5
eval_20260722_233914,Ministral-3-8B-Instruct-2512,e5,simple,e5/simple,814,SPD,5,0.9039,0.8997,0.9018600000000001,2.842999999999982e-06,0.0041999999999999815,1.2,2.7,1.5000000000000002
eval_20260722_233914,Ministral-3-8B-Instruct-2512,e5,simple,e5/simple,647,SPD,5,0.9099,0.9062,0.9080400000000001,2.0730000000000617e-06,0.0037000000000000366,1.2,2.7,1.5000000000000002
eval_20260722_233914,Ministral-3-8B-Instruct-2512,e5,simple,e5/simple,485,DIE LINKE,5,0.9101,0.9005,0.9030799999999999,1.5692000000000134e-05,0.009600000000000053,6.5,1.3,5.2
eval_20260722_233914,Ministral-3-8B-Instruct-2512,e5,simple,e5/simple,803,SPD,5,0.9236,0.9174,0.92018,5.682000000000017e-06,0.006199999999999983,4.5,2.7,1.7999999999999998
eval_20260722_233914,Ministral-3-8B-Instruct-2512,e5,simple,e5/simple,505,DIE LINKE,5,0.9171,0.9113,0.9129799999999999,5.557000000000012e-06,0.005800000000000027,6.5,1.3,5.2
eval_20260722_233914,Ministral-3-8B-Instruct-2512,e5,simple,e5/simple,244,BÜNDNIS 90/DIE GRÜNEN,5,0.9344,0.9292,0.93208,4.676999999999961e-06,0.005199999999999982,1.2,2.4,1.2
eval_20260722_233914,Ministral-3-8B-Instruct-2512,e5,simple,e5/simple,567,DIE LINKE,5,0.9281,0.9233,0.92494,4.5330000000000886e-06,0.0048000000000000265,1.2,1.3,0.10000000000000009
eval_20260722_233914,Ministral-3-8B-Instruct-2512,e5,simple,e5/simple,563,DIE LINKE,5,0.9034,0.8992,0.9017199999999999,3.896999999999933e-06,0.0041999999999999815,1.1,1.3,0.19999999999999996
eval_20260722_233914,Ministral-3-8B-Instruct-2512,e5,simple,e5/simple,687,SPD,5,0.9092,0.9037,0.90596,4.013000000000083e-06,0.00550000000000006,3.5,2.7,0.7999999999999998
eval_20260722_233914,Ministral-3-8B-Instruct-2512,e5,simple,e5/simple,190,AfD,5,0.9238,0.915,0.9179999999999999,1.2214999999999796e-05,0.008799999999999919,7.0,6.5,0.5
eval_20260722_233914,Ministral-3-8B-Instruct-2512,e5,simple,e5/simple,700,SPD,5,0.9236,0.913,0.916,1.925499999999986e-05,0.010599999999999943,4.5,2.7,1.7999999999999998
eval_20260722_233914,Ministral-3-8B-Instruct-2512,e5,simple,e5/simple,476,DIE LINKE,5,0.9062,0.9033,0.9046200000000001,1.6670000000000126e-06,0.0029000000000000137,7.0,1.3,5.7
eval_20260722_233914,Ministral-3-8B-Instruct-2512,e5,simple,e5/simple,682,SPD,5,0.9142,0.9052,0.9077,1.447000000000011e-05,0.009000000000000008,4.5,2.7,1.7999999999999998
eval_20260722_233914,Ministral-3-8B-Instruct-2512,e5,simple,e5/simple,511,DIE LINKE,5,0.9189,0.9109,0.9161400000000001,1.0512999999999955e-05,0.008000000000000007,1.2,1.3,0.10000000000000009
eval_20260722_233914,Ministral-3-8B-Instruct-2512,e5,simple,e5/simple,59,BÜNDNIS 90/DIE GRÜNEN,5,0.9358,0.928,0.93118,9.661999999999785e-06,0.007799999999999918,3.8,2.4,1.4
eval_20260722_233914,Ministral-3-8B-Instruct-2512,e5,simple,e5/simple,475,DIE LINKE,5,0.9202,0.917,0.9182599999999999,1.7779999999999635e-06,0.0031999999999999806,7.0,1.3,5.7
eval_20260722_233914,Ministral-3-8B-Instruct-2512,e5,simple,e5/simple,561,DIE LINKE,5,0.9201,0.912,0.91504,1.0373000000000051e-05,0.008099999999999996,1.2,1.3,0.10000000000000009
eval_20260722_233914,Ministral-3-8B-Instruct-2512,e5,simple,e5/simple,748,SPD,5,0.9196,0.9114,0.91432,1.1212000000000012e-05,0.008199999999999985,2.1,2.7,0.6000000000000001
eval_20260722_233914,Ministral-3-8B-Instruct-2512,e5,simple,e5/simple,253,BÜNDNIS 90/DIE GRÜNEN,5,0.9116,0.9081,0.9096399999999999,2.022999999999963e-06,0.0034999999999999476,3.2,2.4,0.8000000000000003
eval_20260722_233914,Ministral-3-8B-Instruct-2512,e5,simple,e5/simple,21,BÜNDNIS 90/DIE GRÜNEN,5,0.913,0.9055,0.90832,9.092000000000078e-06,0.007500000000000062,7.0,2.4,4.6
eval_20260722_233914,Ministral-3-8B-Instruct-2512,e5,simple,e5/simple,314,BÜNDNIS 90/DIE GRÜNEN,5,0.9326,0.9206,0.92736,3.288299999999995e-05,0.01200000000000001,3.8,2.4,1.4
eval_20260722_233914,Ministral-3-8B-Instruct-2512,e5,simple,e5/simple,460,DIE LINKE,5,0.9188,0.9134,0.9160600000000001,4.952999999999932e-06,0.00539999999999996,2.1,1.3,0.8
eval_20260722_233914,Ministral-3-8B-Instruct-2512,e5,simple,e5/simple,161,AfD,5,0.9223,0.9191,0.9208599999999999,1.4129999999999819e-06,0.0031999999999999806,7.0,6.5,0.5
eval_20260722_233914,Ministral-3-8B-Instruct-2512,e5,simple,e5/simple,277,BÜNDNIS 90/DIE GRÜNEN,5,0.9114,0.9053,0.90732,5.66699999999999e-06,0.006099999999999994,4.5,2.4,2.1
eval_20260722_233914,Ministral-3-8B-Instruct-2512,e5,simple,e5/simple,192,AfD,5,0.926,0.9214,0.92304,3.523000000000083e-06,0.0046000000000000485,7.0,6.5,0.5
eval_20260722_233914,Ministral-3-8B-Instruct-2512,e5,simple,e5/simple,386,FDP,5,0.9265,0.92,0.9231400000000001,8.42299999999993e-06,0.00649999999999995,4.2,4.3,0.09999999999999964
eval_20260722_233914,Ministral-3-8B-Instruct-2512,e5,simple,e5/simple,414,FDP,5,0.9269,0.9222,0.9235599999999999,3.6579999999998848e-06,0.0046999999999999265,5.8,4.3,1.5
eval_20260722_233914,Ministral-3-8B-Instruct-2512,e5,simple,e5/simple,492,DIE LINKE,5,0.9228,0.9158,0.91744,9.10299999999987e-06,0.007000000000000006,3.8,1.3,2.5
eval_20260722_233914,Ministral-3-8B-Instruct-2512,e5,simple,e5/simple,344,CSU,5,0.9173,0.9147,0.9155800000000001,1.0870000000000438e-06,0.0026000000000000467,3.2,5.4,2.2
eval_20260722_233914,Ministral-3-8B-Instruct-2512,e5,simple,e5/simple,770,SPD,5,0.9174,0.9111,0.91396,6.382999999999929e-06,0.006299999999999972,3.2,2.7,0.5
eval_20260722_233914,Ministral-3-8B-Instruct-2512,e5,simple,e5/simple,309,BÜNDNIS 90/DIE GRÜNEN,5,0.9318,0.922,0.92702,1.385199999999977e-05,0.00979999999999992,4.5,2.4,2.1
eval_20260722_233914,Ministral-3-8B-Instruct-2512,e5,simple,e5/simple,662,SPD,5,0.9095,0.9031,0.90502,6.566999999999903e-06,0.006399999999999961,2.1,2.7,0.6000000000000001
eval_20260722_233914,Ministral-3-8B-Instruct-2512,e5,simple,e5/simple,131,AfD,5,0.9199,0.9171,0.9185000000000002,1.28500000000005e-06,0.0028000000000000247,6.8,6.5,0.2999999999999998
eval_20260722_233914,Ministral-3-8B-Instruct-2512,e5,simple,e5/simple,664,SPD,5,0.9234,0.921,0.9216200000000001,1.006999999999976e-06,0.0023999999999999577,1.2,2.7,1.5000000000000002
eval_20260722_233914,Ministral-3-8B-Instruct-2512,e5,simple,e5/simple,100,BÜNDNIS 90/DIE GRÜNEN,5,0.917,0.9149,0.91604,7.429999999999885e-07,0.0020999999999999908,3.2,2.4,0.8000000000000003
eval_20260722_233914,Ministral-3-8B-Instruct-2512,e5,simple,e5/simple,373,FDP,5,0.8984,0.8978,0.8981,6.499999999998568e-08,0.0005999999999999339,5.8,4.3,1.5
eval_20260722_233914,Ministral-3-8B-Instruct-2512,e5,simple,e5/simple,88,BÜNDNIS 90/DIE GRÜNEN,5,0.93,0.923,0.9257799999999999,8.311999999999991e-06,0.007000000000000006,3.2,2.4,0.8000000000000003
eval_20260722_233914,Ministral-3-8B-Instruct-2512,e5,simple,e5/simple,459,DIE LINKE,5,0.9193,0.9148,0.9168199999999999,4.047000000000028e-06,0.0045000000000000595,5.8,1.3,4.5
eval_20260722_233914,Ministral-3-8B-Instruct-2512,e5,simple,e5/simple,331,CDU,5,0.9175,0.9128,0.9148999999999999,3.245000000000001e-06,0.0047000000000000375,2.8,4.7,1.9000000000000004
eval_20260722_233914,Ministral-3-8B-Instruct-2512,e5,simple,e5/simple,467,DIE LINKE,5,0.9388,0.9293,0.9335799999999999,1.6696999999999966e-05,0.009499999999999953,1.1,1.3,0.19999999999999996
eval_20260722_233914,Ministral-3-8B-Instruct-2512,e5,simple,e5/simple,122,AfD,5,0.9217,0.9033,0.9097799999999999,5.667199999999983e-05,0.018399999999999972,6.8,6.5,0.2999999999999998
eval_20260722_233914,Ministral-3-8B-Instruct-2512,e5,simple,e5/simple,615,SPD,5,0.9182,0.915,0.9166000000000001,2.284999999999941e-06,0.0031999999999999806,6.5,2.7,3.8
eval_20260722_233914,Ministral-3-8B-Instruct-2512,e5,simple,e5/simple,20,BÜNDNIS 90/DIE GRÜNEN,5,0.9272,0.9195,0.9221999999999999,8.940000000000013e-06,0.00770000000000004,1.5,2.4,0.8999999999999999
eval_20260722_233914,Ministral-3-8B-Instruct-2512,e5,simple,e5/simple,701,SPD,5,0.924,0.9215,0.9229800000000001,1.2369999999999972e-06,0.0025000000000000577,5.8,2.7,3.0999999999999996
eval_20260722_233914,Ministral-3-8B-Instruct-2512,e5,simple,e5/simple,107,CDU/CSU,5,0.9225,0.9185,0.92012,2.912000000000044e-06,0.0040000000000000036,1.2,4.7,3.5
eval_20260722_233914,Ministral-3-8B-Instruct-2512,e5,simple,e5/simple,271,BÜNDNIS 90/DIE GRÜNEN,5,0.9212,0.9126,0.91522,1.1792000000000105e-05,0.008600000000000052,3.2,2.4,0.8000000000000003
eval_20260722_233914,Ministral-3-8B-Instruct-2512,e5,simple,e5/simple,436,DIE LINKE,5,0.9189,0.9118,0.9157000000000002,6.504999999999977e-06,0.007099999999999995,5.8,1.3,4.5
eval_20260722_233914,Ministral-3-8B-Instruct-2512,e5,simple,e5/simple,103,BÜNDNIS 90/DIE GRÜNEN,5,0.927,0.9166,0.9215,1.8775000000000348e-05,0.010400000000000076,6.8,2.4,4.4
eval_20260722_233914,Ministral-3-8B-Instruct-2512,e5,twostage,e5/twostage,334,CDU,5,3.7548,3.1858,3.45606,0.061546927999999994,0.569,6.5,4.7,1.7999999999999998
eval_20260722_233914,Ministral-3-8B-Instruct-2512,e5,twostage,e5/twostage,68,BÜNDNIS 90/DIE GRÜNEN,5,0.5846,-1.8905,-0.833,1.1305356150000003,2.4751000000000003,7.0,2.4,4.6
eval_20260722_233914,Ministral-3-8B-Instruct-2512,e5,twostage,e5/twostage,683,SPD,5,-0.0667,-3.4191,-2.3127000000000004,1.7078484349999998,3.3524,5.8,2.7,3.0999999999999996
eval_20260722_233914,Ministral-3-8B-Instruct-2512,e5,twostage,e5/twostage,399,FDP,5,-0.004,-1.6141,-1.1764800000000002,0.43894783700000006,1.6101,5.8,4.3,1.5
eval_20260722_233914,Ministral-3-8B-Instruct-2512,e5,twostage,e5/twostage,216,BÜNDNIS 90/DIE GRÜNEN,5,4.8664,4.0521,4.38976,0.11865168299999987,0.8142999999999994,2.1,2.4,0.2999999999999998
eval_20260722_233914,Ministral-3-8B-Instruct-2512,e5,twostage,e5/twostage,807,SPD,5,4.4128,2.5781,3.2283999999999997,0.6238612099999999,1.8346999999999998,4.2,2.7,1.5
eval_20260722_233914,Ministral-3-8B-Instruct-2512,e5,twostage,e5/twostage,87,BÜNDNIS 90/DIE GRÜNEN,5,-0.8963,-1.7042,-1.3133599999999999,0.14548784299999998,0.8079,3.2,2.4,0.8000000000000003
eval_20260722_233914,Ministral-3-8B-Instruct-2512,e5,twostage,e5/twostage,539,DIE LINKE,5,0.5323,-1.4841,-0.34512,0.665533347,2.0164,4.5,1.3,3.2
eval_20260722_233914,Ministral-3-8B-Instruct-2512,e5,twostage,e5/twostage,713,SPD,5,-2.9661,-4.8381,-4.3611200000000006,0.633356347,1.8719999999999999,4.5,2.7,1.7999999999999998
eval_20260722_233914,Ministral-3-8B-Instruct-2512,e5,twostage,e5/twostage,522,DIE LINKE,5,-0.7928,-3.5515,-2.8263799999999994,1.315249967,2.7587,3.2,1.3,1.9000000000000001
eval_20260722_233914,Ministral-3-8B-Instruct-2512,e5,twostage,e5/twostage,772,SPD,5,1.9034,-3.7929,-2.08988,5.605335337,5.6963,3.2,2.7,0.5
eval_20260722_233914,Ministral-3-8B-Instruct-2512,e5,twostage,e5/twostage,435,DIE LINKE,5,1.0875,-1.963,-1.09398,1.524454587,3.0505,1.1,1.3,0.19999999999999996
eval_20260722_233914,Ministral-3-8B-Instruct-2512,e5,twostage,e5/twostage,30,AfD,5,4.1143,1.3253,2.33786,1.2269490730000001,2.789,7.0,6.5,0.5
eval_20260722_233914,Ministral-3-8B-Instruct-2512,e5,twostage,e5/twostage,776,SPD,5,-2.1863,-4.2256,-3.32304,0.839944423,2.0393,4.5,2.7,1.7999999999999998
eval_20260722_233914,Ministral-3-8B-Instruct-2512,e5,twostage,e5/twostage,434,DIE LINKE,5,0.5959,-2.6365,-1.4782199999999999,1.732986397,3.2323999999999997,1.2,1.3,0.10000000000000009
eval_20260722_233914,Ministral-3-8B-Instruct-2512,e5,twostage,e5/twostage,39,AfD,5,2.5432,0.7761,1.52532,0.532975127,1.7671000000000001,6.8,6.5,0.2999999999999998
eval_20260722_233914,Ministral-3-8B-Instruct-2512,e5,twostage,e5/twostage,213,BÜNDNIS 90/DIE GRÜNEN,5,-1.4192,-2.117,-1.7690599999999996,0.084785108,0.6978,,2.4,
eval_20260722_233914,Ministral-3-8B-Instruct-2512,e5,twostage,e5/twostage,292,BÜNDNIS 90/DIE GRÜNEN,5,2.0736,0.1554,1.0553000000000001,0.61860982,1.9182,2.1,2.4,0.2999999999999998
eval_20260722_233914,Ministral-3-8B-Instruct-2512,e5,twostage,e5/twostage,782,SPD,5,1.4798,-0.8366,0.4165000000000001,1.09924146,2.3164,2.8,2.7,0.09999999999999964
eval_20260722_233914,Ministral-3-8B-Instruct-2512,e5,twostage,e5/twostage,451,DIE LINKE,5,0.0917,-1.7135,-1.09842,0.4830582069999999,1.8052000000000001,1.2,1.3,0.10000000000000009
eval_20260722_233914,Ministral-3-8B-Instruct-2512,e5,twostage,e5/twostage,205,AfD,5,0.4368,-2.5062,-1.05898,1.6610089170000002,2.943,1.2,6.5,5.3
eval_20260722_233914,Ministral-3-8B-Instruct-2512,e5,twostage,e5/twostage,327,CDU,5,-2.6638,-3.8256,-3.2998000000000003,0.21822170499999993,1.1618,4.5,4.7,0.20000000000000018
eval_20260722_233914,Ministral-3-8B-Instruct-2512,e5,twostage,e5/twostage,708,SPD,5,0.42,-1.9156,-0.92372,0.7457095069999999,2.3356,3.2,2.7,0.5
eval_20260722_233914,Ministral-3-8B-Instruct-2512,e5,twostage,e5/twostage,251,BÜNDNIS 90/DIE GRÜNEN,5,5.8379,1.3806,3.86276,3.372563273000001,4.4573,3.2,2.4,0.8000000000000003
eval_20260722_233914,Ministral-3-8B-Instruct-2512,e5,twostage,e5/twostage,577,DIE LINKE,5,0.5198,-2.1878,-0.9749800000000001,1.5237736220000002,2.7076000000000002,7.0,1.3,5.7
eval_20260722_233914,Ministral-3-8B-Instruct-2512,e5,twostage,e5/twostage,197,AfD,5,-1.6003,-3.3403,-2.4394599999999995,0.43535267299999997,1.74,7.0,6.5,0.5
eval_20260722_233914,Ministral-3-8B-Instruct-2512,e5,twostage,e5/twostage,345,CSU,5,-0.9744,-2.5149,-2.0227200000000005,0.3658659869999999,1.5404999999999998,5.8,5.4,0.39999999999999947
eval_20260722_233914,Ministral-3-8B-Instruct-2512,e5,twostage,e5/twostage,741,SPD,5,3.2283,-0.2562,1.6157599999999999,2.1544692530000003,3.4844999999999997,,2.7,
eval_20260722_233914,Ministral-3-8B-Instruct-2512,e5,twostage,e5/twostage,339,CDU,5,-2.5067,-3.8453,-3.17144,0.26886748799999993,1.3386,6.8,4.7,2.0999999999999996
eval_20260722_233914,Ministral-3-8B-Instruct-2512,e5,twostage,e5/twostage,706,SPD,5,-1.201,-4.185,-2.97082,1.4015722619999997,2.9839999999999995,6.5,2.7,3.8
eval_20260722_233914,Ministral-3-8B-Instruct-2512,e5,twostage,e5/twostage,528,DIE LINKE,5,0.8274,-2.2112,-0.91462,2.190795832,3.0385999999999997,7.0,1.3,5.7
eval_20260722_233914,Ministral-3-8B-Instruct-2512,e5,twostage,e5/twostage,138,AfD,5,-2.5212,-4.3044,-3.468940000000001,0.7627075980000002,1.7832000000000003,7.0,6.5,0.5
eval_20260722_233914,Ministral-3-8B-Instruct-2512,e5,twostage,e5/twostage,353,FDP,5,-5.75,-7.0603,-6.44982,0.3279543669999999,1.3102999999999998,4.5,4.3,0.20000000000000018
eval_20260722_233914,Ministral-3-8B-Instruct-2512,e5,twostage,e5/twostage,617,SPD,5,-2.4809,-3.1541,-2.8419800000000004,0.058836031999999996,0.6732,,2.7,
eval_20260722_233914,Ministral-3-8B-Instruct-2512,e5,twostage,e5/twostage,66,BÜNDNIS 90/DIE GRÜNEN,5,-0.0069,-1.8347,-1.0894,0.6259214049999999,1.8278,5.8,2.4,3.4
eval_20260722_233914,Ministral-3-8B-Instruct-2512,e5,twostage,e5/twostage,64,BÜNDNIS 90/DIE GRÜNEN,5,3.0541,-0.9428,0.47077999999999987,2.3527132269999997,3.9969,5.8,2.4,3.4
eval_20260722_233914,Ministral-3-8B-Instruct-2512,e5,twostage,e5/twostage,671,SPD,5,-0.5358,-1.4975,-1.19002,0.16383334699999996,0.9617,5.8,2.7,3.0999999999999996
eval_20260722_233914,Ministral-3-8B-Instruct-2512,e5,twostage,e5/twostage,140,AfD,5,-2.4932,-3.9118,-3.3063200000000004,0.5338844369999999,1.4186,7.0,6.5,0.5
eval_20260722_233914,Ministral-3-8B-Instruct-2512,e5,twostage,e5/twostage,23,BÜNDNIS 90/DIE GRÜNEN,5,-2.096,-3.1715,-2.59268,0.19254754699999993,1.0755,2.8,2.4,0.3999999999999999
eval_20260722_233914,Ministral-3-8B-Instruct-2512,e5,twostage,e5/twostage,110,BÜNDNIS 90/DIE GRÜNEN,5,-2.1283,-3.5267,-2.92864,0.301526788,1.3984,,2.4,
eval_20260722_233914,Ministral-3-8B-Instruct-2512,e5,twostage,e5/twostage,212,AfD,5,-1.7995,-3.6493,-2.6021,0.4562038950000001,1.8498,7.0,6.5,0.5
eval_20260722_233914,Ministral-3-8B-Instruct-2512,e5,twostage,e5/twostage,558,DIE LINKE,5,4.046,-1.7991,-0.5782599999999999,6.684750953000001,5.8451,1.2,1.3,0.10000000000000009
eval_20260722_233914,Ministral-3-8B-Instruct-2512,e5,twostage,e5/twostage,240,BÜNDNIS 90/DIE GRÜNEN,5,1.5187,-0.7491,0.14616000000000004,0.844137393,2.2678,1.2,2.4,1.2
eval_20260722_233914,Ministral-3-8B-Instruct-2512,e5,twostage,e5/twostage,478,DIE LINKE,5,0.4338,-1.3078,-0.58494,0.467597943,1.7416,3.2,1.3,1.9000000000000001
eval_20260722_233914,Ministral-3-8B-Instruct-2512,e5,twostage,e5/twostage,214,BÜNDNIS 90/DIE GRÜNEN,5,4.5165,-0.3606,0.9915200000000001,3.990529787,4.8770999999999995,1.5,2.4,0.8999999999999999
eval_20260722_233914,Ministral-3-8B-Instruct-2512,e5,twostage,e5/twostage,406,FDP,5,-0.4467,-2.293,-1.38726,0.7745770030000001,1.8463000000000003,2.8,4.3,1.5
eval_20260722_233914,Ministral-3-8B-Instruct-2512,e5,twostage,e5/twostage,67,BÜNDNIS 90/DIE GRÜNEN,5,-1.0305,-2.3255,-1.7807000000000002,0.4399234449999999,1.295,2.1,2.4,0.2999999999999998
eval_20260722_233914,Ministral-3-8B-Instruct-2512,e5,twostage,e5/twostage,680,SPD,5,-4.7521,-6.1315,-5.37946,0.3393187729999999,1.3793999999999995,7.0,2.7,4.3
eval_20260722_233914,Ministral-3-8B-Instruct-2512,e5,twostage,e5/twostage,530,DIE LINKE,5,0.3628,-0.9888,-0.45092,0.293391577,1.3516,3.2,1.3,1.9000000000000001
eval_20260722_233914,Ministral-3-8B-Instruct-2512,e5,twostage,e5/twostage,538,DIE LINKE,5,1.2967,-4.3517,-3.02048,5.887156682000001,5.6484000000000005,1.2,1.3,0.10000000000000009
eval_20260722_233914,Ministral-3-8B-Instruct-2512,e5,twostage,e5/twostage,653,SPD,5,0.1553,-3.1595,-1.67546,1.429281383,3.3148,3.2,2.7,0.5
eval_20260722_233914,Ministral-3-8B-Instruct-2512,e5,twostage,e5/twostage,335,CDU,5,-0.8285,-2.0807,-1.5499800000000001,0.3058834570000001,1.2522000000000002,4.5,4.7,0.20000000000000018
eval_20260722_233914,Ministral-3-8B-Instruct-2512,e5,twostage,e5/twostage,496,DIE LINKE,5,-0.8707,-3.6453,-2.3713200000000003,1.2101316020000001,2.7746000000000004,1.2,1.3,0.10000000000000009
eval_20260722_233914,Ministral-3-8B-Instruct-2512,e5,twostage,e5/twostage,804,SPD,5,1.1736,-1.1068,-0.009080000000000022,0.978188177,2.2804,4.5,2.7,1.7999999999999998
eval_20260722_233914,Ministral-3-8B-Instruct-2512,e5,twostage,e5/twostage,432,DIE LINKE,5,-2.3185,-3.4076,-2.89786,0.282957903,1.0891000000000002,2.1,1.3,0.8
eval_20260722_233914,Ministral-3-8B-Instruct-2512,e5,twostage,e5/twostage,569,DIE LINKE,5,-1.7904,-3.3077,-2.35412,0.38708575200000006,1.5173,5.8,1.3,4.5
eval_20260722_233914,Ministral-3-8B-Instruct-2512,e5,twostage,e5/twostage,801,SPD,5,-0.2641,-1.0177,-0.49068000000000006,0.09096688700000002,0.7536,2.1,2.7,0.6000000000000001
eval_20260722_233914,Ministral-3-8B-Instruct-2512,e5,twostage,e5/twostage,783,SPD,5,7.8098,5.0495,6.65016,1.384446113,2.7603,2.1,2.7,0.6000000000000001
eval_20260722_233914,Ministral-3-8B-Instruct-2512,e5,twostage,e5/twostage,817,SPD,5,0.9168,-3.3461,-1.2064599999999999,2.7766001529999995,4.2629,2.1,2.7,0.6000000000000001
eval_20260722_233914,Ministral-3-8B-Instruct-2512,e5,twostage,e5/twostage,546,DIE LINKE,5,-0.3592,-3.2305,-1.63764,1.7226548130000001,2.8713,1.3,1.3,0.0
eval_20260722_233914,Ministral-3-8B-Instruct-2512,e5,twostage,e5/twostage,381,FDP,5,3.149,-0.8796,1.1445200000000002,3.2340490170000002,4.0286,4.5,4.3,0.20000000000000018
eval_20260722_233914,Ministral-3-8B-Instruct-2512,e5,twostage,e5/twostage,775,SPD,5,0.3435,-0.7282,0.010120000000000018,0.18076791699999997,1.0716999999999999,4.5,2.7,1.7999999999999998
eval_20260722_233914,Ministral-3-8B-Instruct-2512,e5,twostage,e5/twostage,261,BÜNDNIS 90/DIE GRÜNEN,5,0.013,-2.8832,-1.9038600000000003,1.2848620179999999,2.8962,2.8,2.4,0.3999999999999999
eval_20260722_233914,Ministral-3-8B-Instruct-2512,e5,twostage,e5/twostage,507,DIE LINKE,5,-3.4231,-4.7942,-4.23996,0.2579301380000001,1.3711000000000002,3.2,1.3,1.9000000000000001
eval_20260722_233914,Ministral-3-8B-Instruct-2512,e5,twostage,e5/twostage,666,SPD,5,-4.1803,-4.7043,-4.36732,0.04973022200000002,0.524,3.2,2.7,0.5
eval_20260722_233914,Ministral-3-8B-Instruct-2512,e5,twostage,e5/twostage,369,FDP,5,-0.7581,-2.9908,-2.27334,0.8254310730000001,2.2327000000000004,,4.3,
eval_20260722_233914,Ministral-3-8B-Instruct-2512,e5,twostage,e5/twostage,50,CDU/CSU,5,0.1464,-1.0684,-0.41662,0.273844082,1.2148,4.2,4.7,0.5
eval_20260722_233914,Ministral-3-8B-Instruct-2512,e5,twostage,e5/twostage,97,AfD,5,1.5936,0.4271,0.94242,0.323371507,1.1664999999999999,7.0,6.5,0.5
eval_20260722_233914,Ministral-3-8B-Instruct-2512,e5,twostage,e5/twostage,777,SPD,5,-0.1228,-0.9714,-0.64652,0.125260927,0.8486,4.5,2.7,1.7999999999999998
eval_20260722_233914,Ministral-3-8B-Instruct-2512,e5,twostage,e5/twostage,651,SPD,5,-0.7988,-4.0018,-2.0774,1.8140281600000003,3.2030000000000003,3.8,2.7,1.0999999999999996
eval_20260722_233914,Ministral-3-8B-Instruct-2512,e5,twostage,e5/twostage,483,DIE LINKE,5,0.8203,-1.2981,-0.28656000000000004,0.6983177230000002,2.1184000000000003,1.2,1.3,0.10000000000000009
eval_20260722_233914,Ministral-3-8B-Instruct-2512,e5,twostage,e5/twostage,600,SPD,5,-0.939,-3.3221,-2.53864,0.8510922429999999,2.3830999999999998,4.5,2.7,1.7999999999999998
eval_20260722_233914,Ministral-3-8B-Instruct-2512,e5,twostage,e5/twostage,816,SPD,5,-0.3631,-1.9957,-1.27308,0.5173371769999999,1.6326,3.2,2.7,0.5
eval_20260722_233914,Ministral-3-8B-Instruct-2512,e5,twostage,e5/twostage,33,AfD,5,3.693,0.1772,0.96264,2.343870373,3.5158,6.9,6.5,0.40000000000000036
eval_20260722_233914,Ministral-3-8B-Instruct-2512,e5,twostage,e5/twostage,31,AfD,5,-2.7084,-4.0462,-3.55304,0.2683828929999999,1.3377999999999997,7.0,6.5,0.5
eval_20260722_233914,Ministral-3-8B-Instruct-2512,e5,twostage,e5/twostage,819,SPD,5,1.0714,-3.9439,-2.53732,4.285796422,5.0153,3.8,2.7,1.0999999999999996
eval_20260722_233914,Ministral-3-8B-Instruct-2512,e5,twostage,e5/twostage,494,DIE LINKE,5,1.6591,-1.6356,-0.11498,1.454179162,3.2946999999999997,1.2,1.3,0.10000000000000009
eval_20260722_233914,Ministral-3-8B-Instruct-2512,e5,twostage,e5/twostage,337,CDU,5,0.1407,-1.8466,-0.86844,0.636733943,1.9873,6.5,4.7,1.7999999999999998
eval_20260722_233914,Ministral-3-8B-Instruct-2512,e5,twostage,e5/twostage,297,BÜNDNIS 90/DIE GRÜNEN,5,1.1688,-2.1972,-0.94464,1.801890513,3.366,1.2,2.4,1.2
eval_20260722_233914,Ministral-3-8B-Instruct-2512,e5,twostage,e5/twostage,300,BÜNDNIS 90/DIE GRÜNEN,5,1.1136,-2.8174,-0.5451600000000001,3.2552357280000006,3.931,5.8,2.4,3.4
eval_20260722_233914,Ministral-3-8B-Instruct-2512,e5,twostage,e5/twostage,441,DIE LINKE,5,-1.3455,-3.7916,-2.9931999999999994,1.021603405,2.4461,4.2,1.3,2.9000000000000004
eval_20260722_233914,Ministral-3-8B-Instruct-2512,e5,twostage,e5/twostage,405,FDP,5,-2.6052,-4.6683,-4.048439999999999,0.7258741680000003,2.0631000000000004,4.5,4.3,0.20000000000000018
eval_20260722_233914,Ministral-3-8B-Instruct-2512,e5,twostage,e5/twostage,73,BÜNDNIS 90/DIE GRÜNEN,5,-1.0406,-3.065,-2.22886,0.771172118,2.0244,3.2,2.4,0.8000000000000003
eval_20260722_233914,Ministral-3-8B-Instruct-2512,e5,twostage,e5/twostage,78,BÜNDNIS 90/DIE GRÜNEN,5,2.4559,1.0553,1.64634,0.43620943300000015,1.4006000000000003,2.1,2.4,0.2999999999999998
eval_20260722_233914,Ministral-3-8B-Instruct-2512,e5,twostage,e5/twostage,749,SPD,5,2.8555,1.0602,1.63556,0.508857913,1.7953000000000001,3.5,2.7,0.7999999999999998
eval_20260722_233914,Ministral-3-8B-Instruct-2512,e5,twostage,e5/twostage,523,DIE LINKE,5,2.6011,-0.7967,0.7259600000000002,2.6679820579999998,3.3978,1.1,1.3,0.19999999999999996
eval_20260722_233914,Ministral-3-8B-Instruct-2512,e5,twostage,e5/twostage,352,FDP,5,1.0926,-0.7453,0.08964000000000001,0.460729398,1.8378999999999999,1.2,4.3,3.0999999999999996
eval_20260722_233914,Ministral-3-8B-Instruct-2512,e5,twostage,e5/twostage,582,DIE LINKE,5,-1.7328,-3.2482,-2.53704,0.3872410530000001,1.5154000000000003,5.8,1.3,4.5
eval_20260722_233914,Ministral-3-8B-Instruct-2512,e5,twostage,e5/twostage,366,FDP,5,1.1721,-0.2573,0.27547999999999995,0.303023822,1.4293999999999998,4.5,4.3,0.20000000000000018
eval_20260722_233914,Ministral-3-8B-Instruct-2512,e5,twostage,e5/twostage,444,DIE LINKE,5,0.0915,-1.8731,-1.19504,0.625851388,1.9646,1.2,1.3,0.10000000000000009
eval_20260722_233914,Ministral-3-8B-Instruct-2512,e5,twostage,e5/twostage,607,SPD,5,-0.9798,-4.223,-3.0406,1.9766992850000005,3.2432,6.8,2.7,4.1
eval_20260722_233914,Ministral-3-8B-Instruct-2512,e5,twostage,e5/twostage,351,FDP,5,1.1439,-0.2336,0.64354,0.298498913,1.3775,3.2,4.3,1.0999999999999996
eval_20260722_233914,Ministral-3-8B-Instruct-2512,e5,twostage,e5/twostage,156,AfD,5,-2.4715,-4.4735,-3.521679999999999,0.712434092,2.002,7.0,6.5,0.5
eval_20260722_233914,Ministral-3-8B-Instruct-2512,e5,twostage,e5/twostage,614,SPD,5,-2.3617,-3.3873,-2.90264,0.20931029800000012,1.0256000000000003,2.1,2.7,0.6000000000000001
eval_20260722_233914,Ministral-3-8B-Instruct-2512,e5,twostage,e5/twostage,317,BÜNDNIS 90/DIE GRÜNEN,5,2.5872,0.9353,1.76132,0.5399188570000001,1.6519000000000001,3.2,2.4,0.8000000000000003
eval_20260722_233914,Ministral-3-8B-Instruct-2512,e5,twostage,e5/twostage,622,SPD,5,4.6785,2.6704,3.4997599999999998,1.105111733,2.0080999999999998,6.8,2.7,4.1
eval_20260722_233914,Ministral-3-8B-Instruct-2512,e5,twostage,e5/twostage,769,SPD,5,0.3803,-3.4535,-1.83776,2.629807348,3.8338,3.2,2.7,0.5
eval_20260722_233914,Ministral-3-8B-Instruct-2512,e5,twostage,e5/twostage,55,BÜNDNIS 90/DIE GRÜNEN,5,4.3789,0.5597,1.46876,2.6602640579999997,3.8192,1.2,2.4,1.2
eval_20260722_233914,Ministral-3-8B-Instruct-2512,e5,twostage,e5/twostage,771,SPD,5,0.5625,-0.4966,0.25454,0.19474166299999995,1.0591,6.5,2.7,3.8
eval_20260722_233914,Ministral-3-8B-Instruct-2512,e5,twostage,e5/twostage,502,DIE LINKE,5,-1.0376,-5.0041,-3.67108,2.3469754769999995,3.9665,3.2,1.3,1.9000000000000001
eval_20260722_233914,Ministral-3-8B-Instruct-2512,e5,twostage,e5/twostage,266,BÜNDNIS 90/DIE GRÜNEN,5,-0.8368,-4.2868,-2.98376,2.5000143329999998,3.45,3.2,2.4,0.8000000000000003
eval_20260722_233914,Ministral-3-8B-Instruct-2512,e5,twostage,e5/twostage,548,DIE LINKE,5,-1.5204,-2.9513,-2.07744,0.2850741979999999,1.4308999999999998,1.1,1.3,0.19999999999999996
eval_20260722_233914,Ministral-3-8B-Instruct-2512,e5,twostage,e5/twostage,98,AfD,5,-3.9998,-5.0361,-4.70352,0.18643468700000004,1.0363000000000002,1.2,6.5,5.3
eval_20260722_233914,Ministral-3-8B-Instruct-2512,e5,twostage,e5/twostage,583,DIE LINKE,5,0.1516,-1.5013,-0.5398400000000001,0.411687253,1.6529,1.2,1.3,0.10000000000000009
eval_20260722_233914,Ministral-3-8B-Instruct-2512,e5,twostage,e5/twostage,77,CDU/CSU,5,7.1422,6.2684,6.8392,0.11448781500000008,0.8738000000000001,4.2,4.7,0.5
eval_20260722_233914,Ministral-3-8B-Instruct-2512,e5,twostage,e5/twostage,121,AfD,5,-0.6632,-2.5391,-1.7274999999999998,0.5949473249999999,1.8759,3.2,6.5,3.3
eval_20260722_233914,Ministral-3-8B-Instruct-2512,e5,twostage,e5/twostage,395,FDP,5,-2.4356,-4.1768,-3.2807000000000004,0.51239784,1.7412,5.8,4.3,1.5
eval_20260722_233914,Ministral-3-8B-Instruct-2512,e5,twostage,e5/twostage,785,SPD,5,0.9576,-2.8784,-1.43078,2.4397366419999997,3.8360000000000003,4.5,2.7,1.7999999999999998
eval_20260722_233914,Ministral-3-8B-Instruct-2512,e5,twostage,e5/twostage,358,FDP,5,1.8821,-2.247,-1.0145199999999999,2.7702537769999993,4.1291,4.5,4.3,0.20000000000000018
eval_20260722_233914,Ministral-3-8B-Instruct-2512,e5,twostage,e5/twostage,731,SPD,5,-0.4278,-1.5373,-0.9013,0.18035799000000002,1.1095000000000002,3.2,2.7,0.5
eval_20260722_233914,Ministral-3-8B-Instruct-2512,e5,twostage,e5/twostage,535,DIE LINKE,5,0.8516,-3.0492,-1.41242,2.367670622,3.9008,1.2,1.3,0.10000000000000009
eval_20260722_233914,Ministral-3-8B-Instruct-2512,e5,twostage,e5/twostage,465,DIE LINKE,5,1.1204,-1.4366,-0.60312,1.3050484270000002,2.5570000000000004,1.2,1.3,0.10000000000000009
eval_20260722_233914,Ministral-3-8B-Instruct-2512,e5,twostage,e5/twostage,85,BÜNDNIS 90/DIE GRÜNEN,5,-1.4551,-2.26,-1.9789400000000001,0.10054153299999997,0.8048999999999997,6.5,2.4,4.1
eval_20260722_233914,Ministral-3-8B-Instruct-2512,e5,twostage,e5/twostage,10,BÜNDNIS 90/DIE GRÜNEN,5,0.7936,-1.566,-0.8762599999999999,0.947690918,2.3596,5.8,2.4,3.4
eval_20260722_233914,Ministral-3-8B-Instruct-2512,e5,twostage,e5/twostage,169,AfD,5,0.5161,-1.8988,-0.8144,1.08373463,2.4149000000000003,6.8,6.5,0.2999999999999998
eval_20260722_233914,Ministral-3-8B-Instruct-2512,e5,twostage,e5/twostage,111,BÜNDNIS 90/DIE GRÜNEN,5,1.1148,-0.112,0.33009999999999995,0.277730275,1.2268000000000001,6.8,2.4,4.4
eval_20260722_233914,Ministral-3-8B-Instruct-2512,e5,twostage,e5/twostage,293,BÜNDNIS 90/DIE GRÜNEN,5,3.831,-0.4902,0.71866,3.2006191630000003,4.3212,1.2,2.4,1.2
eval_20260722_233914,Ministral-3-8B-Instruct-2512,e5,twostage,e5/twostage,495,DIE LINKE,5,-0.3673,-2.0877,-1.2819800000000001,0.481184407,1.7204,3.2,1.3,1.9000000000000001
eval_20260722_233914,Ministral-3-8B-Instruct-2512,e5,twostage,e5/twostage,219,BÜNDNIS 90/DIE GRÜNEN,5,-0.989,-3.9972,-3.0690199999999996,1.427060562,3.0082,2.1,2.4,0.2999999999999998
eval_20260722_233914,Ministral-3-8B-Instruct-2512,e5,twostage,e5/twostage,722,SPD,5,2.6556,-3.1021,-1.7531199999999998,6.115239427000001,5.7577,4.2,2.7,1.5
eval_20260722_233914,Ministral-3-8B-Instruct-2512,e5,twostage,e5/twostage,328,CDU,5,1.1946,-1.1262,-0.05620000000000003,0.977889285,2.3208,3.2,4.7,1.5
eval_20260722_233914,Ministral-3-8B-Instruct-2512,e5,twostage,e5/twostage,544,DIE LINKE,5,0.2135,-2.4662,-1.5409000000000002,1.5263998450000003,2.6797,1.2,1.3,0.10000000000000009
eval_20260722_233914,Ministral-3-8B-Instruct-2512,e5,twostage,e5/twostage,119,AfD,5,0.0209,-2.7073,-1.88118,1.354099417,2.7282,7.0,6.5,0.5
eval_20260722_233914,Ministral-3-8B-Instruct-2512,e5,twostage,e5/twostage,532,DIE LINKE,5,0.3067,-2.3942,-1.20098,1.271426537,2.7009,2.1,1.3,0.8
eval_20260722_233914,Ministral-3-8B-Instruct-2512,e5,twostage,e5/twostage,364,FDP,5,2.1209,-1.3723,0.09179999999999988,1.9539429999999995,3.4932,5.8,4.3,1.5
eval_20260722_233914,Ministral-3-8B-Instruct-2512,e5,twostage,e5/twostage,29,AfD,5,-4.101,-5.5174,-4.78986,0.3203424830000001,1.4164000000000003,7.0,6.5,0.5
eval_20260722_233914,Ministral-3-8B-Instruct-2512,e5,twostage,e5/twostage,635,SPD,5,-2.5262,-4.356,-3.6744399999999997,0.5402613530000001,1.8298,2.1,2.7,0.6000000000000001
eval_20260722_233914,Ministral-3-8B-Instruct-2512,e5,twostage,e5/twostage,584,DIE LINKE,5,-1.257,-3.5732,-2.58224,0.8965523480000002,2.3162000000000003,1.2,1.3,0.10000000000000009
eval_20260722_233914,Ministral-3-8B-Instruct-2512,e5,twostage,e5/twostage,446,DIE LINKE,5,-2.7953,-5.0848,-4.16138,1.5479288070000004,2.2895000000000003,1.1,1.3,0.19999999999999996
eval_20260722_233914,Ministral-3-8B-Instruct-2512,e5,twostage,e5/twostage,307,BÜNDNIS 90/DIE GRÜNEN,5,-4.3759,-5.5161,-5.0378,0.27044402,1.1402,5.5,2.4,3.1
eval_20260722_233914,Ministral-3-8B-Instruct-2512,e5,twostage,e5/twostage,82,BÜNDNIS 90/DIE GRÜNEN,5,-0.3609,-2.221,-1.09786,0.6411943130000001,1.8601,3.5,2.4,1.1
eval_20260722_233914,Ministral-3-8B-Instruct-2512,e5,twostage,e5/twostage,718,SPD,5,1.3564,-1.2045,0.41478000000000004,0.9402683669999998,2.5609,5.8,2.7,3.0999999999999996
eval_20260722_233914,Ministral-3-8B-Instruct-2512,e5,twostage,e5/twostage,457,DIE LINKE,5,3.6463,-1.8345,0.5541600000000001,7.7041417280000015,5.4808,6.8,1.3,5.5
eval_20260722_233914,Ministral-3-8B-Instruct-2512,e5,twostage,e5/twostage,518,DIE LINKE,5,-1.2386,-3.4093,-2.65492,0.8702204769999999,2.1707,1.2,1.3,0.10000000000000009
eval_20260722_233914,Ministral-3-8B-Instruct-2512,e5,twostage,e5/twostage,745,SPD,5,-2.6764,-3.2206,-2.9879400000000005,0.042918353000000006,0.5442,5.8,2.7,3.0999999999999996
eval_20260722_233914,Ministral-3-8B-Instruct-2512,e5,twostage,e5/twostage,757,SPD,5,0.2649,-0.5301,-0.20212,0.093413072,0.795,4.2,2.7,1.5
eval_20260722_233914,Ministral-3-8B-Instruct-2512,e5,twostage,e5/twostage,660,SPD,5,-1.5823,-2.4745,-2.19738,0.12994869199999998,0.8921999999999999,3.8,2.7,1.0999999999999996
eval_20260722_233914,Ministral-3-8B-Instruct-2512,e5,twostage,e5/twostage,752,SPD,5,-3.7992,-5.1938,-4.6566600000000005,0.2999655380000001,1.3946000000000005,3.2,2.7,0.5
eval_20260722_233914,Ministral-3-8B-Instruct-2512,e5,twostage,e5/twostage,248,BÜNDNIS 90/DIE GRÜNEN,5,-2.5976,-3.954,-3.2001199999999996,0.30373788700000004,1.3564000000000003,2.8,2.4,0.3999999999999999
eval_20260722_233914,Ministral-3-8B-Instruct-2512,e5,twostage,e5/twostage,609,SPD,5,-0.0716,-2.0915,-1.15506,0.808750423,2.0199,4.2,2.7,1.5
eval_20260722_233914,Ministral-3-8B-Instruct-2512,e5,twostage,e5/twostage,7,BÜNDNIS 90/DIE GRÜNEN,5,2.8906,1.7267,2.2633599999999996,0.2675621530000001,1.1639000000000002,2.1,2.4,0.2999999999999998
eval_20260722_233914,Ministral-3-8B-Instruct-2512,e5,twostage,e5/twostage,286,BÜNDNIS 90/DIE GRÜNEN,5,-0.8268,-2.8014,-1.6113799999999998,0.613477797,1.9746000000000001,2.1,2.4,0.2999999999999998
eval_20260722_233914,Ministral-3-8B-Instruct-2512,e5,twostage,e5/twostage,102,AfD,5,-1.7049,-3.4038,-2.6620999999999997,0.4136566749999999,1.6988999999999999,6.8,6.5,0.2999999999999998
eval_20260722_233914,Ministral-3-8B-Instruct-2512,e5,twostage,e5/twostage,336,CDU,5,-1.6225,-3.4052,-2.4868,0.5699236950000001,1.7826999999999997,4.5,4.7,0.20000000000000018
eval_20260722_233914,Ministral-3-8B-Instruct-2512,e5,twostage,e5/twostage,678,SPD,5,-1.465,-2.94,-2.2060199999999996,0.3179682119999999,1.4749999999999999,3.8,2.7,1.0999999999999996
eval_20260722_233914,Ministral-3-8B-Instruct-2512,e5,twostage,e5/twostage,634,SPD,5,1.9786,0.323,0.8334400000000001,0.48007552299999984,1.6556,5.8,2.7,3.0999999999999996
eval_20260722_233914,Ministral-3-8B-Instruct-2512,e5,twostage,e5/twostage,658,SPD,5,2.3113,-0.3673,0.52944,1.149602153,2.6786000000000003,4.5,2.7,1.7999999999999998
eval_20260722_233914,Ministral-3-8B-Instruct-2512,e5,twostage,e5/twostage,2,CDU/CSU,5,1.8598,-1.2267,-0.04516000000000005,1.610863033,3.0865,4.5,4.7,0.20000000000000018
eval_20260722_233914,Ministral-3-8B-Instruct-2512,e5,twostage,e5/twostage,232,BÜNDNIS 90/DIE GRÜNEN,5,2.255,-0.9189,0.21915999999999997,1.859495743,3.1738999999999997,3.2,2.4,0.8000000000000003
eval_20260722_233914,Ministral-3-8B-Instruct-2512,e5,twostage,e5/twostage,426,DIE LINKE,5,2.824,-0.0403,1.6252600000000001,1.535431028,2.8643,1.2,1.3,0.10000000000000009
eval_20260722_233914,Ministral-3-8B-Instruct-2512,e5,twostage,e5/twostage,333,CDU,5,-1.1414,-2.9321,-2.50158,0.587861097,1.7907000000000002,4.2,4.7,0.5
eval_20260722_233914,Ministral-3-8B-Instruct-2512,e5,twostage,e5/twostage,209,AfD,5,0.1819,-1.695,-1.17262,0.624920777,1.8769,7.0,6.5,0.5
eval_20260722_233914,Ministral-3-8B-Instruct-2512,e5,twostage,e5/twostage,211,AfD,5,-0.4328,-3.8629,-2.0629999999999997,1.6220876249999998,3.4301,,6.5,
eval_20260722_233914,Ministral-3-8B-Instruct-2512,e5,twostage,e5/twostage,448,DIE LINKE,5,1.365,-1.7826,-0.6265000000000001,1.6554634099999999,3.1475999999999997,3.2,1.3,1.9000000000000001
eval_20260722_233914,Ministral-3-8B-Instruct-2512,e5,twostage,e5/twostage,765,SPD,5,7.0299,4.8475,5.72528,1.1615560819999995,2.1823999999999995,,2.7,
eval_20260722_233914,Ministral-3-8B-Instruct-2512,e5,twostage,e5/twostage,668,SPD,5,1.9033,-1.8983,-0.88192,2.488814287,3.8016,3.8,2.7,1.0999999999999996
eval_20260722_233914,Ministral-3-8B-Instruct-2512,e5,twostage,e5/twostage,175,AfD,5,-3.2325,-3.9404,-3.59118,0.10012295700000001,0.7079,3.2,6.5,3.3
eval_20260722_233914,Ministral-3-8B-Instruct-2512,e5,twostage,e5/twostage,245,BÜNDNIS 90/DIE GRÜNEN,5,2.1035,1.2309,1.72962,0.14499967199999994,0.8725999999999998,2.1,2.4,0.2999999999999998
eval_20260722_233914,Ministral-3-8B-Instruct-2512,e5,twostage,e5/twostage,454,DIE LINKE,5,-3.5356,-5.4935,-4.6387599999999996,0.710623433,1.9579,3.2,1.3,1.9000000000000001
eval_20260722_233914,Ministral-3-8B-Instruct-2512,e5,twostage,e5/twostage,357,FDP,5,2.6305,-0.0475,1.06998,1.269225937,2.678,1.2,4.3,3.0999999999999996
eval_20260722_233914,Ministral-3-8B-Instruct-2512,e5,twostage,e5/twostage,500,DIE LINKE,5,-1.4285,-2.9563,-2.38802,0.351776837,1.5278,1.1,1.3,0.19999999999999996
eval_20260722_233914,Ministral-3-8B-Instruct-2512,e5,twostage,e5/twostage,382,FDP,5,-2.2757,-4.8425,-3.8753599999999997,1.4168884880000001,2.5668,4.2,4.3,0.09999999999999964
eval_20260722_233914,Ministral-3-8B-Instruct-2512,e5,twostage,e5/twostage,80,BÜNDNIS 90/DIE GRÜNEN,5,-0.7153,-4.1101,-3.12704,2.009274478,3.3948,2.1,2.4,0.2999999999999998
eval_20260722_233914,Ministral-3-8B-Instruct-2512,e5,twostage,e5/twostage,149,AfD,5,-1.4427,-2.6064,-2.12682,0.20350552699999985,1.1636999999999997,7.0,6.5,0.5
eval_20260722_233914,Ministral-3-8B-Instruct-2512,e5,twostage,e5/twostage,362,FDP,5,2.4869,1.8821,2.2370200000000002,0.06335902699999997,0.6047999999999998,4.5,4.3,0.20000000000000018
eval_20260722_233914,Ministral-3-8B-Instruct-2512,e5,twostage,e5/twostage,193,AfD,5,-1.7533,-2.4581,-2.16716,0.08863034299999999,0.7047999999999999,7.0,6.5,0.5
eval_20260722_233914,Ministral-3-8B-Instruct-2512,e5,twostage,e5/twostage,276,BÜNDNIS 90/DIE GRÜNEN,5,2.261,-0.5821,0.4244,1.3509556550000001,2.8431,2.1,2.4,0.2999999999999998
eval_20260722_233914,Ministral-3-8B-Instruct-2512,e5,twostage,e5/twostage,332,CDU,5,-1.3111,-2.7304,-2.29566,0.35999140300000004,1.4193,6.5,4.7,1.7999999999999998
eval_20260722_233914,Ministral-3-8B-Instruct-2512,e5,twostage,e5/twostage,603,SPD,5,6.552,-3.1179,-0.9317400000000001,17.570115682999997,9.6699,4.5,2.7,1.7999999999999998
eval_20260722_233914,Ministral-3-8B-Instruct-2512,e5,twostage,e5/twostage,320,CDU,5,-0.7219,-2.9279,-1.98664,0.8163982830000001,2.2060000000000004,4.5,4.7,0.20000000000000018
eval_20260722_233914,Ministral-3-8B-Instruct-2512,e5,twostage,e5/twostage,199,AfD,5,-3.6733,-5.2745,-4.61428,0.397311592,1.6012,7.0,6.5,0.5
eval_20260722_233914,Ministral-3-8B-Instruct-2512,e5,twostage,e5/twostage,134,AfD,5,-3.5761,-4.5625,-4.138,0.12940106,0.9864000000000002,6.8,6.5,0.2999999999999998
eval_20260722_233914,Ministral-3-8B-Instruct-2512,e5,twostage,e5/twostage,394,FDP,5,-1.4649,-2.9111,-2.1260000000000003,0.3733302249999999,1.4461999999999997,4.5,4.3,0.20000000000000018
eval_20260722_233914,Ministral-3-8B-Instruct-2512,e5,twostage,e5/twostage,315,BÜNDNIS 90/DIE GRÜNEN,5,0.2677,-1.5423,-0.75036,0.582536638,1.81,2.1,2.4,0.2999999999999998
eval_20260722_233914,Ministral-3-8B-Instruct-2512,e5,twostage,e5/twostage,712,SPD,5,-1.5494,-2.4741,-2.02548,0.180400487,0.9246999999999999,6.8,2.7,4.1
eval_20260722_233914,Ministral-3-8B-Instruct-2512,e5,twostage,e5/twostage,56,CDU/CSU,5,5.665,4.0526,4.8835999999999995,0.4725871650000001,1.6124,2.1,4.7,2.6
eval_20260722_233914,Ministral-3-8B-Instruct-2512,e5,twostage,e5/twostage,440,DIE LINKE,5,-1.0616,-2.4801,-1.7084000000000004,0.38414858500000004,1.4185,1.1,1.3,0.19999999999999996
eval_20260722_233914,Ministral-3-8B-Instruct-2512,e5,twostage,e5/twostage,621,SPD,5,1.0567,-2.3617,-0.7470000000000001,1.92293176,3.4184,3.2,2.7,0.5
eval_20260722_233914,Ministral-3-8B-Instruct-2512,e5,twostage,e5/twostage,550,DIE LINKE,5,0.2426,-2.6699,-1.3504200000000002,1.451675357,2.9125,1.2,1.3,0.10000000000000009
eval_20260722_233914,Ministral-3-8B-Instruct-2512,e5,twostage,e5/twostage,568,DIE LINKE,5,1.0954,-1.7793,-0.15324,1.691590083,2.8747,1.2,1.3,0.10000000000000009
eval_20260722_233914,Ministral-3-8B-Instruct-2512,e5,twostage,e5/twostage,625,SPD,5,0.0106,-2.3173,-1.15736,1.034863953,2.3279,3.8,2.7,1.0999999999999996
eval_20260722_233914,Ministral-3-8B-Instruct-2512,e5,twostage,e5/twostage,427,DIE LINKE,5,0.5125,-0.7062,0.007000000000000006,0.264585325,1.2187000000000001,1.1,1.3,0.19999999999999996
eval_20260722_233914,Ministral-3-8B-Instruct-2512,e5,twostage,e5/twostage,463,DIE LINKE,5,-1.3361,-2.478,-2.02904,0.24389425300000006,1.1419000000000001,2.8,1.3,1.4999999999999998
eval_20260722_233914,Ministral-3-8B-Instruct-2512,e5,twostage,e5/twostage,458,DIE LINKE,5,-4.2484,-5.818,-5.30026,0.38400086299999986,1.5695999999999994,3.5,1.3,2.2
eval_20260722_233914,Ministral-3-8B-Instruct-2512,e5,twostage,e5/twostage,61,BÜNDNIS 90/DIE GRÜNEN,5,-0.3192,-1.9435,-1.3787800000000001,0.44459636700000005,1.6243,4.5,2.4,2.1
eval_20260722_233914,Ministral-3-8B-Instruct-2512,e5,twostage,e5/twostage,590,DIE LINKE,5,-0.0591,-1.8216,-1.40616,0.5722741430000001,1.7625000000000002,2.1,1.3,0.8
eval_20260722_233914,Ministral-3-8B-Instruct-2512,e5,twostage,e5/twostage,389,FDP,5,0.8373,-4.2258,-1.9799399999999998,5.737593743,5.0630999999999995,5.8,4.3,1.5
eval_20260722_233914,Ministral-3-8B-Instruct-2512,e5,twostage,e5/twostage,200,AfD,5,-1.6952,-2.3484,-2.0446999999999997,0.06547808999999995,0.6531999999999998,7.0,6.5,0.5
eval_20260722_233914,Ministral-3-8B-Instruct-2512,e5,twostage,e5/twostage,637,SPD,5,-1.6495,-3.3031,-2.58308,0.5141253920000001,1.6536000000000002,7.0,2.7,4.3
eval_20260722_233914,Ministral-3-8B-Instruct-2512,e5,twostage,e5/twostage,758,SPD,5,-2.1706,-3.568,-2.9956799999999997,0.2796792870000001,1.3974000000000002,3.2,2.7,0.5
eval_20260722_233914,Ministral-3-8B-Instruct-2512,e5,twostage,e5/twostage,545,DIE LINKE,5,-0.7895,-2.4412,-1.58902,0.5221155369999999,1.6517,1.2,1.3,0.10000000000000009
eval_20260722_233914,Ministral-3-8B-Instruct-2512,e5,twostage,e5/twostage,383,FDP,5,-2.8642,-3.6168,-3.42124,0.10030287300000006,0.7526000000000002,3.2,4.3,1.0999999999999996
eval_20260722_233914,Ministral-3-8B-Instruct-2512,e5,twostage,e5/twostage,260,BÜNDNIS 90/DIE GRÜNEN,5,-0.8173,-2.1721,-1.52598,0.35253669200000004,1.3548,3.2,2.4,0.8000000000000003
eval_20260722_233914,Ministral-3-8B-Instruct-2512,e5,twostage,e5/twostage,210,AfD,5,0.4697,-1.3304,-0.59036,0.4490101230000001,1.8001,7.0,6.5,0.5
eval_20260722_233914,Ministral-3-8B-Instruct-2512,e5,twostage,e5/twostage,410,FDP,5,-1.0596,-2.5852,-1.8403200000000002,0.40385299699999994,1.5255999999999998,4.5,4.3,0.20000000000000018
eval_20260722_233914,Ministral-3-8B-Instruct-2512,e5,twostage,e5/twostage,740,SPD,5,-3.0016,-3.5166,-3.21424,0.050998292999999986,0.5150000000000001,5.8,2.7,3.0999999999999996
eval_20260722_233914,Ministral-3-8B-Instruct-2512,e5,twostage,e5/twostage,91,BÜNDNIS 90/DIE GRÜNEN,5,-1.0029,-1.9971,-1.5614599999999998,0.17327950800000005,0.9942000000000002,2.1,2.4,0.2999999999999998
eval_20260722_233914,Ministral-3-8B-Instruct-2512,e5,twostage,e5/twostage,255,BÜNDNIS 90/DIE GRÜNEN,5,1.8122,-3.4637,-1.31006,5.416629393,5.2759,3.2,2.4,0.8000000000000003
eval_20260722_233914,Ministral-3-8B-Instruct-2512,e5,twostage,e5/twostage,421,DIE LINKE,5,3.4387,0.3563,1.8825799999999997,1.7389111369999999,3.0824,1.2,1.3,0.10000000000000009
eval_20260722_233914,Ministral-3-8B-Instruct-2512,e5,twostage,e5/twostage,376,FDP,5,3.5524,-0.7695,0.89124,2.908469168,4.3219,4.5,4.3,0.20000000000000018
eval_20260722_233914,Ministral-3-8B-Instruct-2512,e5,twostage,e5/twostage,301,BÜNDNIS 90/DIE GRÜNEN,5,1.9052,-0.9645,-0.09562,1.3060855820000001,2.8697,1.2,2.4,1.2
eval_20260722_233914,Ministral-3-8B-Instruct-2512,e5,twostage,e5/twostage,159,AfD,5,-1.5211,-2.3497,-1.9283000000000001,0.11931551499999998,0.8286,7.0,6.5,0.5
eval_20260722_233914,Ministral-3-8B-Instruct-2512,e5,twostage,e5/twostage,70,BÜNDNIS 90/DIE GRÜNEN,5,1.5436,-0.6442,0.3735399999999999,1.014769153,2.1878,3.2,2.4,0.8000000000000003
eval_20260722_233914,Ministral-3-8B-Instruct-2512,e5,twostage,e5/twostage,605,SPD,5,-3.2195,-3.7996,-3.446980000000001,0.05179785199999997,0.5800999999999998,6.8,2.7,4.1
eval_20260722_233914,Ministral-3-8B-Instruct-2512,e5,twostage,e5/twostage,132,AfD,5,0.0996,-0.9403,-0.25112,0.17072752700000002,1.0399,1.2,6.5,5.3
eval_20260722_233914,Ministral-3-8B-Instruct-2512,e5,twostage,e5/twostage,45,CDU/CSU,5,-1.7872,-2.5927,-2.2254199999999997,0.10635497699999999,0.8054999999999999,4.5,4.7,0.20000000000000018
eval_20260722_233914,Ministral-3-8B-Instruct-2512,e5,twostage,e5/twostage,71,BÜNDNIS 90/DIE GRÜNEN,5,-0.6879,-2.786,-1.5601800000000001,0.683657057,2.0981,,2.4,
eval_20260722_233914,Ministral-3-8B-Instruct-2512,e5,twostage,e5/twostage,488,DIE LINKE,5,0.8245,-3.3067,-1.6787799999999997,2.831982837,4.1312,1.2,1.3,0.10000000000000009
eval_20260722_233914,Ministral-3-8B-Instruct-2512,e5,twostage,e5/twostage,759,SPD,5,2.1382,-0.5222,0.5444799999999999,1.1421629969999998,2.6604,2.1,2.7,0.6000000000000001
eval_20260722_233914,Ministral-3-8B-Instruct-2512,e5,twostage,e5/twostage,324,CDU,5,1.6157,0.1343,0.8034399999999999,0.494866608,1.4813999999999998,4.2,4.7,0.5
eval_20260722_233914,Ministral-3-8B-Instruct-2512,e5,twostage,e5/twostage,689,SPD,5,0.4681,-2.4333,-1.5722800000000001,1.4635763920000002,2.9014,4.5,2.7,1.7999999999999998
eval_20260722_233914,Ministral-3-8B-Instruct-2512,e5,twostage,e5/twostage,136,AfD,5,1.393,-0.2282,0.65442,0.418671582,1.6212,7.0,6.5,0.5
eval_20260722_233914,Ministral-3-8B-Instruct-2512,e5,twostage,e5/twostage,83,BÜNDNIS 90/DIE GRÜNEN,5,-3.1062,-3.502,-3.37446,0.023907158000000005,0.39579999999999993,3.2,2.4,0.8000000000000003
eval_20260722_233914,Ministral-3-8B-Instruct-2512,e5,twostage,e5/twostage,166,AfD,5,3.1297,-1.8908,0.2330799999999999,4.237743557000001,5.0205,6.8,6.5,0.2999999999999998
eval_20260722_233914,Ministral-3-8B-Instruct-2512,e5,twostage,e5/twostage,165,AfD,5,1.073,-2.2326,-1.3284399999999998,2.005140373,3.3056,7.0,6.5,0.5
eval_20260722_233914,Ministral-3-8B-Instruct-2512,e5,twostage,e5/twostage,28,AfD,5,0.7125,-2.0091,-0.77896,1.4217973480000003,2.7216,7.0,6.5,0.5
eval_20260722_233914,Ministral-3-8B-Instruct-2512,e5,twostage,e5/twostage,778,SPD,5,1.0667,-0.173,0.46934000000000003,0.291106893,1.2397,,2.7,
eval_20260722_233914,Ministral-3-8B-Instruct-2512,e5,twostage,e5/twostage,194,AfD,5,0.6454,-2.9118,-1.70154,2.122808288,3.5572,6.8,6.5,0.2999999999999998
eval_20260722_233914,Ministral-3-8B-Instruct-2512,e5,twostage,e5/twostage,734,SPD,5,0.7264,-1.4835,-0.66838,0.8215402869999998,2.2099,,2.7,
eval_20260722_233914,Ministral-3-8B-Instruct-2512,e5,twostage,e5/twostage,533,DIE LINKE,5,1.1084,-0.044,0.6052799999999999,0.350316647,1.1524,2.1,1.3,0.8
eval_20260722_233914,Ministral-3-8B-Instruct-2512,e5,twostage,e5/twostage,330,CDU,5,3.3009,1.394,2.14866,0.538494893,1.9069,5.8,4.7,1.0999999999999996
eval_20260722_233914,Ministral-3-8B-Instruct-2512,e5,twostage,e5/twostage,137,AfD,5,-0.0159,-2.3491,-1.31176,0.934809583,2.3332,7.0,6.5,0.5
eval_20260722_233914,Ministral-3-8B-Instruct-2512,e5,twostage,e5/twostage,429,DIE LINKE,5,-1.9443,-3.2623,-2.73648,0.2433841320000001,1.3180000000000003,3.2,1.3,1.9000000000000001
eval_20260722_233914,Ministral-3-8B-Instruct-2512,e5,twostage,e5/twostage,445,DIE LINKE,5,-0.5364,-2.2296,-1.33402,0.42823930200000004,1.6932,2.1,1.3,0.8
eval_20260722_233914,Ministral-3-8B-Instruct-2512,e5,twostage,e5/twostage,141,AfD,5,0.8904,-2.8442,-1.81998,2.367008162,3.7346,6.8,6.5,0.2999999999999998
eval_20260722_233914,Ministral-3-8B-Instruct-2512,e5,twostage,e5/twostage,487,DIE LINKE,5,-3.3907,-5.6414,-4.68398,1.1815205270000002,2.2507,4.5,1.3,3.2
eval_20260722_233914,Ministral-3-8B-Instruct-2512,e5,twostage,e5/twostage,6,CDU/CSU,5,-1.9884,-2.4322,-2.17778,0.04811771199999998,0.4438,4.5,4.7,0.20000000000000018
eval_20260722_233914,Ministral-3-8B-Instruct-2512,e5,twostage,e5/twostage,537,DIE LINKE,5,3.4075,-4.2668,-0.9697399999999998,9.161878763,7.674300000000001,1.2,1.3,0.10000000000000009
eval_20260722_233914,Ministral-3-8B-Instruct-2512,e5,twostage,e5/twostage,744,SPD,5,-0.3112,-1.808,-1.1496600000000001,0.36123318800000004,1.4968000000000001,5.8,2.7,3.0999999999999996
eval_20260722_233914,Ministral-3-8B-Instruct-2512,e5,twostage,e5/twostage,236,BÜNDNIS 90/DIE GRÜNEN,5,3.5427,0.5627,2.5444999999999998,1.38645492,2.98,3.2,2.4,0.8000000000000003
eval_20260722_233914,Ministral-3-8B-Instruct-2512,e5,twostage,e5/twostage,498,DIE LINKE,5,1.5852,-1.6072,-0.53774,2.202371048,3.1924,6.5,1.3,5.2
eval_20260722_233914,Ministral-3-8B-Instruct-2512,e5,twostage,e5/twostage,579,DIE LINKE,5,0.243,-1.419,-0.9356000000000002,0.474542195,1.662,1.2,1.3,0.10000000000000009
eval_20260722_233914,Ministral-3-8B-Instruct-2512,e5,twostage,e5/twostage,282,BÜNDNIS 90/DIE GRÜNEN,5,-2.2,-3.768,-2.9669600000000003,0.3587081229999999,1.5679999999999996,2.1,2.4,0.2999999999999998
eval_20260722_233914,Ministral-3-8B-Instruct-2512,e5,twostage,e5/twostage,519,DIE LINKE,5,-0.161,-5.0058,-3.12962,3.7081278419999992,4.8448,2.1,1.3,0.8
eval_20260722_233914,Ministral-3-8B-Instruct-2512,e5,twostage,e5/twostage,146,AfD,5,-1.1553,-2.9246,-2.0822399999999996,0.5113080929999999,1.7692999999999999,7.0,6.5,0.5
eval_20260722_233914,Ministral-3-8B-Instruct-2512,e5,twostage,e5/twostage,303,BÜNDNIS 90/DIE GRÜNEN,5,3.9129,0.9415,2.1165999999999996,1.47490114,2.9714,,2.4,
eval_20260722_233914,Ministral-3-8B-Instruct-2512,e5,twostage,e5/twostage,221,BÜNDNIS 90/DIE GRÜNEN,5,-1.8369,-3.0222,-2.25548,0.24137416700000008,1.1853000000000002,3.2,2.4,0.8000000000000003
eval_20260722_233914,Ministral-3-8B-Instruct-2512,e5,twostage,e5/twostage,312,BÜNDNIS 90/DIE GRÜNEN,5,-4.1625,-5.0824,-4.5027,0.1556975550000001,0.9199000000000002,3.2,2.4,0.8000000000000003
eval_20260722_233914,Ministral-3-8B-Instruct-2512,e5,twostage,e5/twostage,329,CDU,5,-0.2345,-2.0018,-1.0267399999999998,0.4911908329999999,1.7672999999999999,6.8,4.7,2.0999999999999996
eval_20260722_233914,Ministral-3-8B-Instruct-2512,e5,twostage,e5/twostage,133,AfD,5,3.5738,2.3233,3.10278,0.2833072969999999,1.2504999999999997,6.8,6.5,0.2999999999999998
eval_20260722_233914,Ministral-3-8B-Instruct-2512,e5,twostage,e5/twostage,751,SPD,5,1.0603,-2.1871,-0.9213000000000001,1.6024130150000004,3.2474,3.2,2.7,0.5
eval_20260722_233914,Ministral-3-8B-Instruct-2512,e5,twostage,e5/twostage,739,SPD,5,-0.4045,-3.4824,-2.69,1.655493335,3.0779,5.8,2.7,3.0999999999999996
eval_20260722_233914,Ministral-3-8B-Instruct-2512,e5,twostage,e5/twostage,800,SPD,5,-1.3915,-4.4197,-2.97694,1.439561763,3.0282,4.5,2.7,1.7999999999999998
eval_20260722_233914,Ministral-3-8B-Instruct-2512,e5,twostage,e5/twostage,610,SPD,5,-2.7323,-4.8662,-3.82736,0.7309110830000001,2.1339,4.2,2.7,1.5
eval_20260722_233914,Ministral-3-8B-Instruct-2512,e5,twostage,e5/twostage,41,CDU/CSU,5,-0.52,-1.6947,-1.08772,0.26532082700000004,1.1747,4.2,4.7,0.5
eval_20260722_233914,Ministral-3-8B-Instruct-2512,e5,twostage,e5/twostage,663,SPD,5,0.8529,-0.5088,0.42376,0.287561673,1.3617,4.5,2.7,1.7999999999999998
eval_20260722_233914,Ministral-3-8B-Instruct-2512,e5,twostage,e5/twostage,109,BÜNDNIS 90/DIE GRÜNEN,5,2.6674,-1.0807,0.93442,2.3538973870000004,3.7481,2.1,2.4,0.2999999999999998
eval_20260722_233914,Ministral-3-8B-Instruct-2512,e5,twostage,e5/twostage,356,FDP,5,-1.6894,-2.3318,-2.00568,0.08294553699999996,0.6423999999999999,1.5,4.3,2.8
eval_20260722_233914,Ministral-3-8B-Instruct-2512,e5,twostage,e5/twostage,57,CDU/CSU,5,-3.4683,-4.2707,-3.94118,0.17196793699999988,0.8023999999999996,4.5,4.7,0.20000000000000018
eval_20260722_233914,Ministral-3-8B-Instruct-2512,e5,twostage,e5/twostage,287,BÜNDNIS 90/DIE GRÜNEN,5,4.2123,1.4021,2.9435199999999995,1.3283323969999998,2.8102,1.1,2.4,1.2999999999999998
eval_20260722_233914,Ministral-3-8B-Instruct-2512,e5,twostage,e5/twostage,291,BÜNDNIS 90/DIE GRÜNEN,5,0.9179,-3.8094,-1.06228,3.558196022,4.7273000000000005,7.0,2.4,4.6
eval_20260722_233914,Ministral-3-8B-Instruct-2512,e5,twostage,e5/twostage,423,DIE LINKE,5,-4.068,-5.208,-4.79452,0.23100887700000014,1.1400000000000006,1.2,1.3,0.10000000000000009
eval_20260722_233914,Ministral-3-8B-Instruct-2512,e5,twostage,e5/twostage,24,BÜNDNIS 90/DIE GRÜNEN,5,-2.7223,-4.7883,-3.91288,0.5740740419999997,2.0659999999999994,3.8,2.4,1.4
eval_20260722_233914,Ministral-3-8B-Instruct-2512,e5,twostage,e5/twostage,295,BÜNDNIS 90/DIE GRÜNEN,5,0.0351,-0.7685,-0.3849,0.08232714,0.8036,1.2,2.4,1.2
eval_20260722_233914,Ministral-3-8B-Instruct-2512,e5,twostage,e5/twostage,363,FDP,5,7.3449,0.1566,2.5237999999999996,7.871736289999999,7.1883,4.2,4.3,0.09999999999999964
eval_20260722_233914,Ministral-3-8B-Instruct-2512,e5,twostage,e5/twostage,52,BÜNDNIS 90/DIE GRÜNEN,5,-1.1351,-2.7994,-1.93872,0.36666867699999994,1.6643,2.8,2.4,0.3999999999999999
eval_20260722_233914,Ministral-3-8B-Instruct-2512,e5,twostage,e5/twostage,343,CSU,5,2.1473,-3.3915,-1.5379,5.3417971,5.5388,6.8,5.4,1.3999999999999995
eval_20260722_233914,Ministral-3-8B-Instruct-2512,e5,twostage,e5/twostage,754,SPD,5,1.6785,-0.675,0.31758000000000003,0.7662244320000001,2.3535000000000004,5.8,2.7,3.0999999999999996
eval_20260722_233914,Ministral-3-8B-Instruct-2512,e5,twostage,e5/twostage,265,BÜNDNIS 90/DIE GRÜNEN,5,5.0105,0.3715,1.81326,3.4161380680000004,4.639,2.1,2.4,0.2999999999999998
eval_20260722_233914,Ministral-3-8B-Instruct-2512,e5,twostage,e5/twostage,674,SPD,5,2.0671,-3.518,-2.17038,5.713982207,5.5851,2.8,2.7,0.09999999999999964
eval_20260722_233914,Ministral-3-8B-Instruct-2512,e5,twostage,e5/twostage,571,DIE LINKE,5,-0.4888,-2.5636,-1.8900399999999997,0.705770703,2.0748,6.5,1.3,5.2
eval_20260722_233914,Ministral-3-8B-Instruct-2512,e5,twostage,e5/twostage,396,FDP,5,3.5179,-0.3973,1.09756,3.383576048,3.9152,3.8,4.3,0.5
eval_20260722_233914,Ministral-3-8B-Instruct-2512,e5,twostage,e5/twostage,732,SPD,5,-0.4598,-2.8477,-1.5765999999999998,0.7658211300000002,2.3879,3.2,2.7,0.5
eval_20260722_233914,Ministral-3-8B-Instruct-2512,e5,twostage,e5/twostage,598,SPD,5,-1.0242,-4.1493,-2.86246,1.320044693,3.1251,4.5,2.7,1.7999999999999998
eval_20260722_233914,Ministral-3-8B-Instruct-2512,e5,twostage,e5/twostage,534,DIE LINKE,5,0.9863,-0.3551,0.43403999999999987,0.257524558,1.3414,1.2,1.3,0.10000000000000009
eval_20260722_233914,Ministral-3-8B-Instruct-2512,e5,twostage,e5/twostage,84,BÜNDNIS 90/DIE GRÜNEN,5,-3.093,-3.9456,-3.5443800000000003,0.10585042200000006,0.8526000000000002,6.8,2.4,4.4
eval_20260722_233914,Ministral-3-8B-Instruct-2512,e5,twostage,e5/twostage,62,BÜNDNIS 90/DIE GRÜNEN,5,4.5182,2.1252,3.08138,1.0514758920000002,2.3930000000000002,3.2,2.4,0.8000000000000003
eval_20260722_233914,Ministral-3-8B-Instruct-2512,e5,twostage,e5/twostage,786,SPD,5,0.7644,-2.528,-1.6426000000000003,1.8435112549999997,3.2923999999999998,4.2,2.7,1.5
eval_20260722_233914,Ministral-3-8B-Instruct-2512,e5,twostage,e5/twostage,808,SPD,5,-0.0319,-1.4326,-0.90908,0.32920258700000005,1.4007,,2.7,
eval_20260722_233914,Ministral-3-8B-Instruct-2512,e5,twostage,e5/twostage,692,SPD,5,-2.5325,-4.7089,-3.7964600000000006,0.6184470029999998,2.1763999999999997,6.8,2.7,4.1
eval_20260722_233914,Ministral-3-8B-Instruct-2512,e5,twostage,e5/twostage,542,DIE LINKE,5,-1.1862,-2.0949,-1.68322,0.162515567,0.9087000000000001,2.1,1.3,0.8
eval_20260722_233914,Ministral-3-8B-Instruct-2512,e5,twostage,e5/twostage,183,AfD,5,-0.1238,-2.7839,-1.1974399999999998,1.1204636280000002,2.6601,6.9,6.5,0.40000000000000036
eval_20260722_233914,Ministral-3-8B-Instruct-2512,e5,twostage,e5/twostage,553,DIE LINKE,5,-2.7065,-4.0127,-3.58106,0.2547540629999999,1.3061999999999996,3.2,1.3,1.9000000000000001
eval_20260722_233914,Ministral-3-8B-Instruct-2512,e5,twostage,e5/twostage,515,DIE LINKE,5,-0.2527,-2.7121,-1.72762,0.8203336070000001,2.4594,1.2,1.3,0.10000000000000009
eval_20260722_233914,Ministral-3-8B-Instruct-2512,e5,twostage,e5/twostage,224,BÜNDNIS 90/DIE GRÜNEN,5,-3.9172,-4.9239,-4.42642,0.13651170699999995,1.0067,7.0,2.4,4.6
eval_20260722_233914,Ministral-3-8B-Instruct-2512,e5,twostage,e5/twostage,437,DIE LINKE,5,0.3921,-2.2271,-1.54808,1.222953432,2.6192,1.2,1.3,0.10000000000000009
eval_20260722_233914,Ministral-3-8B-Instruct-2512,e5,twostage,e5/twostage,654,SPD,5,0.4642,-1.5344,-0.88622,0.660942992,1.9986,3.2,2.7,0.5
eval_20260722_233914,Ministral-3-8B-Instruct-2512,e5,twostage,e5/twostage,656,SPD,5,2.3199,0.2426,1.1480400000000002,0.7814376630000001,2.0773,4.5,2.7,1.7999999999999998
eval_20260722_233914,Ministral-3-8B-Instruct-2512,e5,twostage,e5/twostage,657,SPD,5,-0.6791,-1.1985,-1.03294,0.04256320299999998,0.5193999999999999,6.8,2.7,4.1
eval_20260722_233914,Ministral-3-8B-Instruct-2512,e5,twostage,e5/twostage,641,SPD,5,-1.7228,-4.2919,-2.9506,0.948371485,2.5690999999999997,4.5,2.7,1.7999999999999998
eval_20260722_233914,Ministral-3-8B-Instruct-2512,e5,twostage,e5/twostage,508,DIE LINKE,5,-0.181,-2.0013,-1.3340600000000002,0.48580861299999994,1.8203,5.8,1.3,4.5
eval_20260722_233914,Ministral-3-8B-Instruct-2512,e5,twostage,e5/twostage,177,AfD,5,0.9531,-2.7205,-1.74016,2.3438331030000006,3.6736,6.8,6.5,0.2999999999999998
eval_20260722_233914,Ministral-3-8B-Instruct-2512,e5,twostage,e5/twostage,559,DIE LINKE,5,1.7585,0.9005,1.3285,0.09416534,0.858,7.0,1.3,5.7
eval_20260722_233914,Ministral-3-8B-Instruct-2512,e5,twostage,e5/twostage,540,DIE LINKE,5,-0.0704,-2.691,-1.6774200000000001,1.0854906719999997,2.6206,1.5,1.3,0.19999999999999996
eval_20260722_233914,Ministral-3-8B-Instruct-2512,e5,twostage,e5/twostage,164,AfD,5,2.8358,-0.5808,0.82202,1.545898082,3.4166,7.0,6.5,0.5
eval_20260722_233914,Ministral-3-8B-Instruct-2512,e5,twostage,e5/twostage,249,BÜNDNIS 90/DIE GRÜNEN,5,0.7749,-1.4866,-0.5495599999999999,0.844785958,2.2615,2.1,2.4,0.2999999999999998
eval_20260722_233914,Ministral-3-8B-Instruct-2512,e5,twostage,e5/twostage,531,DIE LINKE,5,-0.4087,-3.7442,-2.13324,1.6288799530000002,3.3355,4.5,1.3,3.2
eval_20260722_233914,Ministral-3-8B-Instruct-2512,e5,twostage,e5/twostage,735,SPD,5,1.7457,-3.1485,-1.1531399999999998,5.810793323,4.8942,3.8,2.7,1.0999999999999996
eval_20260722_233914,Ministral-3-8B-Instruct-2512,e5,twostage,e5/twostage,709,SPD,5,-2.5373,-3.0861,-2.89546,0.04736837299999997,0.5488,4.2,2.7,1.5
eval_20260722_233914,Ministral-3-8B-Instruct-2512,e5,twostage,e5/twostage,418,DIE LINKE,5,0.0198,-3.4067,-2.3251600000000003,1.865051383,3.4265,1.2,1.3,0.10000000000000009
eval_20260722_233914,Ministral-3-8B-Instruct-2512,e5,twostage,e5/twostage,105,CDU/CSU,5,-2.1801,-3.431,-2.8005400000000003,0.27540392300000005,1.2509000000000001,6.8,4.7,2.0999999999999996
eval_20260722_233914,Ministral-3-8B-Instruct-2512,e5,twostage,e5/twostage,115,AfD,5,-0.8219,-3.2844,-2.3564,1.0051863950000002,2.4625000000000004,7.0,6.5,0.5
eval_20260722_233914,Ministral-3-8B-Instruct-2512,e5,twostage,e5/twostage,672,SPD,5,-2.9366,-5.2434,-4.6344,0.9535713350000002,2.3068000000000004,4.5,2.7,1.7999999999999998
eval_20260722_233914,Ministral-3-8B-Instruct-2512,e5,twostage,e5/twostage,93,DIE LINKE,5,1.0493,-3.7067,-1.7356200000000002,3.1525525570000004,4.756,5.8,1.3,4.5
eval_20260722_233914,Ministral-3-8B-Instruct-2512,e5,twostage,e5/twostage,424,DIE LINKE,5,5.5216,-0.6277,2.01396,6.252338773000001,6.1493,3.2,1.3,1.9000000000000001
eval_20260722_233914,Ministral-3-8B-Instruct-2512,e5,twostage,e5/twostage,90,DIE LINKE,5,-2.0721,-2.773,-2.47128,0.07742661700000007,0.7009000000000003,1.2,1.3,0.10000000000000009
eval_20260722_233914,Ministral-3-8B-Instruct-2512,e5,twostage,e5/twostage,443,DIE LINKE,5,-2.7685,-4.0859,-3.5836999999999994,0.30036589999999985,1.3173999999999997,1.1,1.3,0.19999999999999996
eval_20260722_233914,Ministral-3-8B-Instruct-2512,e5,twostage,e5/twostage,755,SPD,5,2.6963,-0.0173,1.0981800000000002,1.243170907,2.7136,3.8,2.7,1.0999999999999996
eval_20260722_233914,Ministral-3-8B-Instruct-2512,e5,twostage,e5/twostage,764,SPD,5,-0.5625,-4.2085,-3.3040599999999998,2.4311838630000002,3.646,4.2,2.7,1.5
eval_20260722_233914,Ministral-3-8B-Instruct-2512,e5,twostage,e5/twostage,686,SPD,5,-1.5701,-2.5662,-2.10336,0.1769607929999999,0.9960999999999998,5.8,2.7,3.0999999999999996
eval_20260722_233914,Ministral-3-8B-Instruct-2512,e5,twostage,e5/twostage,592,DIE LINKE,5,1.5274,-2.3333,-0.9008199999999998,2.870122797,3.8607,1.3,1.3,0.0
eval_20260722_233914,Ministral-3-8B-Instruct-2512,e5,twostage,e5/twostage,756,SPD,5,-2.3398,-4.4639,-3.6669199999999997,0.6900160269999998,2.1241,3.2,2.7,0.5
eval_20260722_233914,Ministral-3-8B-Instruct-2512,e5,twostage,e5/twostage,11,BÜNDNIS 90/DIE GRÜNEN,5,4.5725,-0.1117,1.1672799999999999,3.7514991119999994,4.6842,6.8,2.4,4.4
eval_20260722_233914,Ministral-3-8B-Instruct-2512,e5,twostage,e5/twostage,501,DIE LINKE,5,-0.3418,-2.7897,-1.99586,1.0571702629999997,2.4478999999999997,2.8,1.3,1.4999999999999998
eval_20260722_233914,Ministral-3-8B-Instruct-2512,e5,twostage,e5/twostage,43,CDU/CSU,5,-0.8364,-1.7817,-1.3202,0.17993622000000004,0.9453,,4.7,
eval_20260722_233914,Ministral-3-8B-Instruct-2512,e5,twostage,e5/twostage,42,CDU/CSU,5,-0.5577,-2.9356,-2.08536,0.809993283,2.3779,3.2,4.7,1.5
eval_20260722_233914,Ministral-3-8B-Instruct-2512,e5,twostage,e5/twostage,168,AfD,5,4.7422,0.9241,2.49516,2.1918709530000005,3.8181000000000003,6.8,6.5,0.2999999999999998
eval_20260722_233914,Ministral-3-8B-Instruct-2512,e5,twostage,e5/twostage,589,DIE LINKE,5,8.1482,-1.7657,1.4906599999999999,16.706431513,9.9139,1.2,1.3,0.10000000000000009
eval_20260722_233914,Ministral-3-8B-Instruct-2512,e5,twostage,e5/twostage,644,SPD,5,-2.9197,-4.6647,-3.84572,0.5066466219999999,1.7449999999999997,3.5,2.7,0.7999999999999998
eval_20260722_233914,Ministral-3-8B-Instruct-2512,e5,twostage,e5/twostage,179,AfD,5,-0.9021,-1.687,-1.403,0.113847515,0.7849,7.0,6.5,0.5
eval_20260722_233914,Ministral-3-8B-Instruct-2512,e5,twostage,e5/twostage,552,DIE LINKE,5,-2.3722,-3.9081,-2.92252,0.3861181370000001,1.5359000000000003,2.1,1.3,0.8
eval_20260722_233914,Ministral-3-8B-Instruct-2512,e5,twostage,e5/twostage,178,AfD,5,-2.2119,-4.7088,-3.97838,1.020559257,2.4969,7.0,6.5,0.5
eval_20260722_233914,Ministral-3-8B-Instruct-2512,e5,twostage,e5/twostage,573,DIE LINKE,5,4.7296,1.8188,3.20676,1.8804576429999997,2.9107999999999996,4.5,1.3,3.2
eval_20260722_233914,Ministral-3-8B-Instruct-2512,e5,twostage,e5/twostage,258,BÜNDNIS 90/DIE GRÜNEN,5,4.1466,-0.2673,1.33152,3.1770986120000004,4.4139,1.1,2.4,1.2999999999999998
eval_20260722_233914,Ministral-3-8B-Instruct-2512,e5,twostage,e5/twostage,449,DIE LINKE,5,5.8647,-3.1051,0.7868599999999999,12.422127003000002,8.9698,2.1,1.3,0.8
eval_20260722_233914,Ministral-3-8B-Instruct-2512,e5,twostage,e5/twostage,486,DIE LINKE,5,5.6545,-2.3973,0.2577999999999999,11.584990025,8.0518,1.2,1.3,0.10000000000000009
eval_20260722_233914,Ministral-3-8B-Instruct-2512,e5,twostage,e5/twostage,15,BÜNDNIS 90/DIE GRÜNEN,5,2.1828,-1.4665,-0.47696000000000005,2.271723673,3.6492999999999998,3.2,2.4,0.8000000000000003
eval_20260722_233914,Ministral-3-8B-Instruct-2512,e5,twostage,e5/twostage,3,CDU/CSU,5,3.7106,2.2639,2.9596199999999997,0.47664173200000004,1.4466999999999999,5.8,4.7,1.0999999999999996
eval_20260722_233914,Ministral-3-8B-Instruct-2512,e5,twostage,e5/twostage,347,CSU,5,-1.5139,-3.4847,-2.6905,0.5297857650000001,1.9708,4.2,5.4,1.2000000000000002
eval_20260722_233914,Ministral-3-8B-Instruct-2512,e5,twostage,e5/twostage,257,BÜNDNIS 90/DIE GRÜNEN,5,0.9521,-1.6893,-0.69338,1.1636025970000001,2.6414,5.8,2.4,3.4
eval_20260722_233914,Ministral-3-8B-Instruct-2512,e5,twostage,e5/twostage,384,FDP,5,-1.9312,-3.8249,-2.62718,0.559985612,1.8937,1.2,4.3,3.0999999999999996
eval_20260722_233914,Ministral-3-8B-Instruct-2512,e5,twostage,e5/twostage,594,DIE LINKE,5,1.1949,0.3077,0.60976,0.13243456300000003,0.8872000000000001,4.5,1.3,3.2
eval_20260722_233914,Ministral-3-8B-Instruct-2512,e5,twostage,e5/twostage,797,SPD,5,-2.4309,-3.7543,-3.26462,0.28365417700000006,1.3234000000000004,3.2,2.7,0.5
eval_20260722_233914,Ministral-3-8B-Instruct-2512,e5,twostage,e5/twostage,798,SPD,5,0.2938,-0.8915,-0.49437999999999993,0.299418482,1.1853,4.5,2.7,1.7999999999999998
eval_20260722_233914,Ministral-3-8B-Instruct-2512,e5,twostage,e5/twostage,430,DIE LINKE,5,2.7741,-2.08,-0.37520000000000003,3.7898088100000002,4.8541,3.2,1.3,1.9000000000000001
eval_20260722_233914,Ministral-3-8B-Instruct-2512,e5,twostage,e5/twostage,616,SPD,5,0.3138,-1.909,-1.04658,0.8282044120000002,2.2228,4.2,2.7,1.5
eval_20260722_233914,Ministral-3-8B-Instruct-2512,e5,twostage,e5/twostage,412,FDP,5,1.2474,-0.4964,0.3684,0.57359694,1.7438,4.2,4.3,0.09999999999999964
eval_20260722_233914,Ministral-3-8B-Instruct-2512,e5,twostage,e5/twostage,325,CDU,5,0.3676,-1.1917,-0.58866,0.39710021799999995,1.5593,4.2,4.7,0.5
eval_20260722_233914,Ministral-3-8B-Instruct-2512,e5,twostage,e5/twostage,670,SPD,5,-1.1218,-4.4896,-3.7049399999999997,2.1126548080000003,3.3678000000000003,4.5,2.7,1.7999999999999998
eval_20260722_233914,Ministral-3-8B-Instruct-2512,e5,twostage,e5/twostage,9,BÜNDNIS 90/DIE GRÜNEN,5,2.9253,1.2472,1.9747,0.6228553250000001,1.6781,3.2,2.4,0.8000000000000003
eval_20260722_233914,Ministral-3-8B-Instruct-2512,e5,twostage,e5/twostage,250,BÜNDNIS 90/DIE GRÜNEN,5,-0.4776,-4.784,-3.1867799999999997,3.030194732,4.3064,4.5,2.4,2.1
eval_20260722_233914,Ministral-3-8B-Instruct-2512,e5,twostage,e5/twostage,22,BÜNDNIS 90/DIE GRÜNEN,5,0.1857,-1.0813,-0.47797999999999996,0.20305834699999997,1.267,,2.4,
eval_20260722_233914,Ministral-3-8B-Instruct-2512,e5,twostage,e5/twostage,222,BÜNDNIS 90/DIE GRÜNEN,5,0.1958,-1.2209,-0.48804,0.29921759300000006,1.4167,1.2,2.4,1.2
eval_20260722_233914,Ministral-3-8B-Instruct-2512,e5,twostage,e5/twostage,560,DIE LINKE,5,0.3446,-4.1592,-2.79896,3.9360053230000003,4.5038,1.2,1.3,0.10000000000000009
eval_20260722_233914,Ministral-3-8B-Instruct-2512,e5,twostage,e5/twostage,707,SPD,5,-1.3663,-3.277,-2.55362,0.623672457,1.9107,3.2,2.7,0.5
eval_20260722_233914,Ministral-3-8B-Instruct-2512,e5,twostage,e5/twostage,805,SPD,5,-2.3484,-3.1317,-2.82278,0.14678388699999997,0.7833000000000001,,2.7,
eval_20260722_233914,Ministral-3-8B-Instruct-2512,e5,twostage,e5/twostage,468,DIE LINKE,5,2.1096,-1.8109,-0.24008000000000002,2.1550887819999995,3.9204999999999997,1.2,1.3,0.10000000000000009
eval_20260722_233914,Ministral-3-8B-Instruct-2512,e5,twostage,e5/twostage,341,CDU,5,5.1655,1.1253,2.93334,2.7491685479999997,4.0402,6.5,4.7,1.7999999999999998
eval_20260722_233914,Ministral-3-8B-Instruct-2512,e5,twostage,e5/twostage,238,BÜNDNIS 90/DIE GRÜNEN,5,-2.9718,-5.2007,-4.505780000000001,0.9175418720000003,2.2289000000000003,2.8,2.4,0.3999999999999999
eval_20260722_233914,Ministral-3-8B-Instruct-2512,e5,twostage,e5/twostage,94,AfD,5,0.1941,-1.4693,-0.7381200000000001,0.460713582,1.6634,6.8,6.5,0.2999999999999998
eval_20260722_233914,Ministral-3-8B-Instruct-2512,e5,twostage,e5/twostage,413,FDP,5,-0.7964,-3.1247,-2.2425399999999995,0.8500634829999998,2.3282999999999996,4.2,4.3,0.09999999999999964
eval_20260722_233914,Ministral-3-8B-Instruct-2512,e5,twostage,e5/twostage,636,SPD,5,-1.0386,-1.8144,-1.3371,0.10044995,0.7758,3.8,2.7,1.0999999999999996
eval_20260722_233914,Ministral-3-8B-Instruct-2512,e5,twostage,e5/twostage,719,SPD,5,0.0054,-2.0037,-1.5018,0.717743255,2.0090999999999997,3.8,2.7,1.0999999999999996
eval_20260722_233914,Ministral-3-8B-Instruct-2512,e5,twostage,e5/twostage,285,BÜNDNIS 90/DIE GRÜNEN,5,-1.1933,-2.2571,-1.85472,0.21268175200000003,1.0637999999999999,5.8,2.4,3.4
eval_20260722_233914,Ministral-3-8B-Instruct-2512,e5,twostage,e5/twostage,185,AfD,5,3.3762,-1.5064,0.6090599999999998,3.7169284879999993,4.8826,7.0,6.5,0.5
eval_20260722_233914,Ministral-3-8B-Instruct-2512,e5,twostage,e5/twostage,665,SPD,5,1.9769,0.3199,0.9575799999999999,0.414361572,1.657,4.5,2.7,1.7999999999999998
eval_20260722_233914,Ministral-3-8B-Instruct-2512,e5,twostage,e5/twostage,690,SPD,5,-0.5923,-2.6582,-2.21766,0.8268808779999999,2.0659,,2.7,
eval_20260722_233914,Ministral-3-8B-Instruct-2512,e5,twostage,e5/twostage,154,AfD,5,-3.4379,-4.5239,-4.09452,0.19759614200000009,1.0860000000000003,6.8,6.5,0.2999999999999998
eval_20260722_233914,Ministral-3-8B-Instruct-2512,e5,twostage,e5/twostage,76,SPD,5,0.1208,-3.7092,-1.98692,2.182322452,3.83,4.5,2.7,1.7999999999999998
eval_20260722_233914,Ministral-3-8B-Instruct-2512,e5,twostage,e5/twostage,466,DIE LINKE,5,-3.6129,-4.8016,-4.46818,0.241956302,1.1886999999999999,3.2,1.3,1.9000000000000001
eval_20260722_233914,Ministral-3-8B-Instruct-2512,e5,twostage,e5/twostage,513,DIE LINKE,5,0.6316,-2.3569,-1.13008,1.180140637,2.9885,2.8,1.3,1.4999999999999998
eval_20260722_233914,Ministral-3-8B-Instruct-2512,e5,twostage,e5/twostage,278,BÜNDNIS 90/DIE GRÜNEN,5,3.3119,-1.0058,0.5027399999999999,3.2374583530000005,4.3177,2.1,2.4,0.2999999999999998
eval_20260722_233914,Ministral-3-8B-Instruct-2512,e5,twostage,e5/twostage,69,BÜNDNIS 90/DIE GRÜNEN,5,-2.3186,-3.3002,-2.976,0.16341335999999995,0.9815999999999998,2.1,2.4,0.2999999999999998
eval_20260722_233914,Ministral-3-8B-Instruct-2512,e5,twostage,e5/twostage,526,DIE LINKE,5,-3.2983,-4.4739,-4.00682,0.23731449700000018,1.1756000000000006,1.3,1.3,0.0
eval_20260722_233914,Ministral-3-8B-Instruct-2512,e5,twostage,e5/twostage,189,AfD,5,2.9119,1.3552,2.24744,0.37075265300000004,1.5567000000000002,6.8,6.5,0.2999999999999998
eval_20260722_233914,Ministral-3-8B-Instruct-2512,e5,twostage,e5/twostage,272,BÜNDNIS 90/DIE GRÜNEN,5,-1.0068,-2.6308,-1.8540199999999998,0.37577464699999996,1.6239999999999999,3.8,2.4,1.4
eval_20260722_233914,Ministral-3-8B-Instruct-2512,e5,twostage,e5/twostage,517,DIE LINKE,5,1.1141,-2.9898,-0.78828,2.926507187,4.103899999999999,6.8,1.3,5.5
eval_20260722_233914,Ministral-3-8B-Instruct-2512,e5,twostage,e5/twostage,237,BÜNDNIS 90/DIE GRÜNEN,5,0.5367,-1.781,-0.64682,1.011016362,2.3177,2.8,2.4,0.3999999999999999
eval_20260722_233914,Ministral-3-8B-Instruct-2512,e5,twostage,e5/twostage,89,BÜNDNIS 90/DIE GRÜNEN,5,-0.738,-2.9851,-2.4008000000000003,0.879274825,2.2471,1.2,2.4,1.2
eval_20260722_233914,Ministral-3-8B-Instruct-2512,e5,twostage,e5/twostage,698,SPD,5,1.8225,-1.8427,-0.54992,2.177347562,3.6652,3.2,2.7,0.5
eval_20260722_233914,Ministral-3-8B-Instruct-2512,e5,twostage,e5/twostage,118,AfD,5,0.4526,-2.2319,-1.2518,1.189024995,2.6845,6.8,6.5,0.2999999999999998
eval_20260722_233914,Ministral-3-8B-Instruct-2512,e5,twostage,e5/twostage,126,AfD,5,-1.3874,-3.0131,-2.3608000000000002,0.35195914500000003,1.6257000000000001,,6.5,
eval_20260722_233914,Ministral-3-8B-Instruct-2512,e5,twostage,e5/twostage,676,SPD,5,-3.2656,-4.7084,-4.05032,0.4276296919999999,1.4428,2.1,2.7,0.6000000000000001
eval_20260722_233914,Ministral-3-8B-Instruct-2512,e5,twostage,e5/twostage,290,BÜNDNIS 90/DIE GRÜNEN,5,0.4773,-1.461,-0.57836,0.5646552230000002,1.9383000000000001,2.1,2.4,0.2999999999999998
eval_20260722_233914,Ministral-3-8B-Instruct-2512,e5,twostage,e5/twostage,239,BÜNDNIS 90/DIE GRÜNEN,5,-1.9357,-3.3402,-2.6306399999999996,0.43107072800000007,1.4044999999999999,2.8,2.4,0.3999999999999999
eval_20260722_233914,Ministral-3-8B-Instruct-2512,e5,twostage,e5/twostage,0,BÜNDNIS 90/DIE GRÜNEN,5,3.7947,1.1549,2.0256,1.07480533,2.6398,2.3,2.4,0.10000000000000009
eval_20260722_233914,Ministral-3-8B-Instruct-2512,e5,twostage,e5/twostage,812,SPD,5,0.213,-0.6906,-0.26986,0.160762758,0.9036,5.8,2.7,3.0999999999999996
eval_20260722_233914,Ministral-3-8B-Instruct-2512,e5,twostage,e5/twostage,397,FDP,5,-1.942,-4.7805,-3.3645399999999994,1.263993053,2.8385,1.2,4.3,3.0999999999999996
eval_20260722_233914,Ministral-3-8B-Instruct-2512,e5,twostage,e5/twostage,717,SPD,5,5.9406,0.7128,2.23476,4.434686242999999,5.2278,3.2,2.7,0.5
eval_20260722_233914,Ministral-3-8B-Instruct-2512,e5,twostage,e5/twostage,479,DIE LINKE,5,-1.003,-1.4597,-1.204,0.02679238500000001,0.4567000000000001,3.5,1.3,2.2
eval_20260722_233914,Ministral-3-8B-Instruct-2512,e5,twostage,e5/twostage,279,BÜNDNIS 90/DIE GRÜNEN,5,5.2547,1.4108,3.05118,2.6062583669999997,3.8438999999999997,3.2,2.4,0.8000000000000003
eval_20260722_233914,Ministral-3-8B-Instruct-2512,e5,twostage,e5/twostage,639,SPD,5,-1.8986,-2.9134,-2.48746,0.20429696300000003,1.0148000000000001,3.5,2.7,0.7999999999999998
eval_20260722_233914,Ministral-3-8B-Instruct-2512,e5,twostage,e5/twostage,117,AfD,5,-1.4006,-2.4721,-2.1101,0.183413035,1.0715000000000001,7.0,6.5,0.5
eval_20260722_233914,Ministral-3-8B-Instruct-2512,e5,twostage,e5/twostage,229,BÜNDNIS 90/DIE GRÜNEN,5,3.6846,1.5398,2.2820799999999997,0.7505492570000001,2.1448,2.1,2.4,0.2999999999999998
eval_20260722_233914,Ministral-3-8B-Instruct-2512,e5,twostage,e5/twostage,580,DIE LINKE,5,0.6452,-0.3927,0.16541999999999998,0.226592527,1.0379,2.1,1.3,0.8
eval_20260722_233914,Ministral-3-8B-Instruct-2512,e5,twostage,e5/twostage,433,DIE LINKE,5,1.1263,0.0954,0.8339000000000001,0.179309615,1.0309000000000001,2.8,1.3,1.4999999999999998
eval_20260722_233914,Ministral-3-8B-Instruct-2512,e5,twostage,e5/twostage,447,DIE LINKE,5,1.5485,0.6399,1.0632,0.10830367999999999,0.9086,1.2,1.3,0.10000000000000009
eval_20260722_233914,Ministral-3-8B-Instruct-2512,e5,twostage,e5/twostage,275,BÜNDNIS 90/DIE GRÜNEN,5,3.5154,-0.8959,0.52522,2.9495342470000008,4.4113,3.2,2.4,0.8000000000000003
eval_20260722_233914,Ministral-3-8B-Instruct-2512,e5,twostage,e5/twostage,629,SPD,5,-0.1532,-4.0514,-2.7976800000000006,2.312265132,3.8982,4.5,2.7,1.7999999999999998
eval_20260722_233914,Ministral-3-8B-Instruct-2512,e5,twostage,e5/twostage,145,AfD,5,0.2589,-1.4158,-0.55824,0.455521253,1.6747,1.2,6.5,5.3
eval_20260722_233914,Ministral-3-8B-Instruct-2512,e5,twostage,e5/twostage,591,DIE LINKE,5,2.8608,-2.3051,-0.70198,4.372523122,5.1659,2.1,1.3,0.8
eval_20260722_233914,Ministral-3-8B-Instruct-2512,e5,twostage,e5/twostage,520,DIE LINKE,5,0.8071,-0.6091,0.14098000000000005,0.35801068700000005,1.4162,6.8,1.3,5.5
eval_20260722_233914,Ministral-3-8B-Instruct-2512,e5,twostage,e5/twostage,747,SPD,5,4.5749,1.1729,2.4229000000000003,1.6374387850000003,3.402,3.5,2.7,0.7999999999999998
eval_20260722_233914,Ministral-3-8B-Instruct-2512,e5,twostage,e5/twostage,599,SPD,5,0.4659,-1.8481,-0.56962,0.684141777,2.314,4.2,2.7,1.5
eval_20260722_233914,Ministral-3-8B-Instruct-2512,e5,twostage,e5/twostage,370,FDP,5,-2.0684,-4.1534,-3.1550400000000005,0.7463829030000002,2.0850000000000004,2.1,4.3,2.1999999999999997
eval_20260722_233914,Ministral-3-8B-Instruct-2512,e5,twostage,e5/twostage,269,BÜNDNIS 90/DIE GRÜNEN,5,-0.1319,-3.3426,-1.8995199999999997,2.244226867,3.2107,5.8,2.4,3.4
eval_20260722_233914,Ministral-3-8B-Instruct-2512,e5,twostage,e5/twostage,581,DIE LINKE,5,0.7398,-1.5264,-0.7620199999999999,0.7800351170000001,2.2662,1.2,1.3,0.10000000000000009
eval_20260722_233914,Ministral-3-8B-Instruct-2512,e5,twostage,e5/twostage,311,BÜNDNIS 90/DIE GRÜNEN,5,0.3142,-1.2602,-0.60748,0.35352704700000004,1.5744,4.2,2.4,1.8000000000000003
eval_20260722_233914,Ministral-3-8B-Instruct-2512,e5,twostage,e5/twostage,596,DIE LINKE,5,0.0701,-2.1116,-1.49622,0.830945087,2.1817,1.1,1.3,0.19999999999999996
eval_20260722_233914,Ministral-3-8B-Instruct-2512,e5,twostage,e5/twostage,47,CDU/CSU,5,3.878,0.2991,2.0747799999999996,1.9983406670000001,3.5789,4.5,4.7,0.20000000000000018
eval_20260722_233914,Ministral-3-8B-Instruct-2512,e5,twostage,e5/twostage,350,FDP,5,-2.7091,-3.5578,-3.19774,0.11822379299999998,0.8487,6.8,4.3,2.5
eval_20260722_233914,Ministral-3-8B-Instruct-2512,e5,twostage,e5/twostage,536,DIE LINKE,5,2.9758,-0.1189,1.27116,1.932751423,3.0947,1.2,1.3,0.10000000000000009
eval_20260722_233914,Ministral-3-8B-Instruct-2512,e5,twostage,e5/twostage,262,BÜNDNIS 90/DIE GRÜNEN,5,0.3478,-0.8445,-0.38184,0.303222973,1.1923,4.2,2.4,1.8000000000000003
eval_20260722_233914,Ministral-3-8B-Instruct-2512,e5,twostage,e5/twostage,196,AfD,5,-0.0093,-1.2533,-0.5897,0.25219778000000004,1.244,6.8,6.5,0.2999999999999998
eval_20260722_233914,Ministral-3-8B-Instruct-2512,e5,twostage,e5/twostage,820,SPD,5,-1.96,-2.7651,-2.31382,0.116715597,0.8050999999999999,5.8,2.7,3.0999999999999996
eval_20260722_233914,Ministral-3-8B-Instruct-2512,e5,twostage,e5/twostage,688,SPD,5,3.7995,0.9328,1.82362,1.3979789570000003,2.8667000000000002,3.8,2.7,1.0999999999999996
eval_20260722_233914,Ministral-3-8B-Instruct-2512,e5,twostage,e5/twostage,108,AfD,5,1.0189,-1.0306,-0.30646000000000007,0.6730832429999999,2.0495,6.2,6.5,0.2999999999999998
eval_20260722_233914,Ministral-3-8B-Instruct-2512,e5,twostage,e5/twostage,60,BÜNDNIS 90/DIE GRÜNEN,5,-1.1873,-2.4462,-1.8839399999999997,0.325212043,1.2589000000000001,4.5,2.4,2.1
eval_20260722_233914,Ministral-3-8B-Instruct-2512,e5,twostage,e5/twostage,623,SPD,5,-1.8811,-3.9572,-3.1143,0.65707651,2.0761,5.8,2.7,3.0999999999999996
eval_20260722_233914,Ministral-3-8B-Instruct-2512,e5,twostage,e5/twostage,452,DIE LINKE,5,-0.1509,-3.1388,-1.91262,1.623808597,2.9879,7.0,1.3,5.7
eval_20260722_233914,Ministral-3-8B-Instruct-2512,e5,twostage,e5/twostage,101,BÜNDNIS 90/DIE GRÜNEN,5,3.0986,1.6961,2.3848,0.420498135,1.4024999999999999,1.2,2.4,1.2
eval_20260722_233914,Ministral-3-8B-Instruct-2512,e5,twostage,e5/twostage,491,DIE LINKE,5,0.0738,-1.7147,-0.66982,0.436616542,1.7885,1.2,1.3,0.10000000000000009
eval_20260722_233914,Ministral-3-8B-Instruct-2512,e5,twostage,e5/twostage,738,SPD,5,1.792,0.5951,1.0867200000000001,0.203947027,1.1969,3.2,2.7,0.5
eval_20260722_233914,Ministral-3-8B-Instruct-2512,e5,twostage,e5/twostage,597,SPD,5,-2.0376,-2.8143,-2.49444,0.10917570800000004,0.7767,7.0,2.7,4.3
eval_20260722_233914,Ministral-3-8B-Instruct-2512,e5,twostage,e5/twostage,811,SPD,5,2.0815,-1.2051,0.08606000000000003,1.800579748,3.2866,6.5,2.7,3.8
eval_20260722_233914,Ministral-3-8B-Instruct-2512,e5,twostage,e5/twostage,180,AfD,5,-2.3792,-3.741,-3.2226800000000004,0.259427572,1.3618000000000001,7.0,6.5,0.5
eval_20260722_233914,Ministral-3-8B-Instruct-2512,e5,twostage,e5/twostage,305,BÜNDNIS 90/DIE GRÜNEN,5,0.3834,-0.5093,-0.08139999999999999,0.12664226499999998,0.8927,2.1,2.4,0.2999999999999998
eval_20260722_233914,Ministral-3-8B-Instruct-2512,e5,twostage,e5/twostage,630,SPD,5,1.0255,-2.0265,-0.62442,1.400667452,3.052,4.2,2.7,1.5
eval_20260722_233914,Ministral-3-8B-Instruct-2512,e5,twostage,e5/twostage,724,SPD,5,-2.3613,-3.7946,-3.2382999999999997,0.30881691499999997,1.4333,6.5,2.7,3.8
eval_20260722_233914,Ministral-3-8B-Instruct-2512,e5,twostage,e5/twostage,791,SPD,5,-0.5363,-4.0481,-2.94958,1.9394417870000003,3.5118,6.8,2.7,4.1
eval_20260722_233914,Ministral-3-8B-Instruct-2512,e5,twostage,e5/twostage,150,AfD,5,-0.1199,-2.5862,-1.46706,1.4196089130000002,2.4663,6.8,6.5,0.2999999999999998
eval_20260722_233914,Ministral-3-8B-Instruct-2512,e5,twostage,e5/twostage,650,SPD,5,-2.6956,-4.0125,-3.3745399999999997,0.33661288300000003,1.3169,3.2,2.7,0.5
eval_20260722_233914,Ministral-3-8B-Instruct-2512,e5,twostage,e5/twostage,714,SPD,5,-3.1914,-3.8537,-3.5564799999999996,0.08181754700000002,0.6623000000000001,2.1,2.7,0.6000000000000001
eval_20260722_233914,Ministral-3-8B-Instruct-2512,e5,twostage,e5/twostage,186,AfD,5,2.2624,-0.7371,0.2389800000000001,1.3691145470000001,2.9995,7.0,6.5,0.5
eval_20260722_233914,Ministral-3-8B-Instruct-2512,e5,twostage,e5/twostage,681,SPD,5,0.2477,-0.636,-0.17574,0.132727123,0.8837,4.5,2.7,1.7999999999999998
eval_20260722_233914,Ministral-3-8B-Instruct-2512,e5,twostage,e5/twostage,51,BÜNDNIS 90/DIE GRÜNEN,5,0.6241,-4.1321,-2.0927,3.037897125,4.756200000000001,7.0,2.4,4.6
eval_20260722_233914,Ministral-3-8B-Instruct-2512,e5,twostage,e5/twostage,482,DIE LINKE,5,-0.0131,-2.4543,-1.1532,1.131890315,2.4412,2.1,1.3,0.8
eval_20260722_233914,Ministral-3-8B-Instruct-2512,e5,twostage,e5/twostage,810,SPD,5,-0.5863,-2.3611,-1.51356,0.5509078829999999,1.7748,,2.7,
eval_20260722_233914,Ministral-3-8B-Instruct-2512,e5,twostage,e5/twostage,484,DIE LINKE,5,7.2162,2.9038,4.53248,2.9145097570000003,4.3124,3.2,1.3,1.9000000000000001
eval_20260722_233914,Ministral-3-8B-Instruct-2512,e5,twostage,e5/twostage,322,CDU,5,-3.1523,-5.2105,-4.44196,0.704924193,2.0582,4.5,4.7,0.20000000000000018
eval_20260722_233914,Ministral-3-8B-Instruct-2512,e5,twostage,e5/twostage,354,FDP,5,0.5919,-1.5034,-0.9521599999999999,0.769283188,2.0953,5.8,4.3,1.5
eval_20260722_233914,Ministral-3-8B-Instruct-2512,e5,twostage,e5/twostage,760,SPD,5,1.0804,-1.7808,-0.86338,1.325777192,2.8612,6.5,2.7,3.8
eval_20260722_233914,Ministral-3-8B-Instruct-2512,e5,twostage,e5/twostage,143,AfD,5,2.6065,0.8211,1.6812799999999999,0.5081379920000001,1.7854,6.8,6.5,0.2999999999999998
eval_20260722_233914,Ministral-3-8B-Instruct-2512,e5,twostage,e5/twostage,371,FDP,5,1.911,-1.4636,0.18419999999999997,2.13329456,3.3746,6.8,4.3,2.5
eval_20260722_233914,Ministral-3-8B-Instruct-2512,e5,twostage,e5/twostage,142,AfD,5,1.7556,-0.7771,0.43372,0.9088919170000003,2.5327,7.0,6.5,0.5
eval_20260722_233914,Ministral-3-8B-Instruct-2512,e5,twostage,e5/twostage,400,FDP,5,-1.531,-3.3506,-2.67102,0.5680506620000001,1.8196,3.2,4.3,1.0999999999999996
eval_20260722_233914,Ministral-3-8B-Instruct-2512,e5,twostage,e5/twostage,264,BÜNDNIS 90/DIE GRÜNEN,5,-0.5949,-2.6119,-1.6555600000000001,0.9228643329999999,2.017,2.1,2.4,0.2999999999999998
eval_20260722_233914,Ministral-3-8B-Instruct-2512,e5,twostage,e5/twostage,321,CDU,5,-1.0387,-2.9784,-2.0656600000000003,0.6633204930000001,1.9397000000000002,4.5,4.7,0.20000000000000018
eval_20260722_233914,Ministral-3-8B-Instruct-2512,e5,twostage,e5/twostage,19,BÜNDNIS 90/DIE GRÜNEN,5,-0.7195,-2.3217,-1.69232,0.40771010199999996,1.6021999999999998,3.2,2.4,0.8000000000000003
eval_20260722_233914,Ministral-3-8B-Instruct-2512,e5,twostage,e5/twostage,173,AfD,5,3.4053,0.8847,2.05412,0.9990295220000001,2.5206,7.0,6.5,0.5
eval_20260722_233914,Ministral-3-8B-Instruct-2512,e5,twostage,e5/twostage,669,SPD,5,0.901,-1.0769,-0.5811999999999999,0.6992098800000001,1.9779,5.8,2.7,3.0999999999999996
eval_20260722_233914,Ministral-3-8B-Instruct-2512,e5,twostage,e5/twostage,313,BÜNDNIS 90/DIE GRÜNEN,5,6.4216,3.8811,4.8312,1.329839345,2.5404999999999998,2.1,2.4,0.2999999999999998
eval_20260722_233914,Ministral-3-8B-Instruct-2512,e5,twostage,e5/twostage,766,SPD,5,-0.5462,-2.0253,-1.33416,0.411466513,1.4791,2.1,2.7,0.6000000000000001
eval_20260722_233914,Ministral-3-8B-Instruct-2512,e5,twostage,e5/twostage,12,BÜNDNIS 90/DIE GRÜNEN,5,-2.8168,-3.9944,-3.3810200000000004,0.273441422,1.1776,3.2,2.4,0.8000000000000003
eval_20260722_233914,Ministral-3-8B-Instruct-2512,e5,twostage,e5/twostage,408,FDP,5,1.9389,-2.1551,-1.0601800000000001,3.107862727000001,4.094,2.1,4.3,2.1999999999999997
eval_20260722_233914,Ministral-3-8B-Instruct-2512,e5,twostage,e5/twostage,409,FDP,5,1.104,-0.9206,-0.03603999999999996,0.6212930680000001,2.0246,5.8,4.3,1.5
eval_20260722_233914,Ministral-3-8B-Instruct-2512,e5,twostage,e5/twostage,306,BÜNDNIS 90/DIE GRÜNEN,5,-0.4515,-2.7785,-1.83258,1.0911788370000002,2.327,1.2,2.4,1.2
eval_20260722_233914,Ministral-3-8B-Instruct-2512,e5,twostage,e5/twostage,355,FDP,5,-1.103,-4.0428,-2.67256,1.623847588,2.9398,3.5,4.3,0.7999999999999998
eval_20260722_233914,Ministral-3-8B-Instruct-2512,e5,twostage,e5/twostage,170,AfD,5,4.4571,2.5424,3.39576,0.6429322229999997,1.9146999999999994,6.8,6.5,0.2999999999999998
eval_20260722_233914,Ministral-3-8B-Instruct-2512,e5,twostage,e5/twostage,38,AfD,5,1.6777,0.601,0.99164,0.25558651300000007,1.0767,6.8,6.5,0.2999999999999998
eval_20260722_233914,Ministral-3-8B-Instruct-2512,e5,twostage,e5/twostage,176,AfD,5,-2.6352,-3.5999,-3.3282,0.15479218499999994,0.9646999999999997,6.9,6.5,0.40000000000000036
eval_20260722_233914,Ministral-3-8B-Instruct-2512,e5,twostage,e5/twostage,246,BÜNDNIS 90/DIE GRÜNEN,5,3.5863,1.6601,2.288,0.615588425,1.9262000000000001,3.2,2.4,0.8000000000000003
eval_20260722_233914,Ministral-3-8B-Instruct-2512,e5,twostage,e5/twostage,693,SPD,5,-2.0463,-4.3045,-3.26036,0.9712613079999999,2.2582,3.2,2.7,0.5
eval_20260722_233914,Ministral-3-8B-Instruct-2512,e5,twostage,e5/twostage,417,DIE LINKE,5,1.3096,-1.0179,-0.39586,0.9621422079999999,2.3275,2.1,1.3,0.8
eval_20260722_233914,Ministral-3-8B-Instruct-2512,e5,twostage,e5/twostage,787,SPD,5,1.5548,-2.2109,-1.2235600000000002,2.4640261729999997,3.7657,4.2,2.7,1.5
eval_20260722_233914,Ministral-3-8B-Instruct-2512,e5,twostage,e5/twostage,273,BÜNDNIS 90/DIE GRÜNEN,5,3.3009,-0.9616,1.12642,2.708928577,4.2625,3.2,2.4,0.8000000000000003
eval_20260722_233914,Ministral-3-8B-Instruct-2512,e5,twostage,e5/twostage,474,DIE LINKE,5,-4.8134,-5.3338,-5.1140799999999995,0.04490985700000002,0.5204000000000004,3.2,1.3,1.9000000000000001
eval_20260722_233914,Ministral-3-8B-Instruct-2512,e5,twostage,e5/twostage,626,SPD,5,0.4807,-3.0516,-2.0543,2.0644658000000002,3.5323,2.8,2.7,0.09999999999999964
eval_20260722_233914,Ministral-3-8B-Instruct-2512,e5,twostage,e5/twostage,127,AfD,5,0.3595,-0.8926,-0.31999999999999995,0.335168345,1.2521,7.0,6.5,0.5
eval_20260722_233914,Ministral-3-8B-Instruct-2512,e5,twostage,e5/twostage,450,DIE LINKE,5,-1.9351,-3.12,-2.50062,0.19412304200000002,1.1849,5.8,1.3,4.5
eval_20260722_233914,Ministral-3-8B-Instruct-2512,e5,twostage,e5/twostage,585,DIE LINKE,5,0.8719,-2.5929,-0.51386,1.744392048,3.4648000000000003,1.2,1.3,0.10000000000000009
eval_20260722_233914,Ministral-3-8B-Instruct-2512,e5,twostage,e5/twostage,342,CDU,5,-0.4922,-1.5377,-1.10818,0.190618827,1.0455,3.2,4.7,1.5
eval_20260722_233914,Ministral-3-8B-Instruct-2512,e5,twostage,e5/twostage,288,BÜNDNIS 90/DIE GRÜNEN,5,1.8294,0.2287,0.9766599999999999,0.4748234229999999,1.6007,2.1,2.4,0.2999999999999998
eval_20260722_233914,Ministral-3-8B-Instruct-2512,e5,twostage,e5/twostage,114,AfD,5,-2.2019,-3.2042,-2.58932,0.160081482,1.0023,7.0,6.5,0.5
eval_20260722_233914,Ministral-3-8B-Instruct-2512,e5,twostage,e5/twostage,514,DIE LINKE,5,1.3328,-1.1169,-0.54332,1.112197657,2.4497,4.5,1.3,3.2
eval_20260722_233914,Ministral-3-8B-Instruct-2512,e5,twostage,e5/twostage,174,AfD,5,-3.3563,-4.6681,-4.28646,0.291241783,1.3117999999999999,7.0,6.5,0.5
eval_20260722_233914,Ministral-3-8B-Instruct-2512,e5,twostage,e5/twostage,360,FDP,5,-5.3916,-6.7573,-6.32064,0.3095253029999997,1.3656999999999995,6.8,4.3,2.5
eval_20260722_233914,Ministral-3-8B-Instruct-2512,e5,twostage,e5/twostage,524,DIE LINKE,5,2.6081,-2.2287,-0.9159,4.069902,4.8368,1.2,1.3,0.10000000000000009
eval_20260722_233914,Ministral-3-8B-Instruct-2512,e5,twostage,e5/twostage,58,BÜNDNIS 90/DIE GRÜNEN,5,4.749,3.4176,3.99594,0.3274264279999999,1.3313999999999995,2.1,2.4,0.2999999999999998
eval_20260722_233914,Ministral-3-8B-Instruct-2512,e5,twostage,e5/twostage,762,SPD,5,1.4729,-0.0624,0.6604,0.363915835,1.5353,5.8,2.7,3.0999999999999996
eval_20260722_233914,Ministral-3-8B-Instruct-2512,e5,twostage,e5/twostage,223,BÜNDNIS 90/DIE GRÜNEN,5,3.8564,-0.0812,1.33788,2.5549515069999997,3.9375999999999998,3.2,2.4,0.8000000000000003
eval_20260722_233914,Ministral-3-8B-Instruct-2512,e5,twostage,e5/twostage,705,SPD,5,-1.6347,-2.761,-2.07354,0.20013716800000006,1.1263,4.5,2.7,1.7999999999999998
eval_20260722_233914,Ministral-3-8B-Instruct-2512,e5,twostage,e5/twostage,281,BÜNDNIS 90/DIE GRÜNEN,5,1.1002,-2.0011,-0.55872,1.4138973520000002,3.1013,4.5,2.4,2.1
eval_20260722_233914,Ministral-3-8B-Instruct-2512,e5,twostage,e5/twostage,17,BÜNDNIS 90/DIE GRÜNEN,5,-2.473,-3.348,-2.89114,0.126234678,0.875,6.5,2.4,4.1
eval_20260722_233914,Ministral-3-8B-Instruct-2512,e5,twostage,e5/twostage,128,AfD,5,2.9468,-0.22,0.5941799999999999,1.749065342,3.1668000000000003,7.0,6.5,0.5
eval_20260722_233914,Ministral-3-8B-Instruct-2512,e5,twostage,e5/twostage,323,CDU,5,-2.4018,-3.8308,-3.19472,0.43216680699999993,1.4289999999999998,3.2,4.7,1.5
eval_20260722_233914,Ministral-3-8B-Instruct-2512,e5,twostage,e5/twostage,588,DIE LINKE,5,7.0169,-6.172,-3.1437399999999998,32.406155792999996,13.1889,1.1,1.3,0.19999999999999996
eval_20260722_233914,Ministral-3-8B-Instruct-2512,e5,twostage,e5/twostage,471,DIE LINKE,5,-1.5165,-2.9383,-2.0784,0.33618070999999994,1.4218,1.2,1.3,0.10000000000000009
eval_20260722_233914,Ministral-3-8B-Instruct-2512,e5,twostage,e5/twostage,612,SPD,5,2.0813,-0.753,0.34585999999999995,1.122270758,2.8343000000000003,4.2,2.7,1.5
eval_20260722_233914,Ministral-3-8B-Instruct-2512,e5,twostage,e5/twostage,469,DIE LINKE,5,1.662,-3.2992,-2.0897599999999996,4.550350988,4.9612,1.2,1.3,0.10000000000000009
eval_20260722_233914,Ministral-3-8B-Instruct-2512,e5,twostage,e5/twostage,789,SPD,5,4.9582,-0.877,1.95494,7.356807298,5.8351999999999995,3.2,2.7,0.5
eval_20260722_233914,Ministral-3-8B-Instruct-2512,e5,twostage,e5/twostage,191,AfD,5,-4.0651,-5.8276,-4.687500000000001,0.4685362900000002,1.7625000000000002,7.0,6.5,0.5
eval_20260722_233914,Ministral-3-8B-Instruct-2512,e5,twostage,e5/twostage,116,AfD,5,-2.808,-4.2018,-3.22238,0.31123600200000023,1.3938000000000006,6.9,6.5,0.40000000000000036
eval_20260722_233914,Ministral-3-8B-Instruct-2512,e5,twostage,e5/twostage,529,DIE LINKE,5,-3.4353,-4.9148,-4.26954,0.29284275299999984,1.4794999999999998,3.5,1.3,2.2
eval_20260722_233914,Ministral-3-8B-Instruct-2512,e5,twostage,e5/twostage,726,SPD,5,2.0693,-0.8535,0.009180000000000011,1.434104317,2.9228,5.8,2.7,3.0999999999999996
eval_20260722_233914,Ministral-3-8B-Instruct-2512,e5,twostage,e5/twostage,95,CDU/CSU,5,-1.3603,-4.1836,-3.1058,1.6896700750000002,2.8233,4.5,4.7,0.20000000000000018
eval_20260722_233914,Ministral-3-8B-Instruct-2512,e5,twostage,e5/twostage,181,AfD,5,1.8081,-0.5429,0.7972600000000001,1.074629053,2.351,7.0,6.5,0.5
eval_20260722_233914,Ministral-3-8B-Instruct-2512,e5,twostage,e5/twostage,302,BÜNDNIS 90/DIE GRÜNEN,5,1.8026,-2.0407,-0.45886000000000016,2.1320399030000003,3.8433,4.5,2.4,2.1
eval_20260722_233914,Ministral-3-8B-Instruct-2512,e5,twostage,e5/twostage,631,SPD,5,-1.348,-3.1045,-2.2962599999999997,0.5494723029999997,1.7564999999999997,5.8,2.7,3.0999999999999996
eval_20260722_233914,Ministral-3-8B-Instruct-2512,e5,twostage,e5/twostage,595,DIE LINKE,5,-2.391,-4.382,-3.17852,0.7155442269999999,1.9909999999999997,1.1,1.3,0.19999999999999996
eval_20260722_233914,Ministral-3-8B-Instruct-2512,e5,twostage,e5/twostage,604,SPD,5,-0.5839,-1.6838,-1.127,0.24184949,1.0998999999999999,2.8,2.7,0.09999999999999964
eval_20260722_233914,Ministral-3-8B-Instruct-2512,e5,twostage,e5/twostage,802,SPD,5,4.6862,2.9368,3.69908,0.40288943700000024,1.7494000000000005,6.5,2.7,3.8
eval_20260722_233914,Ministral-3-8B-Instruct-2512,e5,twostage,e5/twostage,555,DIE LINKE,5,1.7429,-0.6481,0.09690000000000001,0.903603745,2.391,1.2,1.3,0.10000000000000009
eval_20260722_233914,Ministral-3-8B-Instruct-2512,e5,twostage,e5/twostage,806,SPD,5,0.8478,-1.3146,-0.15476000000000004,0.8857698730000001,2.1624,3.8,2.7,1.0999999999999996
eval_20260722_233914,Ministral-3-8B-Instruct-2512,e5,twostage,e5/twostage,46,CDU/CSU,5,-3.3362,-4.2473,-3.8954999999999997,0.18616173500000008,0.9111000000000002,6.8,4.7,2.0999999999999996
eval_20260722_233914,Ministral-3-8B-Instruct-2512,e5,twostage,e5/twostage,746,SPD,5,-2.8418,-4.7126,-4.191039999999999,0.6314770080000002,1.8708,3.2,2.7,0.5
eval_20260722_233914,Ministral-3-8B-Instruct-2512,e5,twostage,e5/twostage,158,AfD,5,0.0088,-1.8281,-0.9932400000000001,0.869166608,1.8369,7.0,6.5,0.5
eval_20260722_233914,Ministral-3-8B-Instruct-2512,e5,twostage,e5/twostage,619,SPD,5,1.0872,0.5425,0.7480999999999999,0.04921577,0.5447,4.5,2.7,1.7999999999999998
eval_20260722_233914,Ministral-3-8B-Instruct-2512,e5,twostage,e5/twostage,172,AfD,5,-1.4315,-2.6851,-2.3509,0.27909376,1.2535999999999998,7.0,6.5,0.5
eval_20260722_233914,Ministral-3-8B-Instruct-2512,e5,twostage,e5/twostage,16,BÜNDNIS 90/DIE GRÜNEN,5,0.8484,-1.889,-0.7853199999999999,1.636796392,2.7374,2.8,2.4,0.3999999999999999
eval_20260722_233914,Ministral-3-8B-Instruct-2512,e5,twostage,e5/twostage,512,DIE LINKE,5,0.4807,-0.7167,-0.2318,0.28928332500000004,1.1974,7.0,1.3,5.7
eval_20260722_233914,Ministral-3-8B-Instruct-2512,e5,twostage,e5/twostage,49,CDU/CSU,5,9.6158,4.8733,7.419120000000001,3.945458512000001,4.7425,3.8,4.7,0.9000000000000004
eval_20260722_233914,Ministral-3-8B-Instruct-2512,e5,twostage,e5/twostage,795,SPD,5,1.3014,-0.7674,0.11607999999999999,0.7109222319999999,2.0688,3.2,2.7,0.5
eval_20260722_233914,Ministral-3-8B-Instruct-2512,e5,twostage,e5/twostage,516,DIE LINKE,5,2.7298,1.0818,2.1646399999999995,0.4291782079999999,1.648,1.2,1.3,0.10000000000000009
eval_20260722_233914,Ministral-3-8B-Instruct-2512,e5,twostage,e5/twostage,679,SPD,5,1.5892,-1.9791,-0.5795800000000001,3.090083497,3.5683,3.2,2.7,0.5
eval_20260722_233914,Ministral-3-8B-Instruct-2512,e5,twostage,e5/twostage,481,DIE LINKE,5,-1.8007,-3.5352,-2.48458,0.46049459700000006,1.7345000000000002,1.2,1.3,0.10000000000000009
eval_20260722_233914,Ministral-3-8B-Instruct-2512,e5,twostage,e5/twostage,284,BÜNDNIS 90/DIE GRÜNEN,5,-0.6057,-1.4268,-1.14478,0.128970412,0.8211,2.1,2.4,0.2999999999999998
eval_20260722_233914,Ministral-3-8B-Instruct-2512,e5,twostage,e5/twostage,549,DIE LINKE,5,1.1374,-2.1884,-0.6452,1.558918325,3.3258,2.1,1.3,0.8
eval_20260722_233914,Ministral-3-8B-Instruct-2512,e5,twostage,e5/twostage,226,BÜNDNIS 90/DIE GRÜNEN,5,3.9432,1.888,2.43252,0.7234288470000001,2.0552,3.2,2.4,0.8000000000000003
eval_20260722_233914,Ministral-3-8B-Instruct-2512,e5,twostage,e5/twostage,26,AfD,5,-0.3619,-1.8238,-1.1260800000000002,0.30102891700000006,1.4619,7.0,6.5,0.5
eval_20260722_233914,Ministral-3-8B-Instruct-2512,e5,twostage,e5/twostage,661,SPD,5,0.3038,-1.9725,-0.69108,0.8943321269999999,2.2763,3.2,2.7,0.5
eval_20260722_233914,Ministral-3-8B-Instruct-2512,e5,twostage,e5/twostage,438,DIE LINKE,5,-0.1906,-4.7555,-3.3620999999999994,3.28921678,4.5649,1.2,1.3,0.10000000000000009
eval_20260722_233914,Ministral-3-8B-Instruct-2512,e5,twostage,e5/twostage,365,FDP,5,-5.5187,-6.3161,-5.992699999999999,0.08845589999999995,0.7973999999999997,5.5,4.3,1.2000000000000002
eval_20260722_233914,Ministral-3-8B-Instruct-2512,e5,twostage,e5/twostage,230,BÜNDNIS 90/DIE GRÜNEN,5,-1.2696,-1.7855,-1.5446600000000001,0.063356293,0.5159,3.2,2.4,0.8000000000000003
eval_20260722_233914,Ministral-3-8B-Instruct-2512,e5,twostage,e5/twostage,37,AfD,5,5.245,2.6948,4.13244,1.468338983,2.5502000000000002,6.8,6.5,0.2999999999999998
eval_20260722_233914,Ministral-3-8B-Instruct-2512,e5,twostage,e5/twostage,790,SPD,5,-2.2385,-3.7773,-2.99084,0.3842467479999999,1.5387999999999997,3.2,2.7,0.5
eval_20260722_233914,Ministral-3-8B-Instruct-2512,e5,twostage,e5/twostage,375,FDP,5,2.7585,-3.381,-1.18406,6.037027638,6.1395,3.8,4.3,0.5
eval_20260722_233914,Ministral-3-8B-Instruct-2512,e5,twostage,e5/twostage,470,DIE LINKE,5,1.7634,-0.0301,0.8039,0.466751555,1.7935,3.2,1.3,1.9000000000000001
eval_20260722_233914,Ministral-3-8B-Instruct-2512,e5,twostage,e5/twostage,792,SPD,5,0.8424,0.46,0.61832,0.03179027200000001,0.3824,3.2,2.7,0.5
eval_20260722_233914,Ministral-3-8B-Instruct-2512,e5,twostage,e5/twostage,699,SPD,5,0.6293,-2.2498,-0.78418,1.0449081319999998,2.8791,7.0,2.7,4.3
eval_20260722_233914,Ministral-3-8B-Instruct-2512,e5,twostage,e5/twostage,606,SPD,5,-2.91,-5.0875,-4.4794,0.8410743650000002,2.1775,1.2,2.7,1.5000000000000002
eval_20260722_233914,Ministral-3-8B-Instruct-2512,e5,twostage,e5/twostage,195,AfD,5,0.5928,-2.2154,-1.27502,1.1976836019999997,2.8082,7.0,6.5,0.5
eval_20260722_233914,Ministral-3-8B-Instruct-2512,e5,twostage,e5/twostage,815,SPD,5,0.0812,-3.5344,-2.1183,2.34292425,3.6156,2.1,2.7,0.6000000000000001
eval_20260722_233914,Ministral-3-8B-Instruct-2512,e5,twostage,e5/twostage,710,SPD,5,-3.0422,-4.2378,-3.5690200000000005,0.36932373200000024,1.1956000000000002,4.5,2.7,1.7999999999999998
eval_20260722_233914,Ministral-3-8B-Instruct-2512,e5,twostage,e5/twostage,504,DIE LINKE,5,0.6252,-2.7863,-1.6356800000000002,1.8651558970000002,3.4115,4.2,1.3,2.9000000000000004
eval_20260722_233914,Ministral-3-8B-Instruct-2512,e5,twostage,e5/twostage,794,SPD,5,-2.0982,-4.9575,-3.7663399999999996,1.4257573479999999,2.8592999999999997,4.5,2.7,1.7999999999999998
eval_20260722_233914,Ministral-3-8B-Instruct-2512,e5,twostage,e5/twostage,685,SPD,5,-0.4868,-3.0706,-1.86798,1.2242064820000003,2.5838,4.2,2.7,1.5
eval_20260722_233914,Ministral-3-8B-Instruct-2512,e5,twostage,e5/twostage,793,SPD,5,-0.1294,-1.7738,-1.09886,0.43800245800000004,1.6444,3.2,2.7,0.5
eval_20260722_233914,Ministral-3-8B-Instruct-2512,e5,twostage,e5/twostage,163,AfD,5,6.4381,4.9188,5.37654,0.36479866300000013,1.5193000000000003,7.0,6.5,0.5
eval_20260722_233914,Ministral-3-8B-Instruct-2512,e5,twostage,e5/twostage,587,DIE LINKE,5,-4.4306,-5.765,-5.0071200000000005,0.3898007069999997,1.3343999999999996,3.2,1.3,1.9000000000000001
eval_20260722_233914,Ministral-3-8B-Instruct-2512,e5,twostage,e5/twostage,153,AfD,5,4.3349,0.683,2.13054,1.8809778930000003,3.6519000000000004,7.0,6.5,0.5
eval_20260722_233914,Ministral-3-8B-Instruct-2512,e5,twostage,e5/twostage,570,DIE LINKE,5,-2.7539,-4.7013,-4.0644,0.61387788,1.9474,1.2,1.3,0.10000000000000009
eval_20260722_233914,Ministral-3-8B-Instruct-2512,e5,twostage,e5/twostage,586,DIE LINKE,5,-1.7805,-3.6688,-3.06246,0.6494544680000001,1.8883,3.2,1.3,1.9000000000000001
eval_20260722_233914,Ministral-3-8B-Instruct-2512,e5,twostage,e5/twostage,627,SPD,5,-3.6327,-4.7613,-4.3582399999999994,0.19807390800000008,1.1286000000000005,3.2,2.7,0.5
eval_20260722_233914,Ministral-3-8B-Instruct-2512,e5,twostage,e5/twostage,112,BÜNDNIS 90/DIE GRÜNEN,5,-1.2241,-2.8775,-2.1111199999999997,0.401823582,1.6534,1.2,2.4,1.2
eval_20260722_233914,Ministral-3-8B-Instruct-2512,e5,twostage,e5/twostage,576,DIE LINKE,5,-0.3852,-3.0716,-1.9777200000000001,1.0442469170000002,2.6864,5.8,1.3,4.5
eval_20260722_233914,Ministral-3-8B-Instruct-2512,e5,twostage,e5/twostage,104,DIE LINKE,5,0.1171,-3.341,-1.79548,2.0925070570000006,3.4581000000000004,1.2,1.3,0.10000000000000009
eval_20260722_233914,Ministral-3-8B-Instruct-2512,e5,twostage,e5/twostage,422,DIE LINKE,5,1.5667,0.5518,0.96212,0.163481127,1.0149,2.1,1.3,0.8
eval_20260722_233914,Ministral-3-8B-Instruct-2512,e5,twostage,e5/twostage,120,AfD,5,-1.9684,-3.9106,-3.4332000000000003,0.67720002,1.9422000000000001,7.0,6.5,0.5
eval_20260722_233914,Ministral-3-8B-Instruct-2512,e5,twostage,e5/twostage,54,BÜNDNIS 90/DIE GRÜNEN,5,4.8882,1.7674,3.0146400000000004,1.7144601330000002,3.1208,3.2,2.4,0.8000000000000003
eval_20260722_233914,Ministral-3-8B-Instruct-2512,e5,twostage,e5/twostage,152,AfD,5,-4.2635,-5.359,-4.7373,0.2263713550000001,1.0955000000000004,7.0,6.5,0.5
eval_20260722_233914,Ministral-3-8B-Instruct-2512,e5,twostage,e5/twostage,404,FDP,5,-5.1265,-6.0791,-5.44894,0.150443708,0.9526000000000003,6.5,4.3,2.2
eval_20260722_233914,Ministral-3-8B-Instruct-2512,e5,twostage,e5/twostage,774,SPD,5,2.5667,-2.2715,-0.66956,3.9115937730000003,4.8382000000000005,2.1,2.7,0.6000000000000001
eval_20260722_233914,Ministral-3-8B-Instruct-2512,e5,twostage,e5/twostage,208,AfD,5,2.7808,0.4252,1.23108,1.047948672,2.3556,1.3,6.5,5.2
eval_20260722_233914,Ministral-3-8B-Instruct-2512,e5,twostage,e5/twostage,694,SPD,5,-0.9862,-2.596,-2.02362,0.43613641700000005,1.6098000000000001,4.5,2.7,1.7999999999999998
eval_20260722_233914,Ministral-3-8B-Instruct-2512,e5,twostage,e5/twostage,645,SPD,5,0.4844,-0.7314,-0.39446,0.255259108,1.2158,3.2,2.7,0.5
eval_20260722_233914,Ministral-3-8B-Instruct-2512,e5,twostage,e5/twostage,8,BÜNDNIS 90/DIE GRÜNEN,5,-1.2642,-2.5077,-2.1896999999999998,0.271052555,1.2434999999999998,3.2,2.4,0.8000000000000003
eval_20260722_233914,Ministral-3-8B-Instruct-2512,e5,twostage,e5/twostage,667,SPD,5,1.8018,1.3497,1.57926,0.03674658300000001,0.45210000000000017,2.1,2.7,0.6000000000000001
eval_20260722_233914,Ministral-3-8B-Instruct-2512,e5,twostage,e5/twostage,36,AfD,5,-0.7047,-2.7519,-1.7449199999999998,0.826438862,2.0472,6.9,6.5,0.40000000000000036
eval_20260722_233914,Ministral-3-8B-Instruct-2512,e5,twostage,e5/twostage,453,DIE LINKE,5,0.9118,-3.6402,-2.5602,3.830001635,4.5520000000000005,1.1,1.3,0.19999999999999996
eval_20260722_233914,Ministral-3-8B-Instruct-2512,e5,twostage,e5/twostage,254,BÜNDNIS 90/DIE GRÜNEN,5,1.6663,-1.2034,0.01205999999999996,1.4232462579999998,2.8697,3.2,2.4,0.8000000000000003
eval_20260722_233914,Ministral-3-8B-Instruct-2512,e5,twostage,e5/twostage,304,BÜNDNIS 90/DIE GRÜNEN,5,0.3503,-1.3525,-0.3382,0.5188541600000001,1.7028,7.0,2.4,4.6
eval_20260722_233914,Ministral-3-8B-Instruct-2512,e5,twostage,e5/twostage,659,SPD,5,-1.3693,-4.3722,-3.1553599999999995,2.4287362879999996,3.0029000000000003,4.5,2.7,1.7999999999999998
eval_20260722_233914,Ministral-3-8B-Instruct-2512,e5,twostage,e5/twostage,572,DIE LINKE,5,1.2326,-2.1137,-0.64712,1.527294747,3.3463000000000003,1.3,1.3,0.0
eval_20260722_233914,Ministral-3-8B-Instruct-2512,e5,twostage,e5/twostage,711,SPD,5,-1.0279,-2.4165,-1.8347799999999999,0.29038703699999996,1.3886,3.2,2.7,0.5
eval_20260722_233914,Ministral-3-8B-Instruct-2512,e5,twostage,e5/twostage,767,SPD,5,2.8249,-0.5187,0.5981799999999999,1.6580161270000002,3.3436,3.2,2.7,0.5
eval_20260722_233914,Ministral-3-8B-Instruct-2512,e5,twostage,e5/twostage,263,BÜNDNIS 90/DIE GRÜNEN,5,0.5075,-1.5824,-0.68014,0.706525928,2.0899,4.2,2.4,1.8000000000000003
eval_20260722_233914,Ministral-3-8B-Instruct-2512,e5,twostage,e5/twostage,298,BÜNDNIS 90/DIE GRÜNEN,5,0.2556,-1.9418,-1.1801400000000002,0.8409689780000001,2.1974,3.2,2.4,0.8000000000000003
eval_20260722_233914,Ministral-3-8B-Instruct-2512,e5,twostage,e5/twostage,415,DIE LINKE,5,1.7906,-0.8718,0.0009199999999999875,1.131627167,2.6624,1.2,1.3,0.10000000000000009
eval_20260722_233914,Ministral-3-8B-Instruct-2512,e5,twostage,e5/twostage,151,AfD,5,-1.3142,-2.263,-1.8391000000000002,0.19045029999999996,0.9487999999999999,7.0,6.5,0.5
eval_20260722_233914,Ministral-3-8B-Instruct-2512,e5,twostage,e5/twostage,652,SPD,5,-0.7705,-2.7831,-1.92484,0.8051376330000001,2.0126,3.2,2.7,0.5
eval_20260722_233914,Ministral-3-8B-Instruct-2512,e5,twostage,e5/twostage,729,SPD,5,-1.5466,-2.9852,-2.2337800000000003,0.46398963699999995,1.4385999999999999,6.8,2.7,4.1
eval_20260722_233914,Ministral-3-8B-Instruct-2512,e5,twostage,e5/twostage,551,DIE LINKE,5,-1.6505,-3.4022,-2.4821800000000005,0.6153808420000001,1.7517,1.2,1.3,0.10000000000000009
eval_20260722_233914,Ministral-3-8B-Instruct-2512,e5,twostage,e5/twostage,489,DIE LINKE,5,-2.4097,-3.3461,-2.95216,0.16791173799999998,0.9363999999999999,1.1,1.3,0.19999999999999996
eval_20260722_233914,Ministral-3-8B-Instruct-2512,e5,twostage,e5/twostage,148,AfD,5,-1.1493,-2.1076,-1.7009,0.17205086500000005,0.9583000000000002,7.0,6.5,0.5
eval_20260722_233914,Ministral-3-8B-Instruct-2512,e5,twostage,e5/twostage,602,SPD,5,0.9873,-0.0384,0.38022,0.230210027,1.0257,3.2,2.7,0.5
eval_20260722_233914,Ministral-3-8B-Instruct-2512,e5,twostage,e5/twostage,763,SPD,5,-0.5402,-1.5901,-1.18888,0.162418417,1.0499,5.8,2.7,3.0999999999999996
eval_20260722_233914,Ministral-3-8B-Instruct-2512,e5,twostage,e5/twostage,813,SPD,5,-2.0644,-2.7208,-2.39878,0.05500333200000001,0.6564000000000001,3.2,2.7,0.5
eval_20260722_233914,Ministral-3-8B-Instruct-2512,e5,twostage,e5/twostage,349,CSU,5,-5.0564,-5.8805,-5.51614,0.11207324299999993,0.8240999999999996,3.5,5.4,1.9000000000000004
eval_20260722_233914,Ministral-3-8B-Instruct-2512,e5,twostage,e5/twostage,464,DIE LINKE,5,1.8836,-0.8491,0.12835999999999997,1.100692883,2.7327,1.2,1.3,0.10000000000000009
eval_20260722_233914,Ministral-3-8B-Instruct-2512,e5,twostage,e5/twostage,326,CDU,5,-3.5344,-4.4133,-4.0381599999999995,0.13355030299999987,0.8788999999999993,7.0,4.7,2.3
eval_20260722_233914,Ministral-3-8B-Instruct-2512,e5,twostage,e5/twostage,187,AfD,5,1.1077,-1.8874,-0.9316600000000002,1.469207283,2.9951,7.0,6.5,0.5
eval_20260722_233914,Ministral-3-8B-Instruct-2512,e5,twostage,e5/twostage,124,AfD,5,2.3694,-0.3606,1.02704,1.5601198480000003,2.73,7.0,6.5,0.5
eval_20260722_233914,Ministral-3-8B-Instruct-2512,e5,twostage,e5/twostage,781,SPD,5,3.8317,1.0841,2.0118199999999997,1.1954432720000001,2.7476000000000003,4.2,2.7,1.5
eval_20260722_233914,Ministral-3-8B-Instruct-2512,e5,twostage,e5/twostage,144,AfD,5,-1.8503,-3.2345,-2.6844,0.36324282,1.3842,6.5,6.5,0.0
eval_20260722_233914,Ministral-3-8B-Instruct-2512,e5,twostage,e5/twostage,784,SPD,5,0.8126,-1.7715,-0.38894,0.936036023,2.5841000000000003,3.5,2.7,0.7999999999999998
eval_20260722_233914,Ministral-3-8B-Instruct-2512,e5,twostage,e5/twostage,198,AfD,5,-3.802,-4.7261,-4.2817799999999995,0.13164772699999994,0.9240999999999997,7.0,6.5,0.5
eval_20260722_233914,Ministral-3-8B-Instruct-2512,e5,twostage,e5/twostage,280,BÜNDNIS 90/DIE GRÜNEN,5,-1.2022,-2.7486,-2.06628,0.43920179700000006,1.5464000000000002,1.2,2.4,1.2
eval_20260722_233914,Ministral-3-8B-Instruct-2512,e5,twostage,e5/twostage,294,BÜNDNIS 90/DIE GRÜNEN,5,4.16,0.1907,1.43032,2.748559747,3.9693,3.2,2.4,0.8000000000000003
eval_20260722_233914,Ministral-3-8B-Instruct-2512,e5,twostage,e5/twostage,401,FDP,5,-2.7177,-4.3572,-3.8712600000000004,0.432054533,1.6395,4.5,4.3,0.20000000000000018
eval_20260722_233914,Ministral-3-8B-Instruct-2512,e5,twostage,e5/twostage,123,AfD,5,1.5832,-1.5289,-0.33965999999999996,1.755846143,3.1121,6.8,6.5,0.2999999999999998
eval_20260722_233914,Ministral-3-8B-Instruct-2512,e5,twostage,e5/twostage,184,AfD,5,-3.5011,-4.7564,-4.1445799999999995,0.25037885700000007,1.2553,7.0,6.5,0.5
eval_20260722_233914,Ministral-3-8B-Instruct-2512,e5,twostage,e5/twostage,203,AfD,5,2.5064,-0.3959,0.61334,1.242175648,2.9023000000000003,6.8,6.5,0.2999999999999998
eval_20260722_233914,Ministral-3-8B-Instruct-2512,e5,twostage,e5/twostage,439,DIE LINKE,5,3.3159,-0.9303,0.4985400000000002,2.986850483,4.2462,1.2,1.3,0.10000000000000009
eval_20260722_233914,Ministral-3-8B-Instruct-2512,e5,twostage,e5/twostage,247,BÜNDNIS 90/DIE GRÜNEN,5,0.4356,-3.85,-2.37982,3.063498187,4.2856000000000005,2.1,2.4,0.2999999999999998
eval_20260722_233914,Ministral-3-8B-Instruct-2512,e5,twostage,e5/twostage,416,DIE LINKE,5,1.4633,-0.6735,0.6836200000000001,0.8293149670000001,2.1368,2.1,1.3,0.8
eval_20260722_233914,Ministral-3-8B-Instruct-2512,e5,twostage,e5/twostage,728,SPD,5,-2.4068,-3.3257,-2.94226,0.17307587300000005,0.9188999999999998,4.5,2.7,1.7999999999999998
eval_20260722_233914,Ministral-3-8B-Instruct-2512,e5,twostage,e5/twostage,130,AfD,5,-2.4662,-3.2807,-3.02458,0.11047263699999993,0.8144999999999998,6.8,6.5,0.2999999999999998
eval_20260722_233914,Ministral-3-8B-Instruct-2512,e5,twostage,e5/twostage,403,FDP,5,-0.4264,-4.389,-3.1101,2.48456983,3.9626,6.8,4.3,2.5
eval_20260722_233914,Ministral-3-8B-Instruct-2512,e5,twostage,e5/twostage,716,SPD,5,1.5887,-2.1601,-0.6067199999999999,3.141015802,3.7488,3.2,2.7,0.5
eval_20260722_233914,Ministral-3-8B-Instruct-2512,e5,twostage,e5/twostage,638,SPD,5,0.1649,-1.2773,-0.52538,0.480562052,1.4422000000000001,3.2,2.7,0.5
eval_20260722_233914,Ministral-3-8B-Instruct-2512,e5,twostage,e5/twostage,788,SPD,5,-1.4049,-2.0385,-1.7366199999999998,0.05808458699999998,0.6335999999999999,6.5,2.7,3.8
eval_20260722_233914,Ministral-3-8B-Instruct-2512,e5,twostage,e5/twostage,220,BÜNDNIS 90/DIE GRÜNEN,5,3.4688,-2.7518,-1.07002,7.099466551999999,6.220599999999999,2.1,2.4,0.2999999999999998
eval_20260722_233914,Ministral-3-8B-Instruct-2512,e5,twostage,e5/twostage,624,SPD,5,0.4015,-2.5946,-1.34858,1.8626509370000002,2.9960999999999998,7.0,2.7,4.3
eval_20260722_233914,Ministral-3-8B-Instruct-2512,e5,twostage,e5/twostage,753,SPD,5,-1.085,-3.9164,-3.16776,1.3884101880000002,2.8314,4.5,2.7,1.7999999999999998
eval_20260722_233914,Ministral-3-8B-Instruct-2512,e5,twostage,e5/twostage,691,SPD,5,-0.6062,-1.7556,-1.2372400000000001,0.30093648799999995,1.1494,3.2,2.7,0.5
eval_20260722_233914,Ministral-3-8B-Instruct-2512,e5,twostage,e5/twostage,632,SPD,5,0.9235,-1.9788,-0.79036,1.3143064629999999,2.9023,1.2,2.7,1.5000000000000002
eval_20260722_233914,Ministral-3-8B-Instruct-2512,e5,twostage,e5/twostage,387,FDP,5,5.2603,3.4662,4.27322,0.772959407,1.7940999999999998,4.2,4.3,0.09999999999999964
eval_20260722_233914,Ministral-3-8B-Instruct-2512,e5,twostage,e5/twostage,796,SPD,5,-2.1333,-3.6466,-3.0317999999999996,0.34600690999999983,1.5132999999999996,3.8,2.7,1.0999999999999996
eval_20260722_233914,Ministral-3-8B-Instruct-2512,e5,twostage,e5/twostage,510,DIE LINKE,5,-3.8503,-4.31,-4.06808,0.027267016999999963,0.4596999999999998,5.8,1.3,4.5
eval_20260722_233914,Ministral-3-8B-Instruct-2512,e5,twostage,e5/twostage,268,BÜNDNIS 90/DIE GRÜNEN,5,2.5559,0.0687,1.7248799999999995,0.9184370469999998,2.4871999999999996,2.8,2.4,0.3999999999999999
eval_20260722_233914,Ministral-3-8B-Instruct-2512,e5,twostage,e5/twostage,677,SPD,5,-1.654,-3.946,-3.2048200000000002,0.7971207920000001,2.2920000000000003,3.2,2.7,0.5
eval_20260722_233914,Ministral-3-8B-Instruct-2512,e5,twostage,e5/twostage,442,DIE LINKE,5,0.9256,-1.5825,-0.30452,1.2841716769999998,2.5080999999999998,3.8,1.3,2.5
eval_20260722_233914,Ministral-3-8B-Instruct-2512,e5,twostage,e5/twostage,497,DIE LINKE,5,-2.7246,-4.1064,-3.13812,0.3454242269999999,1.3817999999999997,6.5,1.3,5.2
eval_20260722_233914,Ministral-3-8B-Instruct-2512,e5,twostage,e5/twostage,113,BÜNDNIS 90/DIE GRÜNEN,5,3.2688,1.1216,1.9935000000000003,0.7167723200000002,2.1472,5.8,2.4,3.4
eval_20260722_233914,Ministral-3-8B-Instruct-2512,e5,twostage,e5/twostage,233,BÜNDNIS 90/DIE GRÜNEN,5,0.6378,-0.5695,-0.024399999999999977,0.314684955,1.2073,1.5,2.4,0.8999999999999999
eval_20260722_233914,Ministral-3-8B-Instruct-2512,e5,twostage,e5/twostage,715,SPD,5,4.2666,1.2646,2.56146,1.1800236180000003,3.0020000000000007,5.8,2.7,3.0999999999999996
eval_20260722_233914,Ministral-3-8B-Instruct-2512,e5,twostage,e5/twostage,608,SPD,5,0.8322,-1.0595,-0.22202000000000002,0.7198769370000002,1.8917000000000002,5.8,2.7,3.0999999999999996
eval_20260722_233914,Ministral-3-8B-Instruct-2512,e5,twostage,e5/twostage,374,FDP,5,1.5836,-0.1729,0.3157,0.515725485,1.7565,5.8,4.3,1.5
eval_20260722_233914,Ministral-3-8B-Instruct-2512,e5,twostage,e5/twostage,234,BÜNDNIS 90/DIE GRÜNEN,5,2.3829,-0.0236,1.27298,1.411022467,2.4065,2.1,2.4,0.2999999999999998
eval_20260722_233914,Ministral-3-8B-Instruct-2512,e5,twostage,e5/twostage,649,SPD,5,2.3943,-0.7592,0.23283999999999994,1.6356537329999998,3.1534999999999997,5.8,2.7,3.0999999999999996
eval_20260722_233914,Ministral-3-8B-Instruct-2512,e5,twostage,e5/twostage,318,BÜNDNIS 90/DIE GRÜNEN,5,1.626,-0.071,0.51144,0.449626913,1.6969999999999998,2.8,2.4,0.3999999999999999
eval_20260722_233914,Ministral-3-8B-Instruct-2512,e5,twostage,e5/twostage,411,FDP,5,1.7418,1.3401,1.5679200000000002,0.03450296699999999,0.40169999999999995,4.2,4.3,0.09999999999999964
eval_20260722_233914,Ministral-3-8B-Instruct-2512,e5,twostage,e5/twostage,737,SPD,5,2.9133,0.0558,1.2669599999999999,1.406781333,2.8575,4.5,2.7,1.7999999999999998
eval_20260722_233914,Ministral-3-8B-Instruct-2512,e5,twostage,e5/twostage,359,FDP,5,0.5926,-2.3475,-1.26702,1.270343757,2.9401,6.8,4.3,2.5
eval_20260722_233914,Ministral-3-8B-Instruct-2512,e5,twostage,e5/twostage,259,BÜNDNIS 90/DIE GRÜNEN,5,-3.7801,-4.8108,-4.0974,0.18104553500000017,1.0307000000000004,1.2,2.4,1.2
eval_20260722_233914,Ministral-3-8B-Instruct-2512,e5,twostage,e5/twostage,628,SPD,5,2.8689,-4.2304,-0.14838000000000004,7.957032587,7.0993,2.8,2.7,0.09999999999999964
eval_20260722_233914,Ministral-3-8B-Instruct-2512,e5,twostage,e5/twostage,633,SPD,5,6.515,4.6162,5.406219999999999,0.5142070869999997,1.8987999999999996,2.1,2.7,0.6000000000000001
eval_20260722_233914,Ministral-3-8B-Instruct-2512,e5,twostage,e5/twostage,283,BÜNDNIS 90/DIE GRÜNEN,5,-2.6437,-3.798,-3.2134600000000004,0.22767398299999997,1.1543,2.1,2.4,0.2999999999999998
eval_20260722_233914,Ministral-3-8B-Instruct-2512,e5,twostage,e5/twostage,780,SPD,5,0.4166,-0.3322,0.01804,0.096495633,0.7488,3.2,2.7,0.5
eval_20260722_233914,Ministral-3-8B-Instruct-2512,e5,twostage,e5/twostage,673,SPD,5,5.1617,0.849,2.2053599999999998,3.1474684529999992,4.3126999999999995,6.5,2.7,3.8
eval_20260722_233914,Ministral-3-8B-Instruct-2512,e5,twostage,e5/twostage,473,DIE LINKE,5,0.5916,-1.968,-0.59702,1.249440152,2.5596,1.2,1.3,0.10000000000000009
eval_20260722_233914,Ministral-3-8B-Instruct-2512,e5,twostage,e5/twostage,348,CSU,5,-2.3548,-3.2508,-2.9362800000000004,0.12614057699999998,0.8959999999999999,2.1,5.4,3.3000000000000003
eval_20260722_233914,Ministral-3-8B-Instruct-2512,e5,twostage,e5/twostage,506,DIE LINKE,5,2.2225,0.2967,1.1905000000000001,0.5149589250000001,1.9258000000000002,3.2,1.3,1.9000000000000001
eval_20260722_233914,Ministral-3-8B-Instruct-2512,e5,twostage,e5/twostage,640,SPD,5,-1.888,-2.8183,-2.25494,0.18022919299999998,0.9302999999999999,4.5,2.7,1.7999999999999998
eval_20260722_233914,Ministral-3-8B-Instruct-2512,e5,twostage,e5/twostage,809,SPD,5,1.1634,-1.764,-0.8652599999999999,1.5088284980000002,2.9274,2.1,2.7,0.6000000000000001
eval_20260722_233914,Ministral-3-8B-Instruct-2512,e5,twostage,e5/twostage,761,SPD,5,-0.742,-3.2084,-2.14602,1.124938567,2.4664,7.0,2.7,4.3
eval_20260722_233914,Ministral-3-8B-Instruct-2512,e5,twostage,e5/twostage,742,SPD,5,0.4689,-2.8304,-0.9697800000000001,2.558406477,3.2993,1.2,2.7,1.5000000000000002
eval_20260722_233914,Ministral-3-8B-Instruct-2512,e5,twostage,e5/twostage,620,SPD,5,-1.7407,-3.8567,-3.24998,0.7514768770000001,2.116,5.8,2.7,3.0999999999999996
eval_20260722_233914,Ministral-3-8B-Instruct-2512,e5,twostage,e5/twostage,733,SPD,5,0.2543,-2.2035,-1.16612,0.978493337,2.4578,6.5,2.7,3.8
eval_20260722_233914,Ministral-3-8B-Instruct-2512,e5,twostage,e5/twostage,646,SPD,5,2.184,-2.0328,0.0240800000000001,2.2303510070000003,4.2168,2.8,2.7,0.09999999999999964
eval_20260722_233914,Ministral-3-8B-Instruct-2512,e5,twostage,e5/twostage,695,SPD,5,-3.1977,-5.8932,-4.95988,1.1296867320000001,2.6955,4.2,2.7,1.5
eval_20260722_233914,Ministral-3-8B-Instruct-2512,e5,twostage,e5/twostage,557,DIE LINKE,5,-3.0024,-3.9328,-3.52592,0.13609389199999994,0.9303999999999997,2.1,1.3,0.8
eval_20260722_233914,Ministral-3-8B-Instruct-2512,e5,twostage,e5/twostage,578,DIE LINKE,5,-2.1921,-3.2069,-2.76032,0.23486486200000004,1.0148000000000001,1.1,1.3,0.19999999999999996
eval_20260722_233914,Ministral-3-8B-Instruct-2512,e5,twostage,e5/twostage,86,BÜNDNIS 90/DIE GRÜNEN,5,-3.7236,-4.9228,-4.168259999999999,0.25168503799999986,1.1991999999999998,4.5,2.4,2.1
eval_20260722_233914,Ministral-3-8B-Instruct-2512,e5,twostage,e5/twostage,243,BÜNDNIS 90/DIE GRÜNEN,5,-0.4574,-0.9857,-0.63236,0.04386786300000001,0.5283,2.1,2.4,0.2999999999999998
eval_20260722_233914,Ministral-3-8B-Instruct-2512,e5,twostage,e5/twostage,160,AfD,5,0.3184,-2.2708,-0.8810399999999999,1.083266143,2.5892,7.0,6.5,0.5
eval_20260722_233914,Ministral-3-8B-Instruct-2512,e5,twostage,e5/twostage,525,DIE LINKE,5,0.4534,-1.6594,-0.44912,0.7848061370000001,2.1128,7.0,1.3,5.7
eval_20260722_233914,Ministral-3-8B-Instruct-2512,e5,twostage,e5/twostage,35,AfD,5,1.8243,0.6558,1.12304,0.19717185299999998,1.1684999999999999,7.0,6.5,0.5
eval_20260722_233914,Ministral-3-8B-Instruct-2512,e5,twostage,e5/twostage,541,DIE LINKE,5,1.8374,-1.885,-0.38992000000000004,2.3740758769999997,3.7224,1.3,1.3,0.0
eval_20260722_233914,Ministral-3-8B-Instruct-2512,e5,twostage,e5/twostage,171,AfD,5,-0.2845,-1.1004,-0.6904,0.11025798500000002,0.8159000000000001,7.0,6.5,0.5
eval_20260722_233914,Ministral-3-8B-Instruct-2512,e5,twostage,e5/twostage,655,SPD,5,4.3801,1.3479,2.8425000000000002,1.1545277199999997,3.0321999999999996,3.2,2.7,0.5
eval_20260722_233914,Ministral-3-8B-Instruct-2512,e5,twostage,e5/twostage,704,SPD,5,1.4119,-3.522,-1.8993000000000002,3.818115830000001,4.9338999999999995,5.8,2.7,3.0999999999999996
eval_20260722_233914,Ministral-3-8B-Instruct-2512,e5,twostage,e5/twostage,696,SPD,5,-1.27,-5.1764,-3.72506,2.4893244880000003,3.9064,6.8,2.7,4.1
eval_20260722_233914,Ministral-3-8B-Instruct-2512,e5,twostage,e5/twostage,773,SPD,5,4.9005,-2.6255,0.6691199999999999,14.790130651999998,7.526,3.5,2.7,0.7999999999999998
eval_20260722_233914,Ministral-3-8B-Instruct-2512,e5,twostage,e5/twostage,96,CDU/CSU,5,0.5902,0.1654,0.32855999999999996,0.02611228799999999,0.42479999999999996,2.1,4.7,2.6
eval_20260722_233914,Ministral-3-8B-Instruct-2512,e5,twostage,e5/twostage,564,DIE LINKE,5,1.2265,-1.2681,-0.27808,1.308073477,2.4946,3.2,1.3,1.9000000000000001
eval_20260722_233914,Ministral-3-8B-Instruct-2512,e5,twostage,e5/twostage,241,BÜNDNIS 90/DIE GRÜNEN,5,1.3702,-1.8266,-0.6186200000000001,1.6593958819999997,3.1968,2.1,2.4,0.2999999999999998
eval_20260722_233914,Ministral-3-8B-Instruct-2512,e5,twostage,e5/twostage,575,DIE LINKE,5,-1.7505,-4.117,-2.97144,1.0231273330000001,2.3665000000000003,1.1,1.3,0.19999999999999996
eval_20260722_233914,Ministral-3-8B-Instruct-2512,e5,twostage,e5/twostage,461,DIE LINKE,5,-1.2544,-3.1138,-2.2351199999999998,0.7082506069999999,1.8594,1.2,1.3,0.10000000000000009
eval_20260722_233914,Ministral-3-8B-Instruct-2512,e5,twostage,e5/twostage,554,DIE LINKE,5,-3.6773,-5.6443,-4.666600000000001,0.7776817300000003,1.9670000000000005,2.1,1.3,0.8
eval_20260722_233914,Ministral-3-8B-Instruct-2512,e5,twostage,e5/twostage,721,SPD,5,2.0146,0.5863,1.26052,0.367936362,1.4283000000000001,2.8,2.7,0.09999999999999964
eval_20260722_233914,Ministral-3-8B-Instruct-2512,e5,twostage,e5/twostage,207,AfD,5,-0.8025,-2.9505,-1.7049800000000002,0.9326182270000001,2.1479999999999997,1.2,6.5,5.3
eval_20260722_233914,Ministral-3-8B-Instruct-2512,e5,twostage,e5/twostage,393,FDP,5,0.836,-1.3899,-0.68686,0.7866439380000001,2.2258999999999998,4.5,4.3,0.20000000000000018
eval_20260722_233914,Ministral-3-8B-Instruct-2512,e5,twostage,e5/twostage,398,FDP,5,2.5715,-0.7124,0.4287199999999999,1.9026037370000002,3.2839,4.5,4.3,0.20000000000000018
eval_20260722_233914,Ministral-3-8B-Instruct-2512,e5,twostage,e5/twostage,697,SPD,5,-2.4032,-3.6808,-3.1506800000000004,0.23574787700000005,1.2776,3.5,2.7,0.7999999999999998
eval_20260722_233914,Ministral-3-8B-Instruct-2512,e5,twostage,e5/twostage,218,BÜNDNIS 90/DIE GRÜNEN,5,-1.1796,-3.4044,-2.59518,0.7697766869999998,2.2248,2.1,2.4,0.2999999999999998
eval_20260722_233914,Ministral-3-8B-Instruct-2512,e5,twostage,e5/twostage,4,CDU/CSU,5,5.1446,2.1287,2.90576,1.6133788729999998,3.0159,5.8,4.7,1.0999999999999996
eval_20260722_233914,Ministral-3-8B-Instruct-2512,e5,twostage,e5/twostage,643,SPD,5,1.287,-0.0092,0.5607800000000001,0.29911220199999994,1.2962,2.8,2.7,0.09999999999999964
eval_20260722_233914,Ministral-3-8B-Instruct-2512,e5,twostage,e5/twostage,736,SPD,5,1.9662,-0.0167,0.98528,0.7743196569999999,1.9828999999999999,3.2,2.7,0.5
eval_20260722_233914,Ministral-3-8B-Instruct-2512,e5,twostage,e5/twostage,613,SPD,5,-5.2673,-5.9899,-5.5928,0.07357810999999997,0.7225999999999999,7.0,2.7,4.3
eval_20260722_233914,Ministral-3-8B-Instruct-2512,e5,twostage,e5/twostage,547,DIE LINKE,5,2.0441,-2.114,-0.6179,3.343586975,4.158099999999999,2.1,1.3,0.8
eval_20260722_233914,Ministral-3-8B-Instruct-2512,e5,twostage,e5/twostage,684,SPD,5,-0.7054,-2.9138,-2.10426,0.703585598,2.2084,5.8,2.7,3.0999999999999996
eval_20260722_233914,Ministral-3-8B-Instruct-2512,e5,twostage,e5/twostage,99,BÜNDNIS 90/DIE GRÜNEN,5,5.836,-2.402,-0.26704,12.080145323,8.238,2.8,2.4,0.3999999999999999
eval_20260722_233914,Ministral-3-8B-Instruct-2512,e5,twostage,e5/twostage,574,DIE LINKE,5,-1.8711,-3.1982,-2.5682400000000003,0.420517593,1.3271,1.2,1.3,0.10000000000000009
eval_20260722_233914,Ministral-3-8B-Instruct-2512,e5,twostage,e5/twostage,407,FDP,5,1.7045,-0.3394,0.60522,0.8635364619999999,2.0439,3.2,4.3,1.0999999999999996
eval_20260722_233914,Ministral-3-8B-Instruct-2512,e5,twostage,e5/twostage,503,DIE LINKE,5,-0.3962,-5.1364,-3.90766,3.9046865879999997,4.7402,6.8,1.3,5.5
eval_20260722_233914,Ministral-3-8B-Instruct-2512,e5,twostage,e5/twostage,48,CDU/CSU,5,-1.2374,-2.2442,-1.72102,0.23647848200000002,1.0068000000000001,5.8,4.7,1.0999999999999996
eval_20260722_233914,Ministral-3-8B-Instruct-2512,e5,twostage,e5/twostage,32,AfD,5,-0.459,-1.7016,-0.8103200000000002,0.261029327,1.2426,7.0,6.5,0.5
eval_20260722_233914,Ministral-3-8B-Instruct-2512,e5,twostage,e5/twostage,201,AfD,5,0.2803,-0.1741,0.01725999999999999,0.029927243,0.4544,4.2,6.5,2.3
eval_20260722_233914,Ministral-3-8B-Instruct-2512,e5,twostage,e5/twostage,135,AfD,5,2.2403,1.0709,1.6046999999999998,0.220686275,1.1694,7.0,6.5,0.5
eval_20260722_233914,Ministral-3-8B-Instruct-2512,e5,twostage,e5/twostage,27,AfD,5,1.8505,-1.3127,-0.13177999999999995,1.7517103670000003,3.1632,6.8,6.5,0.2999999999999998
eval_20260722_233914,Ministral-3-8B-Instruct-2512,e5,twostage,e5/twostage,723,SPD,5,-3.0304,-4.7376,-3.94992,0.4663818469999996,1.7071999999999994,1.2,2.7,1.5000000000000002
eval_20260722_233914,Ministral-3-8B-Instruct-2512,e5,twostage,e5/twostage,231,BÜNDNIS 90/DIE GRÜNEN,5,7.4006,2.3422,4.30104,3.9261214479999995,5.0584,3.2,2.4,0.8000000000000003
eval_20260722_233914,Ministral-3-8B-Instruct-2512,e5,twostage,e5/twostage,490,DIE LINKE,5,0.8551,-1.2513,-0.43332,0.751310422,2.1064,1.2,1.3,0.10000000000000009
eval_20260722_233914,Ministral-3-8B-Instruct-2512,e5,twostage,e5/twostage,379,FDP,5,4.5765,-1.2047,1.8276,4.402973570000001,5.7812,3.2,4.3,1.0999999999999996
eval_20260722_233914,Ministral-3-8B-Instruct-2512,e5,twostage,e5/twostage,289,BÜNDNIS 90/DIE GRÜNEN,5,0.6097,-1.1872,-0.39821999999999996,0.5793524769999999,1.7969,3.8,2.4,1.4
eval_20260722_233914,Ministral-3-8B-Instruct-2512,e5,twostage,e5/twostage,419,DIE LINKE,5,-0.7396,-2.1119,-1.6875,0.344595565,1.3722999999999999,1.5,1.3,0.19999999999999996
eval_20260722_233914,Ministral-3-8B-Instruct-2512,e5,twostage,e5/twostage,675,SPD,5,1.1313,-0.2012,0.31526,0.28840186300000004,1.3325,7.0,2.7,4.3
eval_20260722_233914,Ministral-3-8B-Instruct-2512,e5,twostage,e5/twostage,392,FDP,5,-2.9722,-3.7737,-3.2793800000000006,0.08762418199999997,0.8014999999999999,4.5,4.3,0.20000000000000018
eval_20260722_233914,Ministral-3-8B-Instruct-2512,e5,twostage,e5/twostage,593,DIE LINKE,5,-2.0493,-3.4979,-2.9699600000000004,0.322727098,1.4485999999999999,1.2,1.3,0.10000000000000009
eval_20260722_233914,Ministral-3-8B-Instruct-2512,e5,twostage,e5/twostage,499,DIE LINKE,5,0.9232,-0.698,-0.00239999999999998,0.356018575,1.6212,1.1,1.3,0.19999999999999996
eval_20260722_233914,Ministral-3-8B-Instruct-2512,e5,twostage,e5/twostage,139,AfD,5,5.192,-2.7597,-0.48541999999999996,10.812518536999999,7.951700000000001,6.8,6.5,0.2999999999999998
eval_20260722_233914,Ministral-3-8B-Instruct-2512,e5,twostage,e5/twostage,63,BÜNDNIS 90/DIE GRÜNEN,5,-3.1405,-4.4051,-3.67924,0.2575262880000001,1.2646000000000002,4.5,2.4,2.1
eval_20260722_233914,Ministral-3-8B-Instruct-2512,e5,twostage,e5/twostage,472,DIE LINKE,5,0.7152,-0.3152,0.32308,0.159964037,1.0304,1.5,1.3,0.19999999999999996
eval_20260722_233914,Ministral-3-8B-Instruct-2512,e5,twostage,e5/twostage,648,SPD,5,1.7906,-0.2141,0.50866,0.633819953,2.0047,4.5,2.7,1.7999999999999998
eval_20260722_233914,Ministral-3-8B-Instruct-2512,e5,twostage,e5/twostage,129,AfD,5,0.0096,-2.7025,-1.95396,1.232566503,2.7121,7.0,6.5,0.5
eval_20260722_233914,Ministral-3-8B-Instruct-2512,e5,twostage,e5/twostage,799,SPD,5,-2.5367,-3.7734,-3.3209399999999993,0.24445550299999996,1.2367,6.8,2.7,4.1
eval_20260722_233914,Ministral-3-8B-Instruct-2512,e5,twostage,e5/twostage,521,DIE LINKE,5,0.2001,-4.592,-2.67016,3.690468173,4.7921,1.2,1.3,0.10000000000000009
eval_20260722_233914,Ministral-3-8B-Instruct-2512,e5,twostage,e5/twostage,65,BÜNDNIS 90/DIE GRÜNEN,5,0.2173,-2.5858,-1.3782999999999999,1.365732495,2.8030999999999997,4.5,2.4,2.1
eval_20260722_233914,Ministral-3-8B-Instruct-2512,e5,twostage,e5/twostage,14,BÜNDNIS 90/DIE GRÜNEN,5,0.4443,-2.6167,-1.7201,1.523863685,3.061,4.2,2.4,1.8000000000000003
eval_20260722_233914,Ministral-3-8B-Instruct-2512,e5,twostage,e5/twostage,157,AfD,5,-0.5762,-3.9632,-2.4061600000000003,2.013786033,3.387,6.8,6.5,0.2999999999999998
eval_20260722_233914,Ministral-3-8B-Instruct-2512,e5,twostage,e5/twostage,40,AfD,5,3.6407,3.0573,3.38954,0.07112497299999995,0.5833999999999997,4.2,6.5,2.3
eval_20260722_233914,Ministral-3-8B-Instruct-2512,e5,twostage,e5/twostage,493,DIE LINKE,5,-0.0923,-1.8821,-0.9102400000000002,0.44668097800000006,1.7898,1.2,1.3,0.10000000000000009
eval_20260722_233914,Ministral-3-8B-Instruct-2512,e5,twostage,e5/twostage,380,FDP,5,-0.6836,-2.5683,-1.9490000000000003,0.5606981649999999,1.8846999999999998,6.5,4.3,2.2
eval_20260722_233914,Ministral-3-8B-Instruct-2512,e5,twostage,e5/twostage,188,AfD,5,-0.8037,-3.0063,-2.2464799999999996,0.778296117,2.2026,6.8,6.5,0.2999999999999998
eval_20260722_233914,Ministral-3-8B-Instruct-2512,e5,twostage,e5/twostage,217,BÜNDNIS 90/DIE GRÜNEN,5,-3.2382,-4.8537,-4.06682,0.365497662,1.6155,3.5,2.4,1.1
eval_20260722_233914,Ministral-3-8B-Instruct-2512,e5,twostage,e5/twostage,53,BÜNDNIS 90/DIE GRÜNEN,5,0.7699,-3.4011,-1.8990199999999997,2.7346314120000006,4.171,6.5,2.4,4.1
eval_20260722_233914,Ministral-3-8B-Instruct-2512,e5,twostage,e5/twostage,338,CDU,5,-0.1545,-2.9997,-1.5825,1.6325747449999999,2.8451999999999997,3.2,4.7,1.5
eval_20260722_233914,Ministral-3-8B-Instruct-2512,e5,twostage,e5/twostage,720,SPD,5,-1.7369,-4.1476,-2.6371,0.9615831149999998,2.4106999999999994,6.5,2.7,3.8
eval_20260722_233914,Ministral-3-8B-Instruct-2512,e5,twostage,e5/twostage,725,SPD,5,0.5225,-4.0946,-2.07852,5.618934337,4.6171,6.5,2.7,3.8
eval_20260722_233914,Ministral-3-8B-Instruct-2512,e5,twostage,e5/twostage,296,BÜNDNIS 90/DIE GRÜNEN,5,0.6812,-2.0078,-0.66012,1.4136172120000001,2.689,3.2,2.4,0.8000000000000003
eval_20260722_233914,Ministral-3-8B-Instruct-2512,e5,twostage,e5/twostage,702,SPD,5,-0.648,-2.3024,-1.11644,0.472445663,1.6543999999999999,3.2,2.7,0.5
eval_20260722_233914,Ministral-3-8B-Instruct-2512,e5,twostage,e5/twostage,252,BÜNDNIS 90/DIE GRÜNEN,5,-2.4684,-4.03,-3.49894,0.45057866300000016,1.5616000000000003,2.8,2.4,0.3999999999999999
eval_20260722_233914,Ministral-3-8B-Instruct-2512,e5,twostage,e5/twostage,727,SPD,5,-0.6688,-1.9585,-1.3721999999999999,0.26686813499999995,1.2896999999999998,4.5,2.7,1.7999999999999998
eval_20260722_233914,Ministral-3-8B-Instruct-2512,e5,twostage,e5/twostage,462,DIE LINKE,5,0.7058,-2.7737,-1.7482199999999999,1.9680803119999997,3.4795,4.5,1.3,3.2
eval_20260722_233914,Ministral-3-8B-Instruct-2512,e5,twostage,e5/twostage,456,DIE LINKE,5,-2.0836,-4.5139,-3.67856,1.2048306429999998,2.4302999999999995,6.5,1.3,5.2
eval_20260722_233914,Ministral-3-8B-Instruct-2512,e5,twostage,e5/twostage,270,BÜNDNIS 90/DIE GRÜNEN,5,0.6088,-0.9702,-0.28481999999999996,0.396765282,1.579,4.2,2.4,1.8000000000000003
eval_20260722_233914,Ministral-3-8B-Instruct-2512,e5,twostage,e5/twostage,202,AfD,5,-4.1868,-5.5461,-4.65842,0.29533901700000004,1.3593000000000002,7.0,6.5,0.5
eval_20260722_233914,Ministral-3-8B-Instruct-2512,e5,twostage,e5/twostage,556,DIE LINKE,5,-0.3088,-2.1025,-0.9067000000000001,0.507332765,1.7937,1.2,1.3,0.10000000000000009
eval_20260722_233914,Ministral-3-8B-Instruct-2512,e5,twostage,e5/twostage,730,SPD,5,-3.6782,-4.3275,-3.90244,0.06903326299999996,0.6492999999999998,4.5,2.7,1.7999999999999998
eval_20260722_233914,Ministral-3-8B-Instruct-2512,e5,twostage,e5/twostage,402,FDP,5,0.1807,-1.5729,-0.73708,0.630116047,1.7536,3.2,4.3,1.0999999999999996
eval_20260722_233914,Ministral-3-8B-Instruct-2512,e5,twostage,e5/twostage,703,SPD,5,-2.193,-3.2443,-2.62174,0.16083701299999997,1.0513,4.5,2.7,1.7999999999999998
eval_20260722_233914,Ministral-3-8B-Instruct-2512,e5,twostage,e5/twostage,477,DIE LINKE,5,1.582,-1.2974,-0.26611999999999997,1.6557354169999998,2.8794000000000004,1.2,1.3,0.10000000000000009
eval_20260722_233914,Ministral-3-8B-Instruct-2512,e5,twostage,e5/twostage,106,BÜNDNIS 90/DIE GRÜNEN,5,-4.0703,-4.5712,-4.35574,0.05369625800000007,0.5009000000000006,3.5,2.4,1.1
eval_20260722_233914,Ministral-3-8B-Instruct-2512,e5,twostage,e5/twostage,566,DIE LINKE,5,0.5826,-2.3067,-1.4144999999999999,1.324871685,2.8893000000000004,1.2,1.3,0.10000000000000009
eval_20260722_233914,Ministral-3-8B-Instruct-2512,e5,twostage,e5/twostage,390,FDP,5,-0.0374,-2.2556,-1.32728,0.6524602969999999,2.2182,1.3,4.3,3.0
eval_20260722_233914,Ministral-3-8B-Instruct-2512,e5,twostage,e5/twostage,1,CDU/CSU,5,-0.6862,-1.3278,-1.06242,0.068291927,0.6416000000000001,4.7,4.7,0.0
eval_20260722_233914,Ministral-3-8B-Instruct-2512,e5,twostage,e5/twostage,768,SPD,5,0.6543,-0.8151,0.07138000000000003,0.336522412,1.4694,5.8,2.7,3.0999999999999996
eval_20260722_233914,Ministral-3-8B-Instruct-2512,e5,twostage,e5/twostage,562,DIE LINKE,5,-2.274,-4.8993,-4.14932,1.1645115320000001,2.6253,1.2,1.3,0.10000000000000009
eval_20260722_233914,Ministral-3-8B-Instruct-2512,e5,twostage,e5/twostage,81,BÜNDNIS 90/DIE GRÜNEN,5,2.0317,-1.1159,0.7108800000000001,1.511209552,3.1475999999999997,5.8,2.4,3.4
eval_20260722_233914,Ministral-3-8B-Instruct-2512,e5,twostage,e5/twostage,206,AfD,5,-1.0892,-3.1132,-2.4584,0.8302362150000002,2.024,7.0,6.5,0.5
eval_20260722_233914,Ministral-3-8B-Instruct-2512,e5,twostage,e5/twostage,34,AfD,5,-2.8453,-3.4787,-3.19264,0.074982258,0.6334,7.0,6.5,0.5
eval_20260722_233914,Ministral-3-8B-Instruct-2512,e5,twostage,e5/twostage,509,DIE LINKE,5,2.2044,-1.609,0.009479999999999978,3.1150100970000003,3.8134,5.8,1.3,4.5
eval_20260722_233914,Ministral-3-8B-Instruct-2512,e5,twostage,e5/twostage,428,DIE LINKE,5,-3.0092,-3.6215,-3.2847,0.06200363500000006,0.6123000000000003,1.3,1.3,0.0
eval_20260722_233914,Ministral-3-8B-Instruct-2512,e5,twostage,e5/twostage,455,DIE LINKE,5,-1.0972,-3.108,-1.9534200000000002,0.6092412220000001,2.0108,1.2,1.3,0.10000000000000009
eval_20260722_233914,Ministral-3-8B-Instruct-2512,e5,twostage,e5/twostage,367,FDP,5,0.1888,-3.2942,-2.19024,1.860458793,3.483,6.8,4.3,2.5
eval_20260722_233914,Ministral-3-8B-Instruct-2512,e5,twostage,e5/twostage,92,AfD,5,-1.3861,-3.611,-2.5487200000000003,0.657606107,2.2249,6.8,6.5,0.2999999999999998
eval_20260722_233914,Ministral-3-8B-Instruct-2512,e5,twostage,e5/twostage,340,CDU,5,-1.868,-4.3656,-3.71674,1.0855412779999998,2.4975999999999994,4.5,4.7,0.20000000000000018
eval_20260722_233914,Ministral-3-8B-Instruct-2512,e5,twostage,e5/twostage,565,DIE LINKE,5,0.9546,-1.2011,0.028160000000000053,0.937787428,2.1557,1.2,1.3,0.10000000000000009
eval_20260722_233914,Ministral-3-8B-Instruct-2512,e5,twostage,e5/twostage,346,CSU,5,-1.8994,-2.9263,-2.43222,0.21496178699999993,1.0269,3.2,5.4,2.2
eval_20260722_233914,Ministral-3-8B-Instruct-2512,e5,twostage,e5/twostage,242,BÜNDNIS 90/DIE GRÜNEN,5,-1.6924,-3.525,-2.90424,0.5533050530000001,1.8326,4.5,2.4,2.1
eval_20260722_233914,Ministral-3-8B-Instruct-2512,e5,twostage,e5/twostage,13,BÜNDNIS 90/DIE GRÜNEN,5,0.2924,-0.5246,-0.08799999999999998,0.133198595,0.817,2.1,2.4,0.2999999999999998
eval_20260722_233914,Ministral-3-8B-Instruct-2512,e5,twostage,e5/twostage,316,BÜNDNIS 90/DIE GRÜNEN,5,-3.4324,-4.6758,-4.26894,0.253063218,1.2433999999999998,3.5,2.4,1.1
eval_20260722_233914,Ministral-3-8B-Instruct-2512,e5,twostage,e5/twostage,388,FDP,5,0.2053,-0.5943,-0.02592000000000001,0.113694032,0.7996000000000001,7.0,4.3,2.7
eval_20260722_233914,Ministral-3-8B-Instruct-2512,e5,twostage,e5/twostage,274,BÜNDNIS 90/DIE GRÜNEN,5,2.6609,2.0977,2.3741,0.05956784499999994,0.5631999999999997,3.2,2.4,0.8000000000000003
eval_20260722_233914,Ministral-3-8B-Instruct-2512,e5,twostage,e5/twostage,167,AfD,5,-2.3523,-3.1844,-2.7223599999999997,0.09140566300000003,0.8321000000000001,1.0,6.5,5.5
eval_20260722_233914,Ministral-3-8B-Instruct-2512,e5,twostage,e5/twostage,814,SPD,5,-2.9561,-3.7799,-3.5380200000000004,0.11057631199999997,0.8237999999999999,6.8,2.7,4.1
eval_20260722_233914,Ministral-3-8B-Instruct-2512,e5,twostage,e5/twostage,647,SPD,5,-1.4863,-3.3155,-2.29404,0.579568748,1.8292000000000002,2.1,2.7,0.6000000000000001
eval_20260722_233914,Ministral-3-8B-Instruct-2512,e5,twostage,e5/twostage,485,DIE LINKE,5,-1.1277,-2.9858,-2.41362,0.594504487,1.8580999999999999,6.5,1.3,5.2
eval_20260722_233914,Ministral-3-8B-Instruct-2512,e5,twostage,e5/twostage,803,SPD,5,0.6402,-1.1158,-0.0021199999999999886,0.553499612,1.7559999999999998,4.5,2.7,1.7999999999999998
eval_20260722_233914,Ministral-3-8B-Instruct-2512,e5,twostage,e5/twostage,505,DIE LINKE,5,2.2975,-0.7374,0.35341999999999996,1.488220117,3.0349,5.8,1.3,4.5
eval_20260722_233914,Ministral-3-8B-Instruct-2512,e5,twostage,e5/twostage,244,BÜNDNIS 90/DIE GRÜNEN,5,3.7553,3.0823,3.3109200000000003,0.07716287200000002,0.673,2.1,2.4,0.2999999999999998
eval_20260722_233914,Ministral-3-8B-Instruct-2512,e5,twostage,e5/twostage,567,DIE LINKE,5,-0.434,-3.113,-2.40782,1.260615912,2.679,1.2,1.3,0.10000000000000009
eval_20260722_233914,Ministral-3-8B-Instruct-2512,e5,twostage,e5/twostage,563,DIE LINKE,5,-1.1772,-3.3581,-2.30606,0.8020321929999998,2.1809,1.1,1.3,0.19999999999999996
eval_20260722_233914,Ministral-3-8B-Instruct-2512,e5,twostage,e5/twostage,687,SPD,5,-3.9881,-5.325,-4.7279,0.43942702499999986,1.3369,3.2,2.7,0.5
eval_20260722_233914,Ministral-3-8B-Instruct-2512,e5,twostage,e5/twostage,190,AfD,5,0.1422,-2.1454,-1.0131599999999998,1.1618194629999998,2.2876,7.0,6.5,0.5
eval_20260722_233914,Ministral-3-8B-Instruct-2512,e5,twostage,e5/twostage,700,SPD,5,-1.6878,-3.1576,-2.39312,0.335310632,1.4698,4.2,2.7,1.5
eval_20260722_233914,Ministral-3-8B-Instruct-2512,e5,twostage,e5/twostage,476,DIE LINKE,5,-0.2768,-1.6641,-0.9232199999999999,0.294480607,1.3873,6.8,1.3,5.5
eval_20260722_233914,Ministral-3-8B-Instruct-2512,e5,twostage,e5/twostage,682,SPD,5,-3.7642,-4.7036,-4.345740000000001,0.16552493799999984,0.9393999999999996,4.5,2.7,1.7999999999999998
eval_20260722_233914,Ministral-3-8B-Instruct-2512,e5,twostage,e5/twostage,511,DIE LINKE,5,3.0763,-2.9622,-1.2307400000000002,6.265872473,6.0385,1.2,1.3,0.10000000000000009
eval_20260722_233914,Ministral-3-8B-Instruct-2512,e5,twostage,e5/twostage,59,BÜNDNIS 90/DIE GRÜNEN,5,1.6439,0.3436,0.78062,0.27110082699999993,1.3003,4.2,2.4,1.8000000000000003
eval_20260722_233914,Ministral-3-8B-Instruct-2512,e5,twostage,e5/twostage,475,DIE LINKE,5,-0.1162,-3.6023,-2.49328,2.2137570369999997,3.4861,1.2,1.3,0.10000000000000009
eval_20260722_233914,Ministral-3-8B-Instruct-2512,e5,twostage,e5/twostage,561,DIE LINKE,5,1.6927,0.472,1.10392,0.26873503700000007,1.2207000000000001,7.0,1.3,5.7
eval_20260722_233914,Ministral-3-8B-Instruct-2512,e5,twostage,e5/twostage,748,SPD,5,-1.737,-2.1475,-1.9238399999999998,0.026534802999999982,0.41049999999999986,1.2,2.7,1.5000000000000002
eval_20260722_233914,Ministral-3-8B-Instruct-2512,e5,twostage,e5/twostage,253,BÜNDNIS 90/DIE GRÜNEN,5,0.2685,-1.1113,-0.59884,0.387198168,1.3798,2.1,2.4,0.2999999999999998
eval_20260722_233914,Ministral-3-8B-Instruct-2512,e5,twostage,e5/twostage,21,BÜNDNIS 90/DIE GRÜNEN,5,-3.9875,-5.9628,-4.795259999999999,0.5190467429999999,1.9752999999999998,7.0,2.4,4.6
eval_20260722_233914,Ministral-3-8B-Instruct-2512,e5,twostage,e5/twostage,314,BÜNDNIS 90/DIE GRÜNEN,5,2.2925,1.1237,1.59294,0.272298263,1.1688,4.5,2.4,2.1
eval_20260722_233914,Ministral-3-8B-Instruct-2512,e5,twostage,e5/twostage,460,DIE LINKE,5,3.0448,1.1269,1.9478000000000002,0.5960724550000001,1.9179,1.5,1.3,0.19999999999999996
eval_20260722_233914,Ministral-3-8B-Instruct-2512,e5,twostage,e5/twostage,161,AfD,5,-1.1092,-2.8403,-2.1757999999999997,0.41173782500000006,1.7311,6.8,6.5,0.2999999999999998
eval_20260722_233914,Ministral-3-8B-Instruct-2512,e5,twostage,e5/twostage,277,BÜNDNIS 90/DIE GRÜNEN,5,-1.7849,-3.8379,-3.01258,0.728092537,2.053,4.5,2.4,2.1
eval_20260722_233914,Ministral-3-8B-Instruct-2512,e5,twostage,e5/twostage,192,AfD,5,5.7362,0.5177,2.51462,3.853018817,5.218500000000001,7.0,6.5,0.5
eval_20260722_233914,Ministral-3-8B-Instruct-2512,e5,twostage,e5/twostage,386,FDP,5,3.5994,0.2325,1.69122,1.5180046670000003,3.3669000000000002,3.2,4.3,1.0999999999999996
eval_20260722_233914,Ministral-3-8B-Instruct-2512,e5,twostage,e5/twostage,414,FDP,5,-0.9091,-2.7268,-1.7241799999999998,0.597684967,1.8176999999999999,3.8,4.3,0.5
eval_20260722_233914,Ministral-3-8B-Instruct-2512,e5,twostage,e5/twostage,492,DIE LINKE,5,2.2169,-1.7375,-0.48752000000000006,2.552810862,3.9543999999999997,4.5,1.3,3.2
eval_20260722_233914,Ministral-3-8B-Instruct-2512,e5,twostage,e5/twostage,344,CSU,5,-0.564,-3.7429,-1.82548,1.6197841570000002,3.1789,5.8,5.4,0.39999999999999947
eval_20260722_233914,Ministral-3-8B-Instruct-2512,e5,twostage,e5/twostage,770,SPD,5,-3.3807,-5.2512,-4.3185400000000005,0.7571254029999999,1.8704999999999998,5.8,2.7,3.0999999999999996
eval_20260722_233914,Ministral-3-8B-Instruct-2512,e5,twostage,e5/twostage,309,BÜNDNIS 90/DIE GRÜNEN,5,0.2938,-1.941,-0.59866,0.711486598,2.2348,3.5,2.4,1.1
eval_20260722_233914,Ministral-3-8B-Instruct-2512,e5,twostage,e5/twostage,662,SPD,5,-2.0214,-4.3373,-3.5162,0.8662388700000001,2.3159,2.1,2.7,0.6000000000000001
eval_20260722_233914,Ministral-3-8B-Instruct-2512,e5,twostage,e5/twostage,131,AfD,5,0.2187,-3.2076,-1.5903199999999997,1.620627602,3.4263,6.8,6.5,0.2999999999999998
eval_20260722_233914,Ministral-3-8B-Instruct-2512,e5,twostage,e5/twostage,664,SPD,5,0.3457,-1.7346,-0.79336,0.773885503,2.0803,4.5,2.7,1.7999999999999998
eval_20260722_233914,Ministral-3-8B-Instruct-2512,e5,twostage,e5/twostage,100,BÜNDNIS 90/DIE GRÜNEN,5,-0.4554,-3.1219,-2.4359,1.299047245,2.6665,3.2,2.4,0.8000000000000003
eval_20260722_233914,Ministral-3-8B-Instruct-2512,e5,twostage,e5/twostage,373,FDP,5,-3.7887,-6.0251,-5.104220000000001,0.8566145269999998,2.2364,5.8,4.3,1.5
eval_20260722_233914,Ministral-3-8B-Instruct-2512,e5,twostage,e5/twostage,88,BÜNDNIS 90/DIE GRÜNEN,5,-0.8963,-1.7042,-1.3133599999999999,0.14548784299999998,0.8079,3.2,2.4,0.8000000000000003
eval_20260722_233914,Ministral-3-8B-Instruct-2512,e5,twostage,e5/twostage,459,DIE LINKE,5,-2.0033,-4.7345,-3.80872,1.1115859270000001,2.7312,6.5,1.3,5.2
eval_20260722_233914,Ministral-3-8B-Instruct-2512,e5,twostage,e5/twostage,331,CDU,5,0.568,-2.5038,-1.22858,1.3830780120000001,3.0718,6.5,4.7,1.7999999999999998
eval_20260722_233914,Ministral-3-8B-Instruct-2512,e5,twostage,e5/twostage,467,DIE LINKE,5,-1.3878,-2.6817,-2.0511000000000004,0.2373522950000001,1.2939000000000003,1.1,1.3,0.19999999999999996
eval_20260722_233914,Ministral-3-8B-Instruct-2512,e5,twostage,e5/twostage,122,AfD,5,0.3683,-0.6423,-0.07964,0.14488271799999997,1.0106,6.8,6.5,0.2999999999999998
eval_20260722_233914,Ministral-3-8B-Instruct-2512,e5,twostage,e5/twostage,615,SPD,5,2.901,0.4969,1.7559,0.9143647849999998,2.4040999999999997,4.5,2.7,1.7999999999999998
eval_20260722_233914,Ministral-3-8B-Instruct-2512,e5,twostage,e5/twostage,20,BÜNDNIS 90/DIE GRÜNEN,5,-0.662,-2.2908,-1.8283,0.44414539000000003,1.6288,6.2,2.4,3.8000000000000003
eval_20260722_233914,Ministral-3-8B-Instruct-2512,e5,twostage,e5/twostage,701,SPD,5,-2.1717,-3.1036,-2.59024,0.12995699800000002,0.9319000000000002,6.5,2.7,3.8
eval_20260722_233914,Ministral-3-8B-Instruct-2512,e5,twostage,e5/twostage,107,CDU/CSU,5,-0.4737,-2.1739,-1.5033400000000001,0.432964108,1.7002000000000002,1.2,4.7,3.5
eval_20260722_233914,Ministral-3-8B-Instruct-2512,e5,twostage,e5/twostage,271,BÜNDNIS 90/DIE GRÜNEN,5,-1.1611,-2.8163,-2.07056,0.48176057800000005,1.6552,3.2,2.4,0.8000000000000003
eval_20260722_233914,Ministral-3-8B-Instruct-2512,e5,twostage,e5/twostage,436,DIE LINKE,5,-2.7946,-5.3985,-4.5022,1.0020566700000002,2.6039000000000003,5.8,1.3,4.5
eval_20260722_233914,Ministral-3-8B-Instruct-2512,e5,twostage,e5/twostage,103,BÜNDNIS 90/DIE GRÜNEN,5,-0.5974,-3.678,-2.1023400000000003,1.272435958,3.0806,4.5,2.4,2.1
eval_20260723_115807,Ministral-3-8B-Instruct-2512,jina,hyde,jina/hyde,334,CDU,5,0.8476,0.8322,0.8390000000000001,3.157999999999984e-05,0.01539999999999997,6.5,4.7,1.7999999999999998
eval_20260723_115807,Ministral-3-8B-Instruct-2512,jina,hyde,jina/hyde,68,BÜNDNIS 90/DIE GRÜNEN,5,0.8066,0.793,0.7977000000000001,3.05799999999999e-05,0.013599999999999945,7.0,2.4,4.6
eval_20260723_115807,Ministral-3-8B-Instruct-2512,jina,hyde,jina/hyde,683,SPD,5,0.7815,0.7717,0.7778400000000001,1.5167999999999855e-05,0.00979999999999992,5.8,2.7,3.0999999999999996
eval_20260723_115807,Ministral-3-8B-Instruct-2512,jina,hyde,jina/hyde,399,FDP,5,0.8163,0.7953,0.8030200000000001,6.625200000000023e-05,0.02100000000000002,6.8,4.3,2.5
eval_20260723_115807,Ministral-3-8B-Instruct-2512,jina,hyde,jina/hyde,216,BÜNDNIS 90/DIE GRÜNEN,5,0.8662,0.8378,0.8448,0.00014411499999999967,0.02839999999999998,1.2,2.4,1.2
eval_20260723_115807,Ministral-3-8B-Instruct-2512,jina,hyde,jina/hyde,807,SPD,5,0.774,0.7622,0.7679400000000001,1.9558000000000103e-05,0.011800000000000033,4.2,2.7,1.5
eval_20260723_115807,Ministral-3-8B-Instruct-2512,jina,hyde,jina/hyde,87,BÜNDNIS 90/DIE GRÜNEN,5,0.7907,0.7875,0.78868,1.8219999999999827e-06,0.0031999999999999806,4.5,2.4,2.1
eval_20260723_115807,Ministral-3-8B-Instruct-2512,jina,hyde,jina/hyde,539,DIE LINKE,5,0.8241,0.8147,0.81968,1.3212000000000173e-05,0.009400000000000075,4.5,1.3,3.2
eval_20260723_115807,Ministral-3-8B-Instruct-2512,jina,hyde,jina/hyde,713,SPD,5,0.8022,0.7907,0.79574,2.3598000000000166e-05,0.011500000000000066,6.5,2.7,3.8
eval_20260723_115807,Ministral-3-8B-Instruct-2512,jina,hyde,jina/hyde,522,DIE LINKE,5,0.8308,0.8152,0.8208,3.590499999999981e-05,0.015599999999999947,1.2,1.3,0.10000000000000009
eval_20260723_115807,Ministral-3-8B-Instruct-2512,jina,hyde,jina/hyde,772,SPD,5,0.8284,0.8195,0.82288,1.4457000000000006e-05,0.008900000000000019,3.2,2.7,0.5
eval_20260723_115807,Ministral-3-8B-Instruct-2512,jina,hyde,jina/hyde,435,DIE LINKE,5,0.8757,0.8353,0.8474999999999999,0.0002855850000000004,0.04039999999999999,1.1,1.3,0.19999999999999996
eval_20260723_115807,Ministral-3-8B-Instruct-2512,jina,hyde,jina/hyde,30,AfD,5,0.743,0.7239,0.72984,5.817300000000007e-05,0.019100000000000006,7.0,6.5,0.5
eval_20260723_115807,Ministral-3-8B-Instruct-2512,jina,hyde,jina/hyde,776,SPD,5,0.7927,0.7703,0.7810599999999999,7.706299999999975e-05,0.022399999999999975,5.8,2.7,3.0999999999999996
eval_20260723_115807,Ministral-3-8B-Instruct-2512,jina,hyde,jina/hyde,434,DIE LINKE,5,0.8416,0.8301,0.8341000000000001,2.7330000000000143e-05,0.011500000000000066,1.2,1.3,0.10000000000000009
eval_20260723_115807,Ministral-3-8B-Instruct-2512,jina,hyde,jina/hyde,39,AfD,5,0.8399,0.8219,0.82746,5.8012999999999887e-05,0.018000000000000016,6.8,6.5,0.2999999999999998
eval_20260723_115807,Ministral-3-8B-Instruct-2512,jina,hyde,jina/hyde,213,BÜNDNIS 90/DIE GRÜNEN,5,0.79,0.7739,0.78164,4.777300000000008e-05,0.016100000000000003,3.2,2.4,0.8000000000000003
eval_20260723_115807,Ministral-3-8B-Instruct-2512,jina,hyde,jina/hyde,292,BÜNDNIS 90/DIE GRÜNEN,5,0.8419,0.8231,0.8305200000000001,6.0501999999999645e-05,0.018799999999999928,2.1,2.4,0.2999999999999998
eval_20260723_115807,Ministral-3-8B-Instruct-2512,jina,hyde,jina/hyde,782,SPD,5,0.8301,0.8102,0.8175399999999999,5.6632999999999625e-05,0.019899999999999918,3.2,2.7,0.5
eval_20260723_115807,Ministral-3-8B-Instruct-2512,jina,hyde,jina/hyde,451,DIE LINKE,5,0.8412,0.831,0.83582,1.595199999999985e-05,0.010199999999999987,1.1,1.3,0.19999999999999996
eval_20260723_115807,Ministral-3-8B-Instruct-2512,jina,hyde,jina/hyde,205,AfD,5,0.8123,0.805,0.8087200000000001,6.876999999999938e-06,0.007299999999999973,2.1,6.5,4.4
eval_20260723_115807,Ministral-3-8B-Instruct-2512,jina,hyde,jina/hyde,327,CDU,5,0.785,0.7766,0.78156,1.4053000000000199e-05,0.008400000000000074,3.2,4.7,1.5
eval_20260723_115807,Ministral-3-8B-Instruct-2512,jina,hyde,jina/hyde,708,SPD,5,0.8018,0.7877,0.7939400000000001,4.034299999999999e-05,0.014100000000000001,,2.7,
eval_20260723_115807,Ministral-3-8B-Instruct-2512,jina,hyde,jina/hyde,251,BÜNDNIS 90/DIE GRÜNEN,5,0.8284,0.8081,0.81592,8.211699999999982e-05,0.020299999999999985,3.2,2.4,0.8000000000000003
eval_20260723_115807,Ministral-3-8B-Instruct-2512,jina,hyde,jina/hyde,577,DIE LINKE,5,0.8426,0.7933,0.8062400000000001,0.0004215630000000003,0.04930000000000001,1.2,1.3,0.10000000000000009
eval_20260723_115807,Ministral-3-8B-Instruct-2512,jina,hyde,jina/hyde,197,AfD,5,0.8191,0.8137,0.8168799999999999,6.282000000000044e-06,0.005400000000000071,7.0,6.5,0.5
eval_20260723_115807,Ministral-3-8B-Instruct-2512,jina,hyde,jina/hyde,345,CSU,5,0.7886,0.7621,0.77226,0.00010963299999999996,0.026499999999999968,4.5,5.4,0.9000000000000004
eval_20260723_115807,Ministral-3-8B-Instruct-2512,jina,hyde,jina/hyde,741,SPD,5,0.8051,0.7962,0.80012,1.3796999999999997e-05,0.008900000000000019,4.2,2.7,1.5
eval_20260723_115807,Ministral-3-8B-Instruct-2512,jina,hyde,jina/hyde,339,CDU,5,0.8055,0.7922,0.79754,2.761300000000005e-05,0.013299999999999979,6.8,4.7,2.0999999999999996
eval_20260723_115807,Ministral-3-8B-Instruct-2512,jina,hyde,jina/hyde,706,SPD,5,0.7874,0.7654,0.77996,7.860300000000005e-05,0.02200000000000002,2.1,2.7,0.6000000000000001
eval_20260723_115807,Ministral-3-8B-Instruct-2512,jina,hyde,jina/hyde,528,DIE LINKE,5,0.7939,0.7617,0.7766,0.00018870999999999978,0.032200000000000006,1.2,1.3,0.10000000000000009
eval_20260723_115807,Ministral-3-8B-Instruct-2512,jina,hyde,jina/hyde,138,AfD,5,0.798,0.7815,0.7872800000000001,4.084200000000036e-05,0.01650000000000007,7.0,6.5,0.5
eval_20260723_115807,Ministral-3-8B-Instruct-2512,jina,hyde,jina/hyde,353,FDP,5,0.764,0.7526,0.7561800000000001,2.3222000000000084e-05,0.011399999999999966,4.5,4.3,0.20000000000000018
eval_20260723_115807,Ministral-3-8B-Instruct-2512,jina,hyde,jina/hyde,617,SPD,5,0.7631,0.7516,0.7561,2.0934999999999975e-05,0.011499999999999955,3.5,2.7,0.7999999999999998
eval_20260723_115807,Ministral-3-8B-Instruct-2512,jina,hyde,jina/hyde,66,BÜNDNIS 90/DIE GRÜNEN,5,0.8567,0.8406,0.8451600000000001,4.563299999999993e-05,0.016100000000000003,5.8,2.4,3.4
eval_20260723_115807,Ministral-3-8B-Instruct-2512,jina,hyde,jina/hyde,64,BÜNDNIS 90/DIE GRÜNEN,5,0.8384,0.8234,0.83016,5.1593000000000216e-05,0.015000000000000013,5.8,2.4,3.4
eval_20260723_115807,Ministral-3-8B-Instruct-2512,jina,hyde,jina/hyde,671,SPD,5,0.8075,0.7941,0.7983,2.9624999999999968e-05,0.013399999999999967,7.0,2.7,4.3
eval_20260723_115807,Ministral-3-8B-Instruct-2512,jina,hyde,jina/hyde,140,AfD,5,0.85,0.8344,0.8412200000000001,3.8151999999999854e-05,0.015599999999999947,7.0,6.5,0.5
eval_20260723_115807,Ministral-3-8B-Instruct-2512,jina,hyde,jina/hyde,23,BÜNDNIS 90/DIE GRÜNEN,5,0.8148,0.7969,0.80518,4.257699999999963e-05,0.017899999999999916,2.1,2.4,0.2999999999999998
eval_20260723_115807,Ministral-3-8B-Instruct-2512,jina,hyde,jina/hyde,110,BÜNDNIS 90/DIE GRÜNEN,5,0.804,0.7911,0.7986800000000001,2.2626999999999992e-05,0.012900000000000023,3.8,2.4,1.4
eval_20260723_115807,Ministral-3-8B-Instruct-2512,jina,hyde,jina/hyde,212,AfD,5,0.8281,0.8186,0.82132,1.4936999999999766e-05,0.009499999999999953,6.8,6.5,0.2999999999999998
eval_20260723_115807,Ministral-3-8B-Instruct-2512,jina,hyde,jina/hyde,558,DIE LINKE,5,0.8151,0.7946,0.80114,7.28630000000006e-05,0.020500000000000074,1.2,1.3,0.10000000000000009
eval_20260723_115807,Ministral-3-8B-Instruct-2512,jina,hyde,jina/hyde,240,BÜNDNIS 90/DIE GRÜNEN,5,0.8442,0.8273,0.8346199999999999,4.443699999999968e-05,0.016899999999999915,3.2,2.4,0.8000000000000003
eval_20260723_115807,Ministral-3-8B-Instruct-2512,jina,hyde,jina/hyde,478,DIE LINKE,5,0.82,0.8071,0.8107,2.865499999999965e-05,0.012899999999999912,3.8,1.3,2.5
eval_20260723_115807,Ministral-3-8B-Instruct-2512,jina,hyde,jina/hyde,214,BÜNDNIS 90/DIE GRÜNEN,5,0.8171,0.7841,0.79388,0.0001854120000000004,0.03300000000000003,3.2,2.4,0.8000000000000003
eval_20260723_115807,Ministral-3-8B-Instruct-2512,jina,hyde,jina/hyde,406,FDP,5,0.833,0.8169,0.82302,4.104700000000008e-05,0.016100000000000003,1.2,4.3,3.0999999999999996
eval_20260723_115807,Ministral-3-8B-Instruct-2512,jina,hyde,jina/hyde,67,BÜNDNIS 90/DIE GRÜNEN,5,0.7793,0.7711,0.77524,1.0818e-05,0.008199999999999985,2.1,2.4,0.2999999999999998
eval_20260723_115807,Ministral-3-8B-Instruct-2512,jina,hyde,jina/hyde,680,SPD,5,0.6718,0.6311,0.6451399999999999,0.00025467299999999964,0.04069999999999996,4.5,2.7,1.7999999999999998
eval_20260723_115807,Ministral-3-8B-Instruct-2512,jina,hyde,jina/hyde,530,DIE LINKE,5,0.8212,0.8062,0.8148,6.184499999999981e-05,0.015000000000000013,3.2,1.3,1.9000000000000001
eval_20260723_115807,Ministral-3-8B-Instruct-2512,jina,hyde,jina/hyde,538,DIE LINKE,5,0.7903,0.753,0.7657999999999999,0.0002253249999999999,0.0373,6.5,1.3,5.2
eval_20260723_115807,Ministral-3-8B-Instruct-2512,jina,hyde,jina/hyde,653,SPD,5,0.7359,0.7308,0.73232,4.60699999999997e-06,0.005099999999999993,3.2,2.7,0.5
eval_20260723_115807,Ministral-3-8B-Instruct-2512,jina,hyde,jina/hyde,335,CDU,5,0.833,0.8213,0.82714,2.3832999999999966e-05,0.011699999999999933,5.8,4.7,1.0999999999999996
eval_20260723_115807,Ministral-3-8B-Instruct-2512,jina,hyde,jina/hyde,496,DIE LINKE,5,0.7912,0.7687,0.77608,8.734700000000011e-05,0.022499999999999964,1.2,1.3,0.10000000000000009
eval_20260723_115807,Ministral-3-8B-Instruct-2512,jina,hyde,jina/hyde,804,SPD,5,0.8173,0.8022,0.8102,5.37949999999998e-05,0.015100000000000002,5.8,2.7,3.0999999999999996
eval_20260723_115807,Ministral-3-8B-Instruct-2512,jina,hyde,jina/hyde,432,DIE LINKE,5,0.8061,0.7886,0.7945,4.659500000000025e-05,0.01750000000000007,1.2,1.3,0.10000000000000009
eval_20260723_115807,Ministral-3-8B-Instruct-2512,jina,hyde,jina/hyde,569,DIE LINKE,5,0.7799,0.7195,0.7331200000000001,0.0006884720000000005,0.06040000000000001,1.2,1.3,0.10000000000000009
eval_20260723_115807,Ministral-3-8B-Instruct-2512,jina,hyde,jina/hyde,801,SPD,5,0.8057,0.7856,0.7939799999999999,6.229700000000011e-05,0.020100000000000007,2.1,2.7,0.6000000000000001
eval_20260723_115807,Ministral-3-8B-Instruct-2512,jina,hyde,jina/hyde,783,SPD,5,0.8145,0.7895,0.79714,0.000103543,0.025000000000000022,3.2,2.7,0.5
eval_20260723_115807,Ministral-3-8B-Instruct-2512,jina,hyde,jina/hyde,817,SPD,5,0.7848,0.7463,0.7619,0.00035561500000000075,0.03850000000000009,3.2,2.7,0.5
eval_20260723_115807,Ministral-3-8B-Instruct-2512,jina,hyde,jina/hyde,546,DIE LINKE,5,0.8461,0.8339,0.84024,3.1447999999999927e-05,0.012199999999999989,7.0,1.3,5.7
eval_20260723_115807,Ministral-3-8B-Instruct-2512,jina,hyde,jina/hyde,381,FDP,5,0.8138,0.7941,0.80284,6.619299999999979e-05,0.01969999999999994,4.5,4.3,0.20000000000000018
eval_20260723_115807,Ministral-3-8B-Instruct-2512,jina,hyde,jina/hyde,775,SPD,5,0.8141,0.7779,0.7878999999999999,0.00022038500000000065,0.03620000000000001,4.2,2.7,1.5
eval_20260723_115807,Ministral-3-8B-Instruct-2512,jina,hyde,jina/hyde,261,BÜNDNIS 90/DIE GRÜNEN,5,0.8328,0.8263,0.82826,6.822999999999948e-06,0.00649999999999995,2.1,2.4,0.2999999999999998
eval_20260723_115807,Ministral-3-8B-Instruct-2512,jina,hyde,jina/hyde,507,DIE LINKE,5,0.7875,0.7783,0.7820400000000001,1.4217999999999907e-05,0.009199999999999986,1.2,1.3,0.10000000000000009
eval_20260723_115807,Ministral-3-8B-Instruct-2512,jina,hyde,jina/hyde,666,SPD,5,0.833,0.8053,0.81434,0.00013314299999999939,0.027699999999999947,2.1,2.7,0.6000000000000001
eval_20260723_115807,Ministral-3-8B-Instruct-2512,jina,hyde,jina/hyde,369,FDP,5,0.757,0.7441,0.74898,2.6276999999999972e-05,0.012900000000000023,4.2,4.3,0.09999999999999964
eval_20260723_115807,Ministral-3-8B-Instruct-2512,jina,hyde,jina/hyde,50,CDU/CSU,5,0.845,0.8165,0.82348,0.00014698699999999984,0.02849999999999997,4.2,4.7,0.5
eval_20260723_115807,Ministral-3-8B-Instruct-2512,jina,hyde,jina/hyde,97,AfD,5,0.8485,0.837,0.8417199999999999,2.062200000000026e-05,0.011500000000000066,7.0,6.5,0.5
eval_20260723_115807,Ministral-3-8B-Instruct-2512,jina,hyde,jina/hyde,777,SPD,5,0.8159,0.791,0.79866,0.00010042799999999952,0.024899999999999922,4.5,2.7,1.7999999999999998
eval_20260723_115807,Ministral-3-8B-Instruct-2512,jina,hyde,jina/hyde,651,SPD,5,0.8136,0.794,0.79918,6.626199999999987e-05,0.01959999999999995,1.2,2.7,1.5000000000000002
eval_20260723_115807,Ministral-3-8B-Instruct-2512,jina,hyde,jina/hyde,483,DIE LINKE,5,0.822,0.8094,0.8129799999999999,2.723199999999977e-05,0.012599999999999945,1.2,1.3,0.10000000000000009
eval_20260723_115807,Ministral-3-8B-Instruct-2512,jina,hyde,jina/hyde,600,SPD,5,0.7976,0.7778,0.78604,6.95729999999998e-05,0.01979999999999993,3.2,2.7,0.5
eval_20260723_115807,Ministral-3-8B-Instruct-2512,jina,hyde,jina/hyde,816,SPD,5,0.8115,0.7857,0.79728,0.00014089700000000018,0.025800000000000045,3.2,2.7,0.5
eval_20260723_115807,Ministral-3-8B-Instruct-2512,jina,hyde,jina/hyde,33,AfD,5,0.8352,0.8262,0.83034,1.548799999999997e-05,0.009000000000000008,4.2,6.5,2.3
eval_20260723_115807,Ministral-3-8B-Instruct-2512,jina,hyde,jina/hyde,31,AfD,5,0.7629,0.7542,0.7579200000000001,1.7537000000000025e-05,0.008700000000000041,1.2,6.5,5.3
eval_20260723_115807,Ministral-3-8B-Instruct-2512,jina,hyde,jina/hyde,819,SPD,5,0.7881,0.7252,0.7453200000000001,0.0006666120000000015,0.06290000000000007,3.2,2.7,0.5
eval_20260723_115807,Ministral-3-8B-Instruct-2512,jina,hyde,jina/hyde,494,DIE LINKE,5,0.8206,0.8094,0.81552,1.948700000000008e-05,0.011199999999999988,,1.3,
eval_20260723_115807,Ministral-3-8B-Instruct-2512,jina,hyde,jina/hyde,337,CDU,5,0.7936,0.7457,0.76008,0.00041502699999999924,0.04789999999999994,4.2,4.7,0.5
eval_20260723_115807,Ministral-3-8B-Instruct-2512,jina,hyde,jina/hyde,297,BÜNDNIS 90/DIE GRÜNEN,5,0.7789,0.7686,0.77182,1.872700000000013e-05,0.010300000000000087,1.2,2.4,1.2
eval_20260723_115807,Ministral-3-8B-Instruct-2512,jina,hyde,jina/hyde,300,BÜNDNIS 90/DIE GRÜNEN,5,0.8565,0.8199,0.83308,0.0002611520000000005,0.03660000000000008,5.8,2.4,3.4
eval_20260723_115807,Ministral-3-8B-Instruct-2512,jina,hyde,jina/hyde,441,DIE LINKE,5,0.8344,0.7958,0.81456,0.00029760800000000064,0.03860000000000008,4.5,1.3,3.2
eval_20260723_115807,Ministral-3-8B-Instruct-2512,jina,hyde,jina/hyde,405,FDP,5,0.7761,0.7686,0.773,8.210000000000167e-06,0.007500000000000062,3.2,4.3,1.0999999999999996
eval_20260723_115807,Ministral-3-8B-Instruct-2512,jina,hyde,jina/hyde,73,BÜNDNIS 90/DIE GRÜNEN,5,0.8652,0.8321,0.84626,0.00019183799999999995,0.03310000000000002,2.1,2.4,0.2999999999999998
eval_20260723_115807,Ministral-3-8B-Instruct-2512,jina,hyde,jina/hyde,78,BÜNDNIS 90/DIE GRÜNEN,5,0.8454,0.8251,0.83484,6.0478000000000406e-05,0.020300000000000096,2.1,2.4,0.2999999999999998
eval_20260723_115807,Ministral-3-8B-Instruct-2512,jina,hyde,jina/hyde,749,SPD,5,0.8275,0.7867,0.7954399999999999,0.0003214230000000005,0.04080000000000006,3.5,2.7,0.7999999999999998
eval_20260723_115807,Ministral-3-8B-Instruct-2512,jina,hyde,jina/hyde,523,DIE LINKE,5,0.8683,0.8504,0.8607199999999999,5.147699999999949e-05,0.017899999999999916,1.2,1.3,0.10000000000000009
eval_20260723_115807,Ministral-3-8B-Instruct-2512,jina,hyde,jina/hyde,352,FDP,5,0.8449,0.8102,0.8283200000000001,0.00018300699999999973,0.03469999999999995,4.2,4.3,0.09999999999999964
eval_20260723_115807,Ministral-3-8B-Instruct-2512,jina,hyde,jina/hyde,582,DIE LINKE,5,0.8247,0.8092,0.8158799999999999,3.785699999999978e-05,0.015499999999999958,4.2,1.3,2.9000000000000004
eval_20260723_115807,Ministral-3-8B-Instruct-2512,jina,hyde,jina/hyde,366,FDP,5,0.8334,0.8036,0.8129,0.00015409000000000066,0.02980000000000005,4.2,4.3,0.09999999999999964
eval_20260723_115807,Ministral-3-8B-Instruct-2512,jina,hyde,jina/hyde,444,DIE LINKE,5,0.8334,0.8055,0.8135200000000001,0.0001318920000000005,0.027900000000000036,1.2,1.3,0.10000000000000009
eval_20260723_115807,Ministral-3-8B-Instruct-2512,jina,hyde,jina/hyde,607,SPD,5,0.8208,0.8029,0.80846,5.119300000000007e-05,0.017900000000000027,6.8,2.7,4.1
eval_20260723_115807,Ministral-3-8B-Instruct-2512,jina,hyde,jina/hyde,351,FDP,5,0.8172,0.7991,0.80478,5.1102000000000054e-05,0.018100000000000005,3.2,4.3,1.0999999999999996
eval_20260723_115807,Ministral-3-8B-Instruct-2512,jina,hyde,jina/hyde,156,AfD,5,0.775,0.7661,0.76874,1.2902999999999998e-05,0.008900000000000019,7.0,6.5,0.5
eval_20260723_115807,Ministral-3-8B-Instruct-2512,jina,hyde,jina/hyde,614,SPD,5,0.7458,0.7152,0.7285999999999999,0.00018607500000000071,0.03060000000000007,3.2,2.7,0.5
eval_20260723_115807,Ministral-3-8B-Instruct-2512,jina,hyde,jina/hyde,317,BÜNDNIS 90/DIE GRÜNEN,5,0.7784,0.7611,0.76894,6.68380000000001e-05,0.017299999999999982,3.2,2.4,0.8000000000000003
eval_20260723_115807,Ministral-3-8B-Instruct-2512,jina,hyde,jina/hyde,622,SPD,5,0.8156,0.7918,0.8071999999999999,8.842500000000043e-05,0.023800000000000043,3.2,2.7,0.5
eval_20260723_115807,Ministral-3-8B-Instruct-2512,jina,hyde,jina/hyde,769,SPD,5,0.8172,0.8108,0.8138400000000001,9.813000000000107e-06,0.006400000000000072,2.1,2.7,0.6000000000000001
eval_20260723_115807,Ministral-3-8B-Instruct-2512,jina,hyde,jina/hyde,55,BÜNDNIS 90/DIE GRÜNEN,5,0.8183,0.8103,0.8155199999999999,9.281999999999977e-06,0.008000000000000007,1.2,2.4,1.2
eval_20260723_115807,Ministral-3-8B-Instruct-2512,jina,hyde,jina/hyde,771,SPD,5,0.758,0.7426,0.7495,4.932999999999996e-05,0.01539999999999997,6.5,2.7,3.8
eval_20260723_115807,Ministral-3-8B-Instruct-2512,jina,hyde,jina/hyde,502,DIE LINKE,5,0.8089,0.7861,0.79528,7.927199999999967e-05,0.02279999999999993,6.8,1.3,5.5
eval_20260723_115807,Ministral-3-8B-Instruct-2512,jina,hyde,jina/hyde,266,BÜNDNIS 90/DIE GRÜNEN,5,0.8065,0.7891,0.79702,5.2856999999999863e-05,0.01739999999999997,3.2,2.4,0.8000000000000003
eval_20260723_115807,Ministral-3-8B-Instruct-2512,jina,hyde,jina/hyde,548,DIE LINKE,5,0.8422,0.8247,0.83034,4.901299999999989e-05,0.01749999999999996,1.1,1.3,0.19999999999999996
eval_20260723_115807,Ministral-3-8B-Instruct-2512,jina,hyde,jina/hyde,98,AfD,5,0.8149,0.7917,0.79958,8.125699999999989e-05,0.0232,1.2,6.5,5.3
eval_20260723_115807,Ministral-3-8B-Instruct-2512,jina,hyde,jina/hyde,583,DIE LINKE,5,0.8252,0.8119,0.81584,3.1838000000000314e-05,0.01330000000000009,1.2,1.3,0.10000000000000009
eval_20260723_115807,Ministral-3-8B-Instruct-2512,jina,hyde,jina/hyde,77,CDU/CSU,5,0.7877,0.7705,0.7771000000000001,5.5215000000000006e-05,0.017199999999999993,3.8,4.7,0.9000000000000004
eval_20260723_115807,Ministral-3-8B-Instruct-2512,jina,hyde,jina/hyde,121,AfD,5,0.7107,0.703,0.70502,1.0537000000000089e-05,0.00770000000000004,3.2,6.5,3.3
eval_20260723_115807,Ministral-3-8B-Instruct-2512,jina,hyde,jina/hyde,395,FDP,5,0.8123,0.795,0.807,4.83849999999999e-05,0.017299999999999982,4.5,4.3,0.20000000000000018
eval_20260723_115807,Ministral-3-8B-Instruct-2512,jina,hyde,jina/hyde,785,SPD,5,0.8269,0.8141,0.8190799999999999,2.53919999999998e-05,0.012799999999999923,3.2,2.7,0.5
eval_20260723_115807,Ministral-3-8B-Instruct-2512,jina,hyde,jina/hyde,358,FDP,5,0.8108,0.8062,0.8077400000000001,3.147999999999902e-06,0.0045999999999999375,3.2,4.3,1.0999999999999996
eval_20260723_115807,Ministral-3-8B-Instruct-2512,jina,hyde,jina/hyde,731,SPD,5,0.8241,0.8155,0.82028,1.542200000000011e-05,0.008600000000000052,4.2,2.7,1.5
eval_20260723_115807,Ministral-3-8B-Instruct-2512,jina,hyde,jina/hyde,535,DIE LINKE,5,0.7827,0.7666,0.77172,4.808199999999971e-05,0.016100000000000003,1.2,1.3,0.10000000000000009
eval_20260723_115807,Ministral-3-8B-Instruct-2512,jina,hyde,jina/hyde,465,DIE LINKE,5,0.8065,0.7769,0.7912199999999999,0.0001840069999999997,0.02959999999999996,1.2,1.3,0.10000000000000009
eval_20260723_115807,Ministral-3-8B-Instruct-2512,jina,hyde,jina/hyde,85,BÜNDNIS 90/DIE GRÜNEN,5,0.7959,0.7701,0.77824,0.0001065880000000004,0.025800000000000045,6.8,2.4,4.4
eval_20260723_115807,Ministral-3-8B-Instruct-2512,jina,hyde,jina/hyde,10,BÜNDNIS 90/DIE GRÜNEN,5,0.8617,0.8445,0.85186,7.078299999999985e-05,0.017199999999999993,3.2,2.4,0.8000000000000003
eval_20260723_115807,Ministral-3-8B-Instruct-2512,jina,hyde,jina/hyde,169,AfD,5,0.823,0.8155,0.8188000000000001,9.734999999999836e-06,0.007499999999999951,6.9,6.5,0.40000000000000036
eval_20260723_115807,Ministral-3-8B-Instruct-2512,jina,hyde,jina/hyde,111,BÜNDNIS 90/DIE GRÜNEN,5,0.8584,0.8352,0.84766,7.482799999999997e-05,0.0232,4.2,2.4,1.8000000000000003
eval_20260723_115807,Ministral-3-8B-Instruct-2512,jina,hyde,jina/hyde,293,BÜNDNIS 90/DIE GRÜNEN,5,0.795,0.7734,0.7846,6.222500000000037e-05,0.021600000000000064,2.1,2.4,0.2999999999999998
eval_20260723_115807,Ministral-3-8B-Instruct-2512,jina,hyde,jina/hyde,495,DIE LINKE,5,0.8316,0.8137,0.8234400000000001,5.670300000000007e-05,0.017900000000000027,3.2,1.3,1.9000000000000001
eval_20260723_115807,Ministral-3-8B-Instruct-2512,jina,hyde,jina/hyde,219,BÜNDNIS 90/DIE GRÜNEN,5,0.8389,0.8297,0.8352,1.3790000000000022e-05,0.009199999999999986,2.1,2.4,0.2999999999999998
eval_20260723_115807,Ministral-3-8B-Instruct-2512,jina,hyde,jina/hyde,722,SPD,5,0.798,0.7864,0.79376,2.2768000000000027e-05,0.011600000000000055,7.0,2.7,4.3
eval_20260723_115807,Ministral-3-8B-Instruct-2512,jina,hyde,jina/hyde,328,CDU,5,0.8203,0.8061,0.81098,3.625699999999995e-05,0.01419999999999999,2.8,4.7,1.9000000000000004
eval_20260723_115807,Ministral-3-8B-Instruct-2512,jina,hyde,jina/hyde,544,DIE LINKE,5,0.8123,0.7801,0.79044,0.0001648480000000002,0.032200000000000006,1.2,1.3,0.10000000000000009
eval_20260723_115807,Ministral-3-8B-Instruct-2512,jina,hyde,jina/hyde,119,AfD,5,0.7899,0.7658,0.7721600000000001,0.0001000680000000002,0.02410000000000001,7.0,6.5,0.5
eval_20260723_115807,Ministral-3-8B-Instruct-2512,jina,hyde,jina/hyde,532,DIE LINKE,5,0.7895,0.7812,0.7863200000000001,9.466999999999952e-06,0.008299999999999974,1.2,1.3,0.10000000000000009
eval_20260723_115807,Ministral-3-8B-Instruct-2512,jina,hyde,jina/hyde,364,FDP,5,0.8404,0.8318,0.8359200000000001,1.3612000000000096e-05,0.008600000000000052,5.8,4.3,1.5
eval_20260723_115807,Ministral-3-8B-Instruct-2512,jina,hyde,jina/hyde,29,AfD,5,0.7362,0.7257,0.72944,1.9707999999999927e-05,0.010499999999999954,6.8,6.5,0.2999999999999998
eval_20260723_115807,Ministral-3-8B-Instruct-2512,jina,hyde,jina/hyde,635,SPD,5,0.8502,0.8381,0.8434199999999998,2.4706999999999874e-05,0.0121,1.2,2.7,1.5000000000000002
eval_20260723_115807,Ministral-3-8B-Instruct-2512,jina,hyde,jina/hyde,584,DIE LINKE,5,0.8134,0.804,0.8069600000000001,1.5087999999999924e-05,0.009399999999999964,1.2,1.3,0.10000000000000009
eval_20260723_115807,Ministral-3-8B-Instruct-2512,jina,hyde,jina/hyde,446,DIE LINKE,5,0.7823,0.7715,0.7784800000000001,2.4032000000000105e-05,0.010800000000000032,1.2,1.3,0.10000000000000009
eval_20260723_115807,Ministral-3-8B-Instruct-2512,jina,hyde,jina/hyde,307,BÜNDNIS 90/DIE GRÜNEN,5,0.7675,0.7382,0.74898,0.00013350699999999967,0.029299999999999993,7.0,2.4,4.6
eval_20260723_115807,Ministral-3-8B-Instruct-2512,jina,hyde,jina/hyde,82,BÜNDNIS 90/DIE GRÜNEN,5,0.8377,0.8032,0.8135000000000001,0.00021032500000000017,0.034499999999999975,3.2,2.4,0.8000000000000003
eval_20260723_115807,Ministral-3-8B-Instruct-2512,jina,hyde,jina/hyde,718,SPD,5,0.8417,0.8169,0.8283200000000001,0.000111967,0.024800000000000044,1.2,2.7,1.5000000000000002
eval_20260723_115807,Ministral-3-8B-Instruct-2512,jina,hyde,jina/hyde,457,DIE LINKE,5,0.7474,0.7354,0.73974,3.192799999999963e-05,0.0119999999999999,1.2,1.3,0.10000000000000009
eval_20260723_115807,Ministral-3-8B-Instruct-2512,jina,hyde,jina/hyde,518,DIE LINKE,5,0.819,0.8007,0.8084199999999999,5.1076999999999755e-05,0.018299999999999983,1.2,1.3,0.10000000000000009
eval_20260723_115807,Ministral-3-8B-Instruct-2512,jina,hyde,jina/hyde,745,SPD,5,0.8072,0.7886,0.79496,5.4608000000000335e-05,0.01860000000000006,6.5,2.7,3.8
eval_20260723_115807,Ministral-3-8B-Instruct-2512,jina,hyde,jina/hyde,757,SPD,5,0.8144,0.8026,0.8078199999999999,1.9022000000000103e-05,0.011800000000000033,4.5,2.7,1.7999999999999998
eval_20260723_115807,Ministral-3-8B-Instruct-2512,jina,hyde,jina/hyde,660,SPD,5,0.8014,0.7777,0.79006,9.038300000000052e-05,0.023700000000000054,4.5,2.7,1.7999999999999998
eval_20260723_115807,Ministral-3-8B-Instruct-2512,jina,hyde,jina/hyde,752,SPD,5,0.7793,0.7699,0.7751199999999999,2.1941999999999987e-05,0.009399999999999964,3.2,2.7,0.5
eval_20260723_115807,Ministral-3-8B-Instruct-2512,jina,hyde,jina/hyde,248,BÜNDNIS 90/DIE GRÜNEN,5,0.8229,0.8052,0.8110799999999999,4.765699999999971e-05,0.017699999999999938,2.8,2.4,0.3999999999999999
eval_20260723_115807,Ministral-3-8B-Instruct-2512,jina,hyde,jina/hyde,609,SPD,5,0.7576,0.7427,0.74744,3.39930000000003e-05,0.014900000000000024,4.2,2.7,1.5
eval_20260723_115807,Ministral-3-8B-Instruct-2512,jina,hyde,jina/hyde,7,BÜNDNIS 90/DIE GRÜNEN,5,0.8184,0.7892,0.80108,0.00018140700000000024,0.029200000000000004,2.1,2.4,0.2999999999999998
eval_20260723_115807,Ministral-3-8B-Instruct-2512,jina,hyde,jina/hyde,286,BÜNDNIS 90/DIE GRÜNEN,5,0.8018,0.7896,0.7950200000000001,2.2141999999999938e-05,0.012199999999999989,3.2,2.4,0.8000000000000003
eval_20260723_115807,Ministral-3-8B-Instruct-2512,jina,hyde,jina/hyde,102,AfD,5,0.8626,0.8389,0.84766,8.208800000000023e-05,0.023700000000000054,6.8,6.5,0.2999999999999998
eval_20260723_115807,Ministral-3-8B-Instruct-2512,jina,hyde,jina/hyde,336,CDU,5,0.8449,0.8217,0.8287599999999999,9.886799999999958e-05,0.0232,4.2,4.7,0.5
eval_20260723_115807,Ministral-3-8B-Instruct-2512,jina,hyde,jina/hyde,678,SPD,5,0.8159,0.8034,0.8099000000000001,2.4064999999999835e-05,0.012499999999999956,6.2,2.7,3.5
eval_20260723_115807,Ministral-3-8B-Instruct-2512,jina,hyde,jina/hyde,634,SPD,5,0.8039,0.778,0.79188,0.00012513699999999945,0.025899999999999923,4.2,2.7,1.5
eval_20260723_115807,Ministral-3-8B-Instruct-2512,jina,hyde,jina/hyde,658,SPD,5,0.8017,0.7961,0.7993600000000001,6.3979999999999005e-06,0.005599999999999938,4.2,2.7,1.5
eval_20260723_115807,Ministral-3-8B-Instruct-2512,jina,hyde,jina/hyde,2,CDU/CSU,5,0.78,0.7701,0.77568,1.3097000000000044e-05,0.00990000000000002,4.5,4.7,0.20000000000000018
eval_20260723_115807,Ministral-3-8B-Instruct-2512,jina,hyde,jina/hyde,232,BÜNDNIS 90/DIE GRÜNEN,5,0.8295,0.8205,0.8253999999999999,1.0780000000000002e-05,0.009000000000000008,1.2,2.4,1.2
eval_20260723_115807,Ministral-3-8B-Instruct-2512,jina,hyde,jina/hyde,426,DIE LINKE,5,0.8128,0.8064,0.8095600000000001,8.167999999999989e-06,0.006399999999999961,1.2,1.3,0.10000000000000009
eval_20260723_115807,Ministral-3-8B-Instruct-2512,jina,hyde,jina/hyde,333,CDU,5,0.8675,0.8343,0.84534,0.00018567300000000057,0.03320000000000001,3.2,4.7,1.5
eval_20260723_115807,Ministral-3-8B-Instruct-2512,jina,hyde,jina/hyde,209,AfD,5,0.8348,0.8162,0.82248,7.391699999999991e-05,0.01859999999999995,6.5,6.5,0.0
eval_20260723_115807,Ministral-3-8B-Instruct-2512,jina,hyde,jina/hyde,211,AfD,5,0.8199,0.8137,0.8164199999999999,5.836999999999987e-06,0.006199999999999983,6.8,6.5,0.2999999999999998
eval_20260723_115807,Ministral-3-8B-Instruct-2512,jina,hyde,jina/hyde,448,DIE LINKE,5,0.798,0.7878,0.7936,1.7615000000000305e-05,0.010200000000000098,2.8,1.3,1.4999999999999998
eval_20260723_115807,Ministral-3-8B-Instruct-2512,jina,hyde,jina/hyde,765,SPD,5,0.7797,0.7512,0.7600999999999999,0.00013721499999999975,0.02849999999999997,5.8,2.7,3.0999999999999996
eval_20260723_115807,Ministral-3-8B-Instruct-2512,jina,hyde,jina/hyde,668,SPD,5,0.7727,0.7593,0.76378,3.873700000000051e-05,0.013400000000000079,4.2,2.7,1.5
eval_20260723_115807,Ministral-3-8B-Instruct-2512,jina,hyde,jina/hyde,175,AfD,5,0.8037,0.7934,0.7963600000000001,1.7742999999999965e-05,0.010299999999999976,3.2,6.5,3.3
eval_20260723_115807,Ministral-3-8B-Instruct-2512,jina,hyde,jina/hyde,245,BÜNDNIS 90/DIE GRÜNEN,5,0.8801,0.8308,0.84414,0.00042010299999999985,0.04930000000000001,2.8,2.4,0.3999999999999999
eval_20260723_115807,Ministral-3-8B-Instruct-2512,jina,hyde,jina/hyde,454,DIE LINKE,5,0.8149,0.7933,0.80224,0.0001010879999999998,0.021599999999999953,4.2,1.3,2.9000000000000004
eval_20260723_115807,Ministral-3-8B-Instruct-2512,jina,hyde,jina/hyde,357,FDP,5,0.8096,0.7578,0.77796,0.0005089629999999995,0.05179999999999996,2.1,4.3,2.1999999999999997
eval_20260723_115807,Ministral-3-8B-Instruct-2512,jina,hyde,jina/hyde,500,DIE LINKE,5,0.8321,0.826,0.8283799999999999,5.276999999999946e-06,0.006099999999999994,1.2,1.3,0.10000000000000009
eval_20260723_115807,Ministral-3-8B-Instruct-2512,jina,hyde,jina/hyde,382,FDP,5,0.7493,0.7411,0.7438,1.0319999999999942e-05,0.008199999999999985,5.8,4.3,1.5
eval_20260723_115807,Ministral-3-8B-Instruct-2512,jina,hyde,jina/hyde,80,BÜNDNIS 90/DIE GRÜNEN,5,0.8246,0.8133,0.81692,2.1716999999999935e-05,0.011299999999999977,3.2,2.4,0.8000000000000003
eval_20260723_115807,Ministral-3-8B-Instruct-2512,jina,hyde,jina/hyde,149,AfD,5,0.8183,0.7937,0.8010200000000001,9.865700000000045e-05,0.024600000000000066,7.0,6.5,0.5
eval_20260723_115807,Ministral-3-8B-Instruct-2512,jina,hyde,jina/hyde,362,FDP,5,0.8279,0.8153,0.8199,2.4304999999999816e-05,0.012599999999999945,3.2,4.3,1.0999999999999996
eval_20260723_115807,Ministral-3-8B-Instruct-2512,jina,hyde,jina/hyde,193,AfD,5,0.8365,0.8226,0.8285,3.497500000000011e-05,0.013900000000000023,7.0,6.5,0.5
eval_20260723_115807,Ministral-3-8B-Instruct-2512,jina,hyde,jina/hyde,276,BÜNDNIS 90/DIE GRÜNEN,5,0.7792,0.7743,0.77674,4.253000000000012e-06,0.0049000000000000155,3.2,2.4,0.8000000000000003
eval_20260723_115807,Ministral-3-8B-Instruct-2512,jina,hyde,jina/hyde,332,CDU,5,0.8315,0.812,0.81706,6.626800000000021e-05,0.019499999999999962,4.2,4.7,0.5
eval_20260723_115807,Ministral-3-8B-Instruct-2512,jina,hyde,jina/hyde,603,SPD,5,0.8152,0.8105,0.8128200000000001,3.182000000000008e-06,0.0047000000000000375,3.2,2.7,0.5
eval_20260723_115807,Ministral-3-8B-Instruct-2512,jina,hyde,jina/hyde,320,CDU,5,0.8065,0.7847,0.79062,8.151700000000016e-05,0.02180000000000004,4.5,4.7,0.20000000000000018
eval_20260723_115807,Ministral-3-8B-Instruct-2512,jina,hyde,jina/hyde,199,AfD,5,0.7784,0.7514,0.76388,0.00010415700000000001,0.027000000000000024,7.0,6.5,0.5
eval_20260723_115807,Ministral-3-8B-Instruct-2512,jina,hyde,jina/hyde,134,AfD,5,0.8049,0.7961,0.8008199999999999,1.0366999999999818e-05,0.008799999999999919,6.8,6.5,0.2999999999999998
eval_20260723_115807,Ministral-3-8B-Instruct-2512,jina,hyde,jina/hyde,394,FDP,5,0.7927,0.7623,0.77492,0.00013778199999999968,0.030399999999999983,4.5,4.3,0.20000000000000018
eval_20260723_115807,Ministral-3-8B-Instruct-2512,jina,hyde,jina/hyde,315,BÜNDNIS 90/DIE GRÜNEN,5,0.822,0.7969,0.80532,0.00010148699999999955,0.0250999999999999,2.8,2.4,0.3999999999999999
eval_20260723_115807,Ministral-3-8B-Instruct-2512,jina,hyde,jina/hyde,712,SPD,5,0.8164,0.8071,0.8114000000000001,2.1075000000000075e-05,0.009299999999999975,6.8,2.7,4.1
eval_20260723_115807,Ministral-3-8B-Instruct-2512,jina,hyde,jina/hyde,56,CDU/CSU,5,0.8577,0.8464,0.85118,2.1856999999999964e-05,0.011299999999999977,5.8,4.7,1.0999999999999996
eval_20260723_115807,Ministral-3-8B-Instruct-2512,jina,hyde,jina/hyde,440,DIE LINKE,5,0.8574,0.8478,0.8529800000000002,1.968200000000015e-05,0.009600000000000053,1.2,1.3,0.10000000000000009
eval_20260723_115807,Ministral-3-8B-Instruct-2512,jina,hyde,jina/hyde,621,SPD,5,0.8519,0.8451,0.8482800000000001,5.8720000000000515e-06,0.006800000000000028,,2.7,
eval_20260723_115807,Ministral-3-8B-Instruct-2512,jina,hyde,jina/hyde,550,DIE LINKE,5,0.8231,0.7985,0.807,8.929000000000048e-05,0.024600000000000066,1.2,1.3,0.10000000000000009
eval_20260723_115807,Ministral-3-8B-Instruct-2512,jina,hyde,jina/hyde,568,DIE LINKE,5,0.7922,0.7709,0.7806,6.648500000000008e-05,0.021299999999999986,1.2,1.3,0.10000000000000009
eval_20260723_115807,Ministral-3-8B-Instruct-2512,jina,hyde,jina/hyde,625,SPD,5,0.8325,0.8038,0.81182,0.0001376120000000002,0.02870000000000006,4.5,2.7,1.7999999999999998
eval_20260723_115807,Ministral-3-8B-Instruct-2512,jina,hyde,jina/hyde,427,DIE LINKE,5,0.8455,0.8346,0.8399999999999999,2.3979999999999964e-05,0.01090000000000002,2.1,1.3,0.8
eval_20260723_115807,Ministral-3-8B-Instruct-2512,jina,hyde,jina/hyde,463,DIE LINKE,5,0.8205,0.8171,0.8185800000000001,2.936999999999976e-06,0.0033999999999999586,2.1,1.3,0.8
eval_20260723_115807,Ministral-3-8B-Instruct-2512,jina,hyde,jina/hyde,458,DIE LINKE,5,0.7788,0.7585,0.7651199999999999,6.927700000000058e-05,0.020300000000000096,,1.3,
eval_20260723_115807,Ministral-3-8B-Instruct-2512,jina,hyde,jina/hyde,61,BÜNDNIS 90/DIE GRÜNEN,5,0.8313,0.8177,0.82308,2.923200000000022e-05,0.013600000000000056,7.0,2.4,4.6
eval_20260723_115807,Ministral-3-8B-Instruct-2512,jina,hyde,jina/hyde,590,DIE LINKE,5,0.7744,0.7695,0.7715,5.785000000000103e-06,0.0049000000000000155,2.1,1.3,0.8
eval_20260723_115807,Ministral-3-8B-Instruct-2512,jina,hyde,jina/hyde,389,FDP,5,0.7937,0.7517,0.7652399999999999,0.0002962079999999994,0.041999999999999926,5.8,4.3,1.5
eval_20260723_115807,Ministral-3-8B-Instruct-2512,jina,hyde,jina/hyde,200,AfD,5,0.8347,0.8125,0.8187599999999999,8.187299999999997e-05,0.022199999999999998,7.0,6.5,0.5
eval_20260723_115807,Ministral-3-8B-Instruct-2512,jina,hyde,jina/hyde,637,SPD,5,0.8129,0.7826,0.79094,0.00015516299999999956,0.030299999999999994,6.5,2.7,3.8
eval_20260723_115807,Ministral-3-8B-Instruct-2512,jina,hyde,jina/hyde,758,SPD,5,0.7775,0.751,0.75856,0.00011953299999999974,0.026499999999999968,3.2,2.7,0.5
eval_20260723_115807,Ministral-3-8B-Instruct-2512,jina,hyde,jina/hyde,545,DIE LINKE,5,0.7934,0.7829,0.7897000000000001,1.754499999999993e-05,0.010499999999999954,1.2,1.3,0.10000000000000009
eval_20260723_115807,Ministral-3-8B-Instruct-2512,jina,hyde,jina/hyde,383,FDP,5,0.8202,0.7736,0.7924000000000001,0.0003013600000000009,0.046600000000000086,2.1,4.3,2.1999999999999997
eval_20260723_115807,Ministral-3-8B-Instruct-2512,jina,hyde,jina/hyde,260,BÜNDNIS 90/DIE GRÜNEN,5,0.8274,0.8058,0.81654,9.426800000000064e-05,0.021600000000000064,3.2,2.4,0.8000000000000003
eval_20260723_115807,Ministral-3-8B-Instruct-2512,jina,hyde,jina/hyde,210,AfD,5,0.8523,0.8384,0.8426,3.093999999999967e-05,0.013899999999999912,1.1,6.5,5.4
eval_20260723_115807,Ministral-3-8B-Instruct-2512,jina,hyde,jina/hyde,410,FDP,5,0.788,0.7679,0.77362,6.855700000000026e-05,0.020100000000000007,4.5,4.3,0.20000000000000018
eval_20260723_115807,Ministral-3-8B-Instruct-2512,jina,hyde,jina/hyde,740,SPD,5,0.795,0.7831,0.7881,1.911500000000009e-05,0.011900000000000022,4.5,2.7,1.7999999999999998
eval_20260723_115807,Ministral-3-8B-Instruct-2512,jina,hyde,jina/hyde,91,BÜNDNIS 90/DIE GRÜNEN,5,0.8407,0.8302,0.8353200000000001,1.8196999999999975e-05,0.010499999999999954,2.1,2.4,0.2999999999999998
eval_20260723_115807,Ministral-3-8B-Instruct-2512,jina,hyde,jina/hyde,255,BÜNDNIS 90/DIE GRÜNEN,5,0.6928,0.6715,0.67958,7.063699999999989e-05,0.021299999999999986,3.2,2.4,0.8000000000000003
eval_20260723_115807,Ministral-3-8B-Instruct-2512,jina,hyde,jina/hyde,421,DIE LINKE,5,0.8481,0.8247,0.8336400000000002,8.09479999999999e-05,0.023399999999999976,1.1,1.3,0.19999999999999996
eval_20260723_115807,Ministral-3-8B-Instruct-2512,jina,hyde,jina/hyde,376,FDP,5,0.8423,0.828,0.8335000000000001,3.273500000000026e-05,0.01430000000000009,3.2,4.3,1.0999999999999996
eval_20260723_115807,Ministral-3-8B-Instruct-2512,jina,hyde,jina/hyde,301,BÜNDNIS 90/DIE GRÜNEN,5,0.8169,0.8081,0.8108799999999998,1.2651999999999853e-05,0.008799999999999919,3.2,2.4,0.8000000000000003
eval_20260723_115807,Ministral-3-8B-Instruct-2512,jina,hyde,jina/hyde,159,AfD,5,0.822,0.799,0.8059200000000001,9.272699999999951e-05,0.02299999999999991,7.0,6.5,0.5
eval_20260723_115807,Ministral-3-8B-Instruct-2512,jina,hyde,jina/hyde,70,BÜNDNIS 90/DIE GRÜNEN,5,0.8366,0.8196,0.8275599999999999,5.8513e-05,0.017000000000000015,1.2,2.4,1.2
eval_20260723_115807,Ministral-3-8B-Instruct-2512,jina,hyde,jina/hyde,605,SPD,5,0.7281,0.7221,0.7245799999999999,7.606999999999976e-06,0.006000000000000005,6.8,2.7,4.1
eval_20260723_115807,Ministral-3-8B-Instruct-2512,jina,hyde,jina/hyde,132,AfD,5,0.8822,0.8547,0.8667400000000001,0.00011237299999999979,0.02749999999999997,1.2,6.5,5.3
eval_20260723_115807,Ministral-3-8B-Instruct-2512,jina,hyde,jina/hyde,45,CDU/CSU,5,0.8518,0.8427,0.8463800000000001,1.2966999999999945e-05,0.009099999999999997,3.5,4.7,1.2000000000000002
eval_20260723_115807,Ministral-3-8B-Instruct-2512,jina,hyde,jina/hyde,71,BÜNDNIS 90/DIE GRÜNEN,5,0.8148,0.7895,0.7978599999999999,0.00010778300000000001,0.02529999999999999,5.8,2.4,3.4
eval_20260723_115807,Ministral-3-8B-Instruct-2512,jina,hyde,jina/hyde,488,DIE LINKE,5,0.8133,0.798,0.8042999999999999,3.2359999999999954e-05,0.01529999999999998,1.1,1.3,0.19999999999999996
eval_20260723_115807,Ministral-3-8B-Instruct-2512,jina,hyde,jina/hyde,759,SPD,5,0.8085,0.7921,0.7979800000000001,3.8256999999999834e-05,0.01639999999999997,2.8,2.7,0.09999999999999964
eval_20260723_115807,Ministral-3-8B-Instruct-2512,jina,hyde,jina/hyde,324,CDU,5,0.8264,0.8214,0.8242799999999999,5.132000000000006e-06,0.0050000000000000044,3.2,4.7,1.5
eval_20260723_115807,Ministral-3-8B-Instruct-2512,jina,hyde,jina/hyde,689,SPD,5,0.7923,0.7848,0.78874,1.2353e-05,0.007499999999999951,4.5,2.7,1.7999999999999998
eval_20260723_115807,Ministral-3-8B-Instruct-2512,jina,hyde,jina/hyde,136,AfD,5,0.84,0.8067,0.8150000000000001,0.00020325499999999963,0.033299999999999996,7.0,6.5,0.5
eval_20260723_115807,Ministral-3-8B-Instruct-2512,jina,hyde,jina/hyde,83,BÜNDNIS 90/DIE GRÜNEN,5,0.8033,0.7916,0.79596,1.9683000000000147e-05,0.011700000000000044,,2.4,
eval_20260723_115807,Ministral-3-8B-Instruct-2512,jina,hyde,jina/hyde,166,AfD,5,0.8061,0.8021,0.80352,2.467000000000016e-06,0.0040000000000000036,6.8,6.5,0.2999999999999998
eval_20260723_115807,Ministral-3-8B-Instruct-2512,jina,hyde,jina/hyde,165,AfD,5,0.7762,0.7653,0.77024,2.7313000000000123e-05,0.01090000000000002,6.8,6.5,0.2999999999999998
eval_20260723_115807,Ministral-3-8B-Instruct-2512,jina,hyde,jina/hyde,28,AfD,5,0.8183,0.802,0.80916,4.6962999999999916e-05,0.01629999999999998,7.0,6.5,0.5
eval_20260723_115807,Ministral-3-8B-Instruct-2512,jina,hyde,jina/hyde,778,SPD,5,0.809,0.7803,0.79028,0.00011960700000000054,0.02870000000000006,4.2,2.7,1.5
eval_20260723_115807,Ministral-3-8B-Instruct-2512,jina,hyde,jina/hyde,194,AfD,5,0.8287,0.8078,0.81362,7.329700000000004e-05,0.02090000000000003,7.0,6.5,0.5
eval_20260723_115807,Ministral-3-8B-Instruct-2512,jina,hyde,jina/hyde,734,SPD,5,0.8221,0.8007,0.80812,6.719200000000057e-05,0.021400000000000086,4.2,2.7,1.5
eval_20260723_115807,Ministral-3-8B-Instruct-2512,jina,hyde,jina/hyde,533,DIE LINKE,5,0.7929,0.7705,0.7793000000000001,7.145500000000037e-05,0.022400000000000087,1.3,1.3,0.0
eval_20260723_115807,Ministral-3-8B-Instruct-2512,jina,hyde,jina/hyde,330,CDU,5,0.7759,0.7629,0.76784,2.7848000000000195e-05,0.013000000000000012,5.8,4.7,1.0999999999999996
eval_20260723_115807,Ministral-3-8B-Instruct-2512,jina,hyde,jina/hyde,137,AfD,5,0.8057,0.7969,0.8021600000000001,1.4497999999999869e-05,0.008799999999999919,7.0,6.5,0.5
eval_20260723_115807,Ministral-3-8B-Instruct-2512,jina,hyde,jina/hyde,429,DIE LINKE,5,0.8027,0.793,0.79842,1.4476999999999821e-05,0.009699999999999931,4.2,1.3,2.9000000000000004
eval_20260723_115807,Ministral-3-8B-Instruct-2512,jina,hyde,jina/hyde,445,DIE LINKE,5,0.835,0.802,0.81342,0.00016384199999999909,0.03299999999999992,2.1,1.3,0.8
eval_20260723_115807,Ministral-3-8B-Instruct-2512,jina,hyde,jina/hyde,141,AfD,5,0.7996,0.7921,0.79538,1.058700000000005e-05,0.007499999999999951,6.8,6.5,0.2999999999999998
eval_20260723_115807,Ministral-3-8B-Instruct-2512,jina,hyde,jina/hyde,487,DIE LINKE,5,0.7576,0.7414,0.74962,3.807200000000036e-05,0.016200000000000103,5.8,1.3,4.5
eval_20260723_115807,Ministral-3-8B-Instruct-2512,jina,hyde,jina/hyde,6,CDU/CSU,5,0.8047,0.7852,0.7905599999999999,6.581299999999976e-05,0.019499999999999962,4.5,4.7,0.20000000000000018
eval_20260723_115807,Ministral-3-8B-Instruct-2512,jina,hyde,jina/hyde,537,DIE LINKE,5,0.7675,0.7471,0.7561600000000002,8.155799999999971e-05,0.020399999999999974,1.2,1.3,0.10000000000000009
eval_20260723_115807,Ministral-3-8B-Instruct-2512,jina,hyde,jina/hyde,744,SPD,5,0.8021,0.7847,0.7938400000000001,4.02280000000004e-05,0.017400000000000082,4.2,2.7,1.5
eval_20260723_115807,Ministral-3-8B-Instruct-2512,jina,hyde,jina/hyde,236,BÜNDNIS 90/DIE GRÜNEN,5,0.7963,0.7789,0.7857999999999999,5.179999999999992e-05,0.01739999999999997,3.2,2.4,0.8000000000000003
eval_20260723_115807,Ministral-3-8B-Instruct-2512,jina,hyde,jina/hyde,498,DIE LINKE,5,0.8213,0.8129,0.81576,1.1763000000000114e-05,0.008400000000000074,5.8,1.3,4.5
eval_20260723_115807,Ministral-3-8B-Instruct-2512,jina,hyde,jina/hyde,579,DIE LINKE,5,0.8634,0.8409,0.8476600000000001,8.191299999999961e-05,0.022499999999999964,3.2,1.3,1.9000000000000001
eval_20260723_115807,Ministral-3-8B-Instruct-2512,jina,hyde,jina/hyde,282,BÜNDNIS 90/DIE GRÜNEN,5,0.8023,0.79,0.7949400000000001,2.793299999999991e-05,0.012299999999999978,2.1,2.4,0.2999999999999998
eval_20260723_115807,Ministral-3-8B-Instruct-2512,jina,hyde,jina/hyde,519,DIE LINKE,5,0.7671,0.7563,0.76196,1.7568000000000154e-05,0.010800000000000032,1.2,1.3,0.10000000000000009
eval_20260723_115807,Ministral-3-8B-Instruct-2512,jina,hyde,jina/hyde,146,AfD,5,0.8404,0.8212,0.82806,6.674299999999994e-05,0.019199999999999995,7.0,6.5,0.5
eval_20260723_115807,Ministral-3-8B-Instruct-2512,jina,hyde,jina/hyde,303,BÜNDNIS 90/DIE GRÜNEN,5,0.8154,0.799,0.80626,3.702799999999984e-05,0.01639999999999997,2.8,2.4,0.3999999999999999
eval_20260723_115807,Ministral-3-8B-Instruct-2512,jina,hyde,jina/hyde,221,BÜNDNIS 90/DIE GRÜNEN,5,0.7981,0.7823,0.78878,4.775700000000025e-05,0.015800000000000036,5.8,2.4,3.4
eval_20260723_115807,Ministral-3-8B-Instruct-2512,jina,hyde,jina/hyde,312,BÜNDNIS 90/DIE GRÜNEN,5,0.7796,0.7662,0.77114,2.811299999999983e-05,0.013399999999999967,2.1,2.4,0.2999999999999998
eval_20260723_115807,Ministral-3-8B-Instruct-2512,jina,hyde,jina/hyde,329,CDU,5,0.8396,0.8228,0.8307399999999999,3.634300000000018e-05,0.016800000000000037,5.8,4.7,1.0999999999999996
eval_20260723_115807,Ministral-3-8B-Instruct-2512,jina,hyde,jina/hyde,133,AfD,5,0.7426,0.7238,0.73322,7.200200000000028e-05,0.01880000000000004,7.0,6.5,0.5
eval_20260723_115807,Ministral-3-8B-Instruct-2512,jina,hyde,jina/hyde,751,SPD,5,0.7977,0.7712,0.78194,0.00015414299999999925,0.026499999999999968,3.2,2.7,0.5
eval_20260723_115807,Ministral-3-8B-Instruct-2512,jina,hyde,jina/hyde,739,SPD,5,0.8201,0.795,0.8064,0.00014802000000000023,0.02510000000000001,4.2,2.7,1.5
eval_20260723_115807,Ministral-3-8B-Instruct-2512,jina,hyde,jina/hyde,800,SPD,5,0.6831,0.6708,0.6773199999999999,3.135700000000007e-05,0.012300000000000089,4.5,2.7,1.7999999999999998
eval_20260723_115807,Ministral-3-8B-Instruct-2512,jina,hyde,jina/hyde,610,SPD,5,0.8231,0.8044,0.81264,6.251800000000034e-05,0.01870000000000005,3.2,2.7,0.5
eval_20260723_115807,Ministral-3-8B-Instruct-2512,jina,hyde,jina/hyde,41,CDU/CSU,5,0.8342,0.8233,0.8282999999999999,1.7965000000000103e-05,0.01090000000000002,4.2,4.7,0.5
eval_20260723_115807,Ministral-3-8B-Instruct-2512,jina,hyde,jina/hyde,663,SPD,5,0.7993,0.7814,0.78942,5.439699999999999e-05,0.017900000000000027,3.2,2.7,0.5
eval_20260723_115807,Ministral-3-8B-Instruct-2512,jina,hyde,jina/hyde,109,BÜNDNIS 90/DIE GRÜNEN,5,0.8596,0.8519,0.8553199999999999,8.872000000000158e-06,0.00770000000000004,2.1,2.4,0.2999999999999998
eval_20260723_115807,Ministral-3-8B-Instruct-2512,jina,hyde,jina/hyde,356,FDP,5,0.8197,0.8045,0.81084,5.825800000000009e-05,0.015199999999999991,5.8,4.3,1.5
eval_20260723_115807,Ministral-3-8B-Instruct-2512,jina,hyde,jina/hyde,57,CDU/CSU,5,0.7671,0.7585,0.76176,1.3068000000000157e-05,0.008600000000000052,4.5,4.7,0.20000000000000018
eval_20260723_115807,Ministral-3-8B-Instruct-2512,jina,hyde,jina/hyde,287,BÜNDNIS 90/DIE GRÜNEN,5,0.8557,0.8081,0.8207599999999999,0.00041416800000000013,0.047599999999999976,1.2,2.4,1.2
eval_20260723_115807,Ministral-3-8B-Instruct-2512,jina,hyde,jina/hyde,291,BÜNDNIS 90/DIE GRÜNEN,5,0.8217,0.7997,0.8087399999999999,7.754800000000004e-05,0.02200000000000002,7.0,2.4,4.6
eval_20260723_115807,Ministral-3-8B-Instruct-2512,jina,hyde,jina/hyde,423,DIE LINKE,5,0.8381,0.8211,0.82926,6.674799999999938e-05,0.016999999999999904,1.2,1.3,0.10000000000000009
eval_20260723_115807,Ministral-3-8B-Instruct-2512,jina,hyde,jina/hyde,24,BÜNDNIS 90/DIE GRÜNEN,5,0.8224,0.7987,0.80494,0.00010472300000000022,0.023700000000000054,3.2,2.4,0.8000000000000003
eval_20260723_115807,Ministral-3-8B-Instruct-2512,jina,hyde,jina/hyde,295,BÜNDNIS 90/DIE GRÜNEN,5,0.7994,0.793,0.7952600000000001,7.342999999999914e-06,0.006399999999999961,1.2,2.4,1.2
eval_20260723_115807,Ministral-3-8B-Instruct-2512,jina,hyde,jina/hyde,363,FDP,5,0.8103,0.7653,0.7805399999999999,0.0003305030000000006,0.04500000000000004,6.5,4.3,2.2
eval_20260723_115807,Ministral-3-8B-Instruct-2512,jina,hyde,jina/hyde,52,BÜNDNIS 90/DIE GRÜNEN,5,0.816,0.811,0.81372,3.436999999999852e-06,0.004999999999999893,1.2,2.4,1.2
eval_20260723_115807,Ministral-3-8B-Instruct-2512,jina,hyde,jina/hyde,343,CSU,5,0.8021,0.7842,0.79044,5.118300000000014e-05,0.017900000000000027,6.8,5.4,1.3999999999999995
eval_20260723_115807,Ministral-3-8B-Instruct-2512,jina,hyde,jina/hyde,754,SPD,5,0.7853,0.7733,0.77776,2.192300000000002e-05,0.01200000000000001,4.2,2.7,1.5
eval_20260723_115807,Ministral-3-8B-Instruct-2512,jina,hyde,jina/hyde,265,BÜNDNIS 90/DIE GRÜNEN,5,0.8186,0.8147,0.81616,2.6129999999999583e-06,0.0039000000000000146,2.1,2.4,0.2999999999999998
eval_20260723_115807,Ministral-3-8B-Instruct-2512,jina,hyde,jina/hyde,674,SPD,5,0.8287,0.8192,0.8248800000000001,1.2036999999999876e-05,0.009499999999999953,2.1,2.7,0.6000000000000001
eval_20260723_115807,Ministral-3-8B-Instruct-2512,jina,hyde,jina/hyde,571,DIE LINKE,5,0.806,0.7914,0.79934,2.734800000000016e-05,0.014600000000000057,6.8,1.3,5.5
eval_20260723_115807,Ministral-3-8B-Instruct-2512,jina,hyde,jina/hyde,396,FDP,5,0.8504,0.8363,0.84306,3.769300000000012e-05,0.014100000000000001,4.5,4.3,0.20000000000000018
eval_20260723_115807,Ministral-3-8B-Instruct-2512,jina,hyde,jina/hyde,732,SPD,5,0.821,0.8148,0.81782,6.78199999999987e-06,0.006199999999999983,3.2,2.7,0.5
eval_20260723_115807,Ministral-3-8B-Instruct-2512,jina,hyde,jina/hyde,598,SPD,5,0.8005,0.7823,0.7891199999999999,5.594200000000008e-05,0.018199999999999994,5.8,2.7,3.0999999999999996
eval_20260723_115807,Ministral-3-8B-Instruct-2512,jina,hyde,jina/hyde,534,DIE LINKE,5,0.8569,0.8382,0.84306,6.253299999999995e-05,0.01870000000000005,2.1,1.3,0.8
eval_20260723_115807,Ministral-3-8B-Instruct-2512,jina,hyde,jina/hyde,84,BÜNDNIS 90/DIE GRÜNEN,5,0.7667,0.7579,0.7623000000000001,1.712500000000014e-05,0.00880000000000003,5.5,2.4,3.1
eval_20260723_115807,Ministral-3-8B-Instruct-2512,jina,hyde,jina/hyde,62,BÜNDNIS 90/DIE GRÜNEN,5,0.8237,0.803,0.8121600000000001,7.553299999999959e-05,0.02069999999999994,3.2,2.4,0.8000000000000003
eval_20260723_115807,Ministral-3-8B-Instruct-2512,jina,hyde,jina/hyde,786,SPD,5,0.8109,0.7873,0.7994,0.00010399999999999971,0.023599999999999954,4.2,2.7,1.5
eval_20260723_115807,Ministral-3-8B-Instruct-2512,jina,hyde,jina/hyde,808,SPD,5,0.8071,0.7961,0.80088,2.3421999999999906e-05,0.01100000000000001,5.8,2.7,3.0999999999999996
eval_20260723_115807,Ministral-3-8B-Instruct-2512,jina,hyde,jina/hyde,692,SPD,5,0.8145,0.8053,0.80938,1.565199999999995e-05,0.009199999999999986,4.5,2.7,1.7999999999999998
eval_20260723_115807,Ministral-3-8B-Instruct-2512,jina,hyde,jina/hyde,542,DIE LINKE,5,0.7736,0.7659,0.77056,9.252999999999835e-06,0.007699999999999929,2.1,1.3,0.8
eval_20260723_115807,Ministral-3-8B-Instruct-2512,jina,hyde,jina/hyde,183,AfD,5,0.8297,0.7875,0.80664,0.0002710279999999998,0.042200000000000015,7.0,6.5,0.5
eval_20260723_115807,Ministral-3-8B-Instruct-2512,jina,hyde,jina/hyde,553,DIE LINKE,5,0.7975,0.7838,0.78888,3.207699999999973e-05,0.013699999999999934,1.2,1.3,0.10000000000000009
eval_20260723_115807,Ministral-3-8B-Instruct-2512,jina,hyde,jina/hyde,515,DIE LINKE,5,0.8178,0.8013,0.8073,5.002999999999988e-05,0.01649999999999996,7.0,1.3,5.7
eval_20260723_115807,Ministral-3-8B-Instruct-2512,jina,hyde,jina/hyde,224,BÜNDNIS 90/DIE GRÜNEN,5,0.7779,0.7624,0.76886,3.965300000000024e-05,0.01550000000000007,7.0,2.4,4.6
eval_20260723_115807,Ministral-3-8B-Instruct-2512,jina,hyde,jina/hyde,437,DIE LINKE,5,0.8515,0.8096,0.82276,0.0002985930000000009,0.04190000000000005,1.2,1.3,0.10000000000000009
eval_20260723_115807,Ministral-3-8B-Instruct-2512,jina,hyde,jina/hyde,654,SPD,5,0.8147,0.8047,0.8076399999999999,1.8288e-05,0.010000000000000009,3.2,2.7,0.5
eval_20260723_115807,Ministral-3-8B-Instruct-2512,jina,hyde,jina/hyde,656,SPD,5,0.8202,0.7863,0.7966799999999999,0.0001993820000000003,0.03390000000000004,4.5,2.7,1.7999999999999998
eval_20260723_115807,Ministral-3-8B-Instruct-2512,jina,hyde,jina/hyde,657,SPD,5,0.8218,0.7984,0.80698,8.566199999999978e-05,0.023399999999999976,6.5,2.7,3.8
eval_20260723_115807,Ministral-3-8B-Instruct-2512,jina,hyde,jina/hyde,641,SPD,5,0.8151,0.7775,0.79016,0.00023730300000000094,0.03760000000000008,4.5,2.7,1.7999999999999998
eval_20260723_115807,Ministral-3-8B-Instruct-2512,jina,hyde,jina/hyde,508,DIE LINKE,5,0.8221,0.8112,0.8158200000000001,2.1272000000000246e-05,0.01090000000000002,6.5,1.3,5.2
eval_20260723_115807,Ministral-3-8B-Instruct-2512,jina,hyde,jina/hyde,177,AfD,5,0.7994,0.7855,0.79216,3.266799999999994e-05,0.013900000000000023,6.8,6.5,0.2999999999999998
eval_20260723_115807,Ministral-3-8B-Instruct-2512,jina,hyde,jina/hyde,559,DIE LINKE,5,0.7899,0.7811,0.7838,1.3960000000000215e-05,0.00880000000000003,1.3,1.3,0.0
eval_20260723_115807,Ministral-3-8B-Instruct-2512,jina,hyde,jina/hyde,540,DIE LINKE,5,0.8569,0.8317,0.84162,0.0001055370000000002,0.0252,3.2,1.3,1.9000000000000001
eval_20260723_115807,Ministral-3-8B-Instruct-2512,jina,hyde,jina/hyde,164,AfD,5,0.8417,0.816,0.8227,0.00011522000000000003,0.025700000000000056,1.1,6.5,5.4
eval_20260723_115807,Ministral-3-8B-Instruct-2512,jina,hyde,jina/hyde,249,BÜNDNIS 90/DIE GRÜNEN,5,0.8731,0.8636,0.8669600000000001,1.533799999999987e-05,0.009499999999999953,3.2,2.4,0.8000000000000003
eval_20260723_115807,Ministral-3-8B-Instruct-2512,jina,hyde,jina/hyde,531,DIE LINKE,5,0.8499,0.8192,0.8375199999999999,0.00019701699999999982,0.03069999999999995,5.8,1.3,4.5
eval_20260723_115807,Ministral-3-8B-Instruct-2512,jina,hyde,jina/hyde,735,SPD,5,0.8141,0.7953,0.80116,5.807800000000021e-05,0.01880000000000004,4.5,2.7,1.7999999999999998
eval_20260723_115807,Ministral-3-8B-Instruct-2512,jina,hyde,jina/hyde,709,SPD,5,0.7638,0.753,0.75768,2.071699999999997e-05,0.010800000000000032,4.5,2.7,1.7999999999999998
eval_20260723_115807,Ministral-3-8B-Instruct-2512,jina,hyde,jina/hyde,418,DIE LINKE,5,0.8064,0.7917,0.79952,3.4697000000000254e-05,0.014700000000000046,1.2,1.3,0.10000000000000009
eval_20260723_115807,Ministral-3-8B-Instruct-2512,jina,hyde,jina/hyde,105,CDU/CSU,5,0.8158,0.8036,0.8070400000000001,2.5972999999999902e-05,0.012199999999999989,6.8,4.7,2.0999999999999996
eval_20260723_115807,Ministral-3-8B-Instruct-2512,jina,hyde,jina/hyde,115,AfD,5,0.8394,0.8333,0.8363200000000001,6.787e-06,0.006099999999999994,7.0,6.5,0.5
eval_20260723_115807,Ministral-3-8B-Instruct-2512,jina,hyde,jina/hyde,672,SPD,5,0.7819,0.7644,0.7684200000000001,5.729700000000042e-05,0.01750000000000007,5.5,2.7,2.8
eval_20260723_115807,Ministral-3-8B-Instruct-2512,jina,hyde,jina/hyde,93,DIE LINKE,5,0.7631,0.7448,0.7512,5.548999999999997e-05,0.018299999999999983,3.2,1.3,1.9000000000000001
eval_20260723_115807,Ministral-3-8B-Instruct-2512,jina,hyde,jina/hyde,424,DIE LINKE,5,0.8257,0.804,0.81042,8.541699999999971e-05,0.02169999999999994,3.2,1.3,1.9000000000000001
eval_20260723_115807,Ministral-3-8B-Instruct-2512,jina,hyde,jina/hyde,90,DIE LINKE,5,0.775,0.7584,0.76428,4.447200000000014e-05,0.01660000000000006,1.2,1.3,0.10000000000000009
eval_20260723_115807,Ministral-3-8B-Instruct-2512,jina,hyde,jina/hyde,443,DIE LINKE,5,0.8361,0.8184,0.8231999999999999,5.320499999999975e-05,0.017699999999999938,1.2,1.3,0.10000000000000009
eval_20260723_115807,Ministral-3-8B-Instruct-2512,jina,hyde,jina/hyde,755,SPD,5,0.8037,0.7974,0.8001199999999999,7.861999999999875e-06,0.006299999999999972,4.2,2.7,1.5
eval_20260723_115807,Ministral-3-8B-Instruct-2512,jina,hyde,jina/hyde,764,SPD,5,0.8235,0.8062,0.8134999999999998,5.4024999999999856e-05,0.017299999999999982,2.1,2.7,0.6000000000000001
eval_20260723_115807,Ministral-3-8B-Instruct-2512,jina,hyde,jina/hyde,686,SPD,5,0.8096,0.8017,0.80486,1.0792999999999893e-05,0.007900000000000018,6.5,2.7,3.8
eval_20260723_115807,Ministral-3-8B-Instruct-2512,jina,hyde,jina/hyde,592,DIE LINKE,5,0.8013,0.793,0.79782,1.1396999999999828e-05,0.008299999999999974,5.8,1.3,4.5
eval_20260723_115807,Ministral-3-8B-Instruct-2512,jina,hyde,jina/hyde,756,SPD,5,0.8311,0.8096,0.819,6.944499999999987e-05,0.021499999999999964,3.2,2.7,0.5
eval_20260723_115807,Ministral-3-8B-Instruct-2512,jina,hyde,jina/hyde,11,BÜNDNIS 90/DIE GRÜNEN,5,0.8538,0.825,0.8337,0.00015335000000000018,0.028800000000000048,6.8,2.4,4.4
eval_20260723_115807,Ministral-3-8B-Instruct-2512,jina,hyde,jina/hyde,501,DIE LINKE,5,0.8164,0.7963,0.8047999999999998,7.736500000000011e-05,0.020100000000000007,2.3,1.3,0.9999999999999998
eval_20260723_115807,Ministral-3-8B-Instruct-2512,jina,hyde,jina/hyde,43,CDU/CSU,5,0.8134,0.8029,0.807,2.3465000000000234e-05,0.010500000000000065,5.8,4.7,1.0999999999999996
eval_20260723_115807,Ministral-3-8B-Instruct-2512,jina,hyde,jina/hyde,42,CDU/CSU,5,0.8534,0.8341,0.8421,5.0845000000000514e-05,0.019300000000000095,4.2,4.7,0.5
eval_20260723_115807,Ministral-3-8B-Instruct-2512,jina,hyde,jina/hyde,168,AfD,5,0.8542,0.8351,0.843,6.377499999999987e-05,0.019100000000000006,6.8,6.5,0.2999999999999998
eval_20260723_115807,Ministral-3-8B-Instruct-2512,jina,hyde,jina/hyde,589,DIE LINKE,5,0.8512,0.8202,0.8374,0.00019534499999999928,0.030999999999999917,1.2,1.3,0.10000000000000009
eval_20260723_115807,Ministral-3-8B-Instruct-2512,jina,hyde,jina/hyde,644,SPD,5,0.8278,0.8076,0.8160000000000001,7.196499999999978e-05,0.020199999999999996,3.5,2.7,0.7999999999999998
eval_20260723_115807,Ministral-3-8B-Instruct-2512,jina,hyde,jina/hyde,179,AfD,5,0.872,0.8257,0.8403,0.0003307,0.04630000000000001,7.0,6.5,0.5
eval_20260723_115807,Ministral-3-8B-Instruct-2512,jina,hyde,jina/hyde,552,DIE LINKE,5,0.788,0.766,0.77124,8.845300000000018e-05,0.02200000000000002,2.1,1.3,0.8
eval_20260723_115807,Ministral-3-8B-Instruct-2512,jina,hyde,jina/hyde,178,AfD,5,0.802,0.7676,0.7792999999999999,0.000243490000000001,0.0344000000000001,5.8,6.5,0.7000000000000002
eval_20260723_115807,Ministral-3-8B-Instruct-2512,jina,hyde,jina/hyde,573,DIE LINKE,5,0.8639,0.8051,0.83514,0.0004326529999999994,0.05879999999999996,4.2,1.3,2.9000000000000004
eval_20260723_115807,Ministral-3-8B-Instruct-2512,jina,hyde,jina/hyde,258,BÜNDNIS 90/DIE GRÜNEN,5,0.7732,0.7564,0.76152,4.633200000000007e-05,0.016800000000000037,1.1,2.4,1.2999999999999998
eval_20260723_115807,Ministral-3-8B-Instruct-2512,jina,hyde,jina/hyde,449,DIE LINKE,5,0.8149,0.7996,0.80802,5.398700000000018e-05,0.01529999999999998,2.1,1.3,0.8
eval_20260723_115807,Ministral-3-8B-Instruct-2512,jina,hyde,jina/hyde,486,DIE LINKE,5,0.8357,0.8144,0.8247199999999999,8.956699999999983e-05,0.021299999999999986,1.2,1.3,0.10000000000000009
eval_20260723_115807,Ministral-3-8B-Instruct-2512,jina,hyde,jina/hyde,15,BÜNDNIS 90/DIE GRÜNEN,5,0.7951,0.7897,0.79252,6.402000000000026e-06,0.005400000000000071,2.1,2.4,0.2999999999999998
eval_20260723_115807,Ministral-3-8B-Instruct-2512,jina,hyde,jina/hyde,3,CDU/CSU,5,0.8392,0.8179,0.82758,0.00010730700000000022,0.021299999999999986,4.2,4.7,0.5
eval_20260723_115807,Ministral-3-8B-Instruct-2512,jina,hyde,jina/hyde,347,CSU,5,0.8167,0.8042,0.80816,2.3972999999999894e-05,0.012499999999999956,4.2,5.4,1.2000000000000002
eval_20260723_115807,Ministral-3-8B-Instruct-2512,jina,hyde,jina/hyde,257,BÜNDNIS 90/DIE GRÜNEN,5,0.8119,0.8089,0.8100400000000001,1.417999999999983e-06,0.0030000000000000027,5.8,2.4,3.4
eval_20260723_115807,Ministral-3-8B-Instruct-2512,jina,hyde,jina/hyde,384,FDP,5,0.819,0.7939,0.80528,0.00012220699999999912,0.0250999999999999,1.2,4.3,3.0999999999999996
eval_20260723_115807,Ministral-3-8B-Instruct-2512,jina,hyde,jina/hyde,594,DIE LINKE,5,0.7807,0.7576,0.7691399999999999,9.83729999999995e-05,0.0230999999999999,3.5,1.3,2.2
eval_20260723_115807,Ministral-3-8B-Instruct-2512,jina,hyde,jina/hyde,797,SPD,5,0.8162,0.7993,0.80578,5.470700000000031e-05,0.016900000000000026,3.8,2.7,1.0999999999999996
eval_20260723_115807,Ministral-3-8B-Instruct-2512,jina,hyde,jina/hyde,798,SPD,5,0.8134,0.792,0.79962,7.159699999999997e-05,0.021399999999999975,4.5,2.7,1.7999999999999998
eval_20260723_115807,Ministral-3-8B-Instruct-2512,jina,hyde,jina/hyde,430,DIE LINKE,5,0.8343,0.8256,0.83118,1.4327000000000129e-05,0.008700000000000041,3.8,1.3,2.5
eval_20260723_115807,Ministral-3-8B-Instruct-2512,jina,hyde,jina/hyde,616,SPD,5,0.8027,0.792,0.79694,1.7617999999999807e-05,0.010699999999999932,3.2,2.7,0.5
eval_20260723_115807,Ministral-3-8B-Instruct-2512,jina,hyde,jina/hyde,412,FDP,5,0.8166,0.7943,0.80152,7.864700000000006e-05,0.022299999999999986,3.2,4.3,1.0999999999999996
eval_20260723_115807,Ministral-3-8B-Instruct-2512,jina,hyde,jina/hyde,325,CDU,5,0.8502,0.8245,0.8390599999999999,0.0001621429999999994,0.025699999999999945,4.5,4.7,0.20000000000000018
eval_20260723_115807,Ministral-3-8B-Instruct-2512,jina,hyde,jina/hyde,670,SPD,5,0.792,0.7871,0.7888200000000001,4.367000000000101e-06,0.0049000000000000155,5.8,2.7,3.0999999999999996
eval_20260723_115807,Ministral-3-8B-Instruct-2512,jina,hyde,jina/hyde,9,BÜNDNIS 90/DIE GRÜNEN,5,0.8251,0.8148,0.8197599999999999,1.8072999999999917e-05,0.010299999999999976,4.5,2.4,2.1
eval_20260723_115807,Ministral-3-8B-Instruct-2512,jina,hyde,jina/hyde,250,BÜNDNIS 90/DIE GRÜNEN,5,0.7899,0.7821,0.7864599999999999,9.053000000000016e-06,0.007800000000000029,3.5,2.4,1.1
eval_20260723_115807,Ministral-3-8B-Instruct-2512,jina,hyde,jina/hyde,22,BÜNDNIS 90/DIE GRÜNEN,5,0.8123,0.7976,0.80306,3.0068000000000184e-05,0.014700000000000046,3.2,2.4,0.8000000000000003
eval_20260723_115807,Ministral-3-8B-Instruct-2512,jina,hyde,jina/hyde,222,BÜNDNIS 90/DIE GRÜNEN,5,0.8407,0.8079,0.83008,0.0001673320000000005,0.03280000000000005,1.2,2.4,1.2
eval_20260723_115807,Ministral-3-8B-Instruct-2512,jina,hyde,jina/hyde,560,DIE LINKE,5,0.8107,0.7969,0.8017200000000001,3.269699999999989e-05,0.013799999999999923,1.2,1.3,0.10000000000000009
eval_20260723_115807,Ministral-3-8B-Instruct-2512,jina,hyde,jina/hyde,707,SPD,5,0.7973,0.7756,0.7865800000000001,8.989700000000025e-05,0.021700000000000053,5.8,2.7,3.0999999999999996
eval_20260723_115807,Ministral-3-8B-Instruct-2512,jina,hyde,jina/hyde,805,SPD,5,0.7777,0.7509,0.76264,0.00011656299999999945,0.026799999999999935,4.2,2.7,1.5
eval_20260723_115807,Ministral-3-8B-Instruct-2512,jina,hyde,jina/hyde,468,DIE LINKE,5,0.8027,0.7863,0.7957599999999999,3.837799999999988e-05,0.01639999999999997,1.1,1.3,0.19999999999999996
eval_20260723_115807,Ministral-3-8B-Instruct-2512,jina,hyde,jina/hyde,341,CDU,5,0.8214,0.7978,0.8056599999999999,8.324300000000044e-05,0.023600000000000065,6.8,4.7,2.0999999999999996
eval_20260723_115807,Ministral-3-8B-Instruct-2512,jina,hyde,jina/hyde,238,BÜNDNIS 90/DIE GRÜNEN,5,0.7936,0.7855,0.7875599999999999,1.173299999999995e-05,0.008099999999999996,2.8,2.4,0.3999999999999999
eval_20260723_115807,Ministral-3-8B-Instruct-2512,jina,hyde,jina/hyde,94,AfD,5,0.852,0.8434,0.8477600000000001,9.83299999999986e-06,0.008599999999999941,7.0,6.5,0.5
eval_20260723_115807,Ministral-3-8B-Instruct-2512,jina,hyde,jina/hyde,413,FDP,5,0.8166,0.7941,0.80166,8.075300000000002e-05,0.022499999999999964,3.2,4.3,1.0999999999999996
eval_20260723_115807,Ministral-3-8B-Instruct-2512,jina,hyde,jina/hyde,636,SPD,5,0.8049,0.7902,0.79396,3.818299999999979e-05,0.014699999999999935,3.2,2.7,0.5
eval_20260723_115807,Ministral-3-8B-Instruct-2512,jina,hyde,jina/hyde,719,SPD,5,0.7848,0.7811,0.7830999999999999,2.785000000000036e-06,0.0037000000000000366,2.1,2.7,0.6000000000000001
eval_20260723_115807,Ministral-3-8B-Instruct-2512,jina,hyde,jina/hyde,285,BÜNDNIS 90/DIE GRÜNEN,5,0.8228,0.7963,0.80862,0.0001284819999999999,0.026499999999999968,5.8,2.4,3.4
eval_20260723_115807,Ministral-3-8B-Instruct-2512,jina,hyde,jina/hyde,185,AfD,5,0.8133,0.7892,0.79768,9.342700000000035e-05,0.02410000000000001,7.0,6.5,0.5
eval_20260723_115807,Ministral-3-8B-Instruct-2512,jina,hyde,jina/hyde,665,SPD,5,0.7817,0.7596,0.7709199999999999,9.509199999999922e-05,0.022099999999999898,4.5,2.7,1.7999999999999998
eval_20260723_115807,Ministral-3-8B-Instruct-2512,jina,hyde,jina/hyde,690,SPD,5,0.8061,0.7935,0.80292,2.8517000000000073e-05,0.012600000000000056,,2.7,
eval_20260723_115807,Ministral-3-8B-Instruct-2512,jina,hyde,jina/hyde,154,AfD,5,0.7307,0.7204,0.7241000000000001,1.690000000000001e-05,0.010299999999999976,1.2,6.5,5.3
eval_20260723_115807,Ministral-3-8B-Instruct-2512,jina,hyde,jina/hyde,76,SPD,5,0.7988,0.7853,0.79158,3.545199999999963e-05,0.013499999999999956,3.2,2.7,0.5
eval_20260723_115807,Ministral-3-8B-Instruct-2512,jina,hyde,jina/hyde,466,DIE LINKE,5,0.8063,0.7914,0.79802,3.547699999999998e-05,0.014900000000000024,3.2,1.3,1.9000000000000001
eval_20260723_115807,Ministral-3-8B-Instruct-2512,jina,hyde,jina/hyde,513,DIE LINKE,5,0.829,0.804,0.81422,9.429699999999947e-05,0.02499999999999991,2.1,1.3,0.8
eval_20260723_115807,Ministral-3-8B-Instruct-2512,jina,hyde,jina/hyde,278,BÜNDNIS 90/DIE GRÜNEN,5,0.8145,0.7978,0.80368,4.152700000000009e-05,0.016700000000000048,3.2,2.4,0.8000000000000003
eval_20260723_115807,Ministral-3-8B-Instruct-2512,jina,hyde,jina/hyde,69,BÜNDNIS 90/DIE GRÜNEN,5,0.8024,0.7866,0.79428,4.9957000000000254e-05,0.015800000000000036,2.1,2.4,0.2999999999999998
eval_20260723_115807,Ministral-3-8B-Instruct-2512,jina,hyde,jina/hyde,526,DIE LINKE,5,0.7015,0.6603,0.6718999999999999,0.00028462000000000046,0.041200000000000014,4.2,1.3,2.9000000000000004
eval_20260723_115807,Ministral-3-8B-Instruct-2512,jina,hyde,jina/hyde,189,AfD,5,0.8375,0.8238,0.82736,3.3393000000000146e-05,0.013700000000000045,7.0,6.5,0.5
eval_20260723_115807,Ministral-3-8B-Instruct-2512,jina,hyde,jina/hyde,272,BÜNDNIS 90/DIE GRÜNEN,5,0.8056,0.796,0.80048,1.4491999999999905e-05,0.009599999999999942,4.5,2.4,2.1
eval_20260723_115807,Ministral-3-8B-Instruct-2512,jina,hyde,jina/hyde,517,DIE LINKE,5,0.8343,0.8219,0.8277599999999999,2.3843000000000215e-05,0.012400000000000078,6.8,1.3,5.5
eval_20260723_115807,Ministral-3-8B-Instruct-2512,jina,hyde,jina/hyde,237,BÜNDNIS 90/DIE GRÜNEN,5,0.8273,0.807,0.8131400000000001,7.003800000000002e-05,0.020299999999999985,2.3,2.4,0.10000000000000009
eval_20260723_115807,Ministral-3-8B-Instruct-2512,jina,hyde,jina/hyde,89,BÜNDNIS 90/DIE GRÜNEN,5,0.8079,0.7819,0.79192,0.00014341199999999934,0.025999999999999912,1.2,2.4,1.2
eval_20260723_115807,Ministral-3-8B-Instruct-2512,jina,hyde,jina/hyde,698,SPD,5,0.7606,0.7536,0.75644,8.708000000000017e-06,0.007000000000000006,4.2,2.7,1.5
eval_20260723_115807,Ministral-3-8B-Instruct-2512,jina,hyde,jina/hyde,118,AfD,5,0.8189,0.7912,0.7997799999999999,0.00012256699999999961,0.027699999999999947,6.8,6.5,0.2999999999999998
eval_20260723_115807,Ministral-3-8B-Instruct-2512,jina,hyde,jina/hyde,126,AfD,5,0.8091,0.8008,0.80418,1.2067000000000195e-05,0.008300000000000085,7.0,6.5,0.5
eval_20260723_115807,Ministral-3-8B-Instruct-2512,jina,hyde,jina/hyde,676,SPD,5,0.8184,0.8015,0.8078200000000001,5.516199999999994e-05,0.016900000000000026,2.1,2.7,0.6000000000000001
eval_20260723_115807,Ministral-3-8B-Instruct-2512,jina,hyde,jina/hyde,290,BÜNDNIS 90/DIE GRÜNEN,5,0.8224,0.8148,0.8192,8.915000000000158e-06,0.007600000000000051,2.8,2.4,0.3999999999999999
eval_20260723_115807,Ministral-3-8B-Instruct-2512,jina,hyde,jina/hyde,239,BÜNDNIS 90/DIE GRÜNEN,5,0.8016,0.7917,0.79706,1.880300000000003e-05,0.00990000000000002,2.1,2.4,0.2999999999999998
eval_20260723_115807,Ministral-3-8B-Instruct-2512,jina,hyde,jina/hyde,0,BÜNDNIS 90/DIE GRÜNEN,5,0.8643,0.8476,0.85376,4.8997999999999737e-05,0.016699999999999937,3.2,2.4,0.8000000000000003
eval_20260723_115807,Ministral-3-8B-Instruct-2512,jina,hyde,jina/hyde,812,SPD,5,0.8066,0.791,0.7971,5.088999999999979e-05,0.015599999999999947,,2.7,
eval_20260723_115807,Ministral-3-8B-Instruct-2512,jina,hyde,jina/hyde,397,FDP,5,0.8098,0.7868,0.7959,0.00010020999999999965,0.02299999999999991,3.2,4.3,1.0999999999999996
eval_20260723_115807,Ministral-3-8B-Instruct-2512,jina,hyde,jina/hyde,717,SPD,5,0.7914,0.7766,0.784,3.3065000000000226e-05,0.014800000000000035,4.2,2.7,1.5
eval_20260723_115807,Ministral-3-8B-Instruct-2512,jina,hyde,jina/hyde,479,DIE LINKE,5,0.7766,0.7672,0.77184,1.6102999999999876e-05,0.009399999999999964,3.2,1.3,1.9000000000000001
eval_20260723_115807,Ministral-3-8B-Instruct-2512,jina,hyde,jina/hyde,279,BÜNDNIS 90/DIE GRÜNEN,5,0.8363,0.8038,0.8169000000000001,0.00014529500000000063,0.032500000000000084,3.2,2.4,0.8000000000000003
eval_20260723_115807,Ministral-3-8B-Instruct-2512,jina,hyde,jina/hyde,639,SPD,5,0.7639,0.7273,0.74184,0.00026869800000000043,0.03660000000000008,2.8,2.7,0.09999999999999964
eval_20260723_115807,Ministral-3-8B-Instruct-2512,jina,hyde,jina/hyde,117,AfD,5,0.8379,0.8307,0.8335799999999999,8.096999999999943e-06,0.007199999999999984,1.1,6.5,5.4
eval_20260723_115807,Ministral-3-8B-Instruct-2512,jina,hyde,jina/hyde,229,BÜNDNIS 90/DIE GRÜNEN,5,0.7978,0.77,0.77912,0.00015382699999999983,0.027799999999999936,2.1,2.4,0.2999999999999998
eval_20260723_115807,Ministral-3-8B-Instruct-2512,jina,hyde,jina/hyde,580,DIE LINKE,5,0.8366,0.8218,0.82806,3.2923000000000206e-05,0.014800000000000035,3.2,1.3,1.9000000000000001
eval_20260723_115807,Ministral-3-8B-Instruct-2512,jina,hyde,jina/hyde,433,DIE LINKE,5,0.8116,0.7977,0.80434,2.5263000000000087e-05,0.013900000000000023,2.1,1.3,0.8
eval_20260723_115807,Ministral-3-8B-Instruct-2512,jina,hyde,jina/hyde,447,DIE LINKE,5,0.8571,0.8339,0.8422000000000001,9.093999999999975e-05,0.0232,1.2,1.3,0.10000000000000009
eval_20260723_115807,Ministral-3-8B-Instruct-2512,jina,hyde,jina/hyde,275,BÜNDNIS 90/DIE GRÜNEN,5,0.8493,0.8184,0.8345400000000002,0.00016323300000000037,0.03090000000000004,3.2,2.4,0.8000000000000003
eval_20260723_115807,Ministral-3-8B-Instruct-2512,jina,hyde,jina/hyde,629,SPD,5,0.7378,0.7217,0.7275,4.203500000000015e-05,0.016100000000000003,3.2,2.7,0.5
eval_20260723_115807,Ministral-3-8B-Instruct-2512,jina,hyde,jina/hyde,145,AfD,5,0.8345,0.8161,0.82164,5.468799999999999e-05,0.018399999999999972,7.0,6.5,0.5
eval_20260723_115807,Ministral-3-8B-Instruct-2512,jina,hyde,jina/hyde,591,DIE LINKE,5,0.8402,0.8214,0.8282399999999999,5.137299999999962e-05,0.018799999999999928,1.2,1.3,0.10000000000000009
eval_20260723_115807,Ministral-3-8B-Instruct-2512,jina,hyde,jina/hyde,520,DIE LINKE,5,0.8321,0.8102,0.82004,9.513799999999937e-05,0.02189999999999992,6.8,1.3,5.5
eval_20260723_115807,Ministral-3-8B-Instruct-2512,jina,hyde,jina/hyde,747,SPD,5,0.7813,0.7702,0.77548,1.6201999999999978e-05,0.011099999999999999,3.2,2.7,0.5
eval_20260723_115807,Ministral-3-8B-Instruct-2512,jina,hyde,jina/hyde,599,SPD,5,0.8277,0.8189,0.82266,1.0813000000000088e-05,0.00880000000000003,3.2,2.7,0.5
eval_20260723_115807,Ministral-3-8B-Instruct-2512,jina,hyde,jina/hyde,370,FDP,5,0.79,0.7518,0.76814,0.00024036799999999992,0.03820000000000001,2.1,4.3,2.1999999999999997
eval_20260723_115807,Ministral-3-8B-Instruct-2512,jina,hyde,jina/hyde,269,BÜNDNIS 90/DIE GRÜNEN,5,0.8275,0.824,0.8261800000000001,2.007000000000083e-06,0.0035000000000000586,5.2,2.4,2.8000000000000003
eval_20260723_115807,Ministral-3-8B-Instruct-2512,jina,hyde,jina/hyde,581,DIE LINKE,5,0.7679,0.7562,0.76228,2.1337000000000236e-05,0.011700000000000044,1.2,1.3,0.10000000000000009
eval_20260723_115807,Ministral-3-8B-Instruct-2512,jina,hyde,jina/hyde,311,BÜNDNIS 90/DIE GRÜNEN,5,0.8127,0.8017,0.8057000000000001,1.7585000000000015e-05,0.01100000000000001,3.8,2.4,1.4
eval_20260723_115807,Ministral-3-8B-Instruct-2512,jina,hyde,jina/hyde,596,DIE LINKE,5,0.8254,0.8103,0.8170200000000001,3.480700000000011e-05,0.015100000000000002,1.1,1.3,0.19999999999999996
eval_20260723_115807,Ministral-3-8B-Instruct-2512,jina,hyde,jina/hyde,47,CDU/CSU,5,0.8429,0.8269,0.83178,4.5916999999999825e-05,0.016000000000000014,4.5,4.7,0.20000000000000018
eval_20260723_115807,Ministral-3-8B-Instruct-2512,jina,hyde,jina/hyde,350,FDP,5,0.8003,0.7786,0.7861,8.781500000000012e-05,0.021700000000000053,6.8,4.3,2.5
eval_20260723_115807,Ministral-3-8B-Instruct-2512,jina,hyde,jina/hyde,536,DIE LINKE,5,0.842,0.8094,0.82492,0.00018610699999999954,0.03259999999999996,1.1,1.3,0.19999999999999996
eval_20260723_115807,Ministral-3-8B-Instruct-2512,jina,hyde,jina/hyde,262,BÜNDNIS 90/DIE GRÜNEN,5,0.8361,0.7956,0.81576,0.0002512729999999998,0.04049999999999998,4.2,2.4,1.8000000000000003
eval_20260723_115807,Ministral-3-8B-Instruct-2512,jina,hyde,jina/hyde,196,AfD,5,0.8558,0.8366,0.84702,8.472200000000003e-05,0.019199999999999995,7.0,6.5,0.5
eval_20260723_115807,Ministral-3-8B-Instruct-2512,jina,hyde,jina/hyde,820,SPD,5,0.7896,0.7858,0.78712,2.2669999999999056e-06,0.0037999999999999146,5.8,2.7,3.0999999999999996
eval_20260723_115807,Ministral-3-8B-Instruct-2512,jina,hyde,jina/hyde,688,SPD,5,0.7731,0.7229,0.74162,0.00047899700000000027,0.05020000000000002,3.2,2.7,0.5
eval_20260723_115807,Ministral-3-8B-Instruct-2512,jina,hyde,jina/hyde,108,AfD,5,0.8387,0.8218,0.8261,5.0595000000000114e-05,0.016900000000000026,6.8,6.5,0.2999999999999998
eval_20260723_115807,Ministral-3-8B-Instruct-2512,jina,hyde,jina/hyde,60,BÜNDNIS 90/DIE GRÜNEN,5,0.7006,0.6912,0.69628,1.4636999999999918e-05,0.009399999999999964,3.2,2.4,0.8000000000000003
eval_20260723_115807,Ministral-3-8B-Instruct-2512,jina,hyde,jina/hyde,623,SPD,5,0.8148,0.8017,0.81006,3.4202999999999835e-05,0.0131,5.8,2.7,3.0999999999999996
eval_20260723_115807,Ministral-3-8B-Instruct-2512,jina,hyde,jina/hyde,452,DIE LINKE,5,0.8064,0.7761,0.78566,0.0001618330000000004,0.030299999999999994,6.5,1.3,5.2
eval_20260723_115807,Ministral-3-8B-Instruct-2512,jina,hyde,jina/hyde,101,BÜNDNIS 90/DIE GRÜNEN,5,0.7841,0.7791,0.78114,3.7629999999999646e-06,0.0050000000000000044,1.2,2.4,1.2
eval_20260723_115807,Ministral-3-8B-Instruct-2512,jina,hyde,jina/hyde,491,DIE LINKE,5,0.824,0.8131,0.81986,2.0182999999999864e-05,0.01089999999999991,2.1,1.3,0.8
eval_20260723_115807,Ministral-3-8B-Instruct-2512,jina,hyde,jina/hyde,738,SPD,5,0.7329,0.7284,0.73002,3.706999999999943e-06,0.0044999999999999485,3.2,2.7,0.5
eval_20260723_115807,Ministral-3-8B-Instruct-2512,jina,hyde,jina/hyde,597,SPD,5,0.8031,0.7762,0.79076,0.00010432300000000035,0.026900000000000035,4.5,2.7,1.7999999999999998
eval_20260723_115807,Ministral-3-8B-Instruct-2512,jina,hyde,jina/hyde,811,SPD,5,0.8102,0.7818,0.7925,0.00011985499999999987,0.02839999999999998,3.2,2.7,0.5
eval_20260723_115807,Ministral-3-8B-Instruct-2512,jina,hyde,jina/hyde,180,AfD,5,0.8279,0.7946,0.8054600000000001,0.00016920799999999974,0.033299999999999996,7.0,6.5,0.5
eval_20260723_115807,Ministral-3-8B-Instruct-2512,jina,hyde,jina/hyde,305,BÜNDNIS 90/DIE GRÜNEN,5,0.8336,0.829,0.8308,4.06000000000006e-06,0.0046000000000000485,2.8,2.4,0.3999999999999999
eval_20260723_115807,Ministral-3-8B-Instruct-2512,jina,hyde,jina/hyde,630,SPD,5,0.8062,0.7863,0.79558,7.544699999999981e-05,0.01990000000000003,4.5,2.7,1.7999999999999998
eval_20260723_115807,Ministral-3-8B-Instruct-2512,jina,hyde,jina/hyde,724,SPD,5,0.7841,0.7722,0.77526,2.5133000000000137e-05,0.011900000000000022,4.8,2.7,2.0999999999999996
eval_20260723_115807,Ministral-3-8B-Instruct-2512,jina,hyde,jina/hyde,791,SPD,5,0.7839,0.7644,0.7712600000000001,6.625300000000053e-05,0.019500000000000073,4.2,2.7,1.5
eval_20260723_115807,Ministral-3-8B-Instruct-2512,jina,hyde,jina/hyde,150,AfD,5,0.8336,0.8157,0.8224199999999999,6.348699999999985e-05,0.017900000000000027,7.0,6.5,0.5
eval_20260723_115807,Ministral-3-8B-Instruct-2512,jina,hyde,jina/hyde,650,SPD,5,0.7884,0.77,0.78022,6.362200000000009e-05,0.018399999999999972,4.5,2.7,1.7999999999999998
eval_20260723_115807,Ministral-3-8B-Instruct-2512,jina,hyde,jina/hyde,714,SPD,5,0.7986,0.7925,0.7955599999999999,5.823000000000027e-06,0.006099999999999994,2.1,2.7,0.6000000000000001
eval_20260723_115807,Ministral-3-8B-Instruct-2512,jina,hyde,jina/hyde,186,AfD,5,0.8314,0.81,0.8172200000000001,7.403199999999996e-05,0.021399999999999975,7.0,6.5,0.5
eval_20260723_115807,Ministral-3-8B-Instruct-2512,jina,hyde,jina/hyde,681,SPD,5,0.8455,0.8268,0.83538,6.567700000000012e-05,0.01870000000000005,4.5,2.7,1.7999999999999998
eval_20260723_115807,Ministral-3-8B-Instruct-2512,jina,hyde,jina/hyde,51,BÜNDNIS 90/DIE GRÜNEN,5,0.8319,0.8252,0.82772,7.991999999999826e-06,0.006699999999999928,6.5,2.4,4.1
eval_20260723_115807,Ministral-3-8B-Instruct-2512,jina,hyde,jina/hyde,482,DIE LINKE,5,0.8158,0.8131,0.81454,1.0729999999999502e-06,0.0026999999999999247,3.2,1.3,1.9000000000000001
eval_20260723_115807,Ministral-3-8B-Instruct-2512,jina,hyde,jina/hyde,810,SPD,5,0.7808,0.7683,0.77288,2.6717000000000327e-05,0.012500000000000067,4.5,2.7,1.7999999999999998
eval_20260723_115807,Ministral-3-8B-Instruct-2512,jina,hyde,jina/hyde,484,DIE LINKE,5,0.8321,0.8114,0.8180400000000001,6.840299999999965e-05,0.02069999999999994,,1.3,
eval_20260723_115807,Ministral-3-8B-Instruct-2512,jina,hyde,jina/hyde,322,CDU,5,0.8333,0.8265,0.82912,8.632000000000027e-06,0.006800000000000028,4.5,4.7,0.20000000000000018
eval_20260723_115807,Ministral-3-8B-Instruct-2512,jina,hyde,jina/hyde,354,FDP,5,0.8052,0.789,0.7958800000000001,4.016700000000002e-05,0.016199999999999992,4.2,4.3,0.09999999999999964
eval_20260723_115807,Ministral-3-8B-Instruct-2512,jina,hyde,jina/hyde,760,SPD,5,0.7644,0.7509,0.75666,2.6377999999999916e-05,0.013499999999999956,4.5,2.7,1.7999999999999998
eval_20260723_115807,Ministral-3-8B-Instruct-2512,jina,hyde,jina/hyde,143,AfD,5,0.8519,0.7977,0.8144199999999999,0.0004831869999999997,0.054200000000000026,6.8,6.5,0.2999999999999998
eval_20260723_115807,Ministral-3-8B-Instruct-2512,jina,hyde,jina/hyde,371,FDP,5,0.8213,0.8065,0.81304,3.381800000000016e-05,0.014800000000000035,6.8,4.3,2.5
eval_20260723_115807,Ministral-3-8B-Instruct-2512,jina,hyde,jina/hyde,142,AfD,5,0.8159,0.8057,0.8086399999999999,1.695299999999992e-05,0.010199999999999987,7.0,6.5,0.5
eval_20260723_115807,Ministral-3-8B-Instruct-2512,jina,hyde,jina/hyde,400,FDP,5,0.8106,0.8074,0.8091200000000001,1.9269999999999843e-06,0.0031999999999999806,7.0,4.3,2.7
eval_20260723_115807,Ministral-3-8B-Instruct-2512,jina,hyde,jina/hyde,264,BÜNDNIS 90/DIE GRÜNEN,5,0.826,0.8027,0.8088200000000001,9.58469999999997e-05,0.023299999999999987,1.2,2.4,1.2
eval_20260723_115807,Ministral-3-8B-Instruct-2512,jina,hyde,jina/hyde,321,CDU,5,0.7781,0.7706,0.7733,8.40500000000012e-06,0.007500000000000062,3.8,4.7,0.9000000000000004
eval_20260723_115807,Ministral-3-8B-Instruct-2512,jina,hyde,jina/hyde,19,BÜNDNIS 90/DIE GRÜNEN,5,0.8157,0.8094,0.8123799999999999,7.346999999999985e-06,0.006299999999999972,2.1,2.4,0.2999999999999998
eval_20260723_115807,Ministral-3-8B-Instruct-2512,jina,hyde,jina/hyde,173,AfD,5,0.8171,0.8086,0.8134400000000002,1.5048000000000009e-05,0.008500000000000063,7.0,6.5,0.5
eval_20260723_115807,Ministral-3-8B-Instruct-2512,jina,hyde,jina/hyde,669,SPD,5,0.8126,0.8024,0.8065000000000001,1.8125000000000014e-05,0.010199999999999987,4.5,2.7,1.7999999999999998
eval_20260723_115807,Ministral-3-8B-Instruct-2512,jina,hyde,jina/hyde,313,BÜNDNIS 90/DIE GRÜNEN,5,0.8449,0.8262,0.83786,4.831299999999968e-05,0.01869999999999994,2.1,2.4,0.2999999999999998
eval_20260723_115807,Ministral-3-8B-Instruct-2512,jina,hyde,jina/hyde,766,SPD,5,0.8059,0.7676,0.7844,0.00027339499999999974,0.0383,2.1,2.7,0.6000000000000001
eval_20260723_115807,Ministral-3-8B-Instruct-2512,jina,hyde,jina/hyde,12,BÜNDNIS 90/DIE GRÜNEN,5,0.8078,0.7941,0.7979,3.132499999999982e-05,0.013699999999999934,3.2,2.4,0.8000000000000003
eval_20260723_115807,Ministral-3-8B-Instruct-2512,jina,hyde,jina/hyde,408,FDP,5,0.782,0.7687,0.7735799999999999,2.896699999999985e-05,0.013299999999999979,3.2,4.3,1.0999999999999996
eval_20260723_115807,Ministral-3-8B-Instruct-2512,jina,hyde,jina/hyde,409,FDP,5,0.813,0.8082,0.8101600000000001,5.527999999999846e-06,0.0047999999999999154,4.2,4.3,0.09999999999999964
eval_20260723_115807,Ministral-3-8B-Instruct-2512,jina,hyde,jina/hyde,306,BÜNDNIS 90/DIE GRÜNEN,5,0.838,0.8204,0.8285199999999999,6.435699999999959e-05,0.01759999999999995,1.2,2.4,1.2
eval_20260723_115807,Ministral-3-8B-Instruct-2512,jina,hyde,jina/hyde,355,FDP,5,0.7462,0.7352,0.7404399999999999,2.3643e-05,0.01100000000000001,4.5,4.3,0.20000000000000018
eval_20260723_115807,Ministral-3-8B-Instruct-2512,jina,hyde,jina/hyde,170,AfD,5,0.7988,0.79,0.7949599999999999,1.2312999999999828e-05,0.008799999999999919,6.8,6.5,0.2999999999999998
eval_20260723_115807,Ministral-3-8B-Instruct-2512,jina,hyde,jina/hyde,38,AfD,5,0.801,0.7735,0.78144,0.00012537300000000054,0.02750000000000008,6.8,6.5,0.2999999999999998
eval_20260723_115807,Ministral-3-8B-Instruct-2512,jina,hyde,jina/hyde,176,AfD,5,0.8142,0.8024,0.8072600000000001,1.9788000000000055e-05,0.011800000000000033,7.0,6.5,0.5
eval_20260723_115807,Ministral-3-8B-Instruct-2512,jina,hyde,jina/hyde,246,BÜNDNIS 90/DIE GRÜNEN,5,0.8384,0.8237,0.8301399999999999,4.449300000000006e-05,0.014700000000000046,3.2,2.4,0.8000000000000003
eval_20260723_115807,Ministral-3-8B-Instruct-2512,jina,hyde,jina/hyde,693,SPD,5,0.7651,0.7475,0.75598,5.933699999999961e-05,0.01759999999999995,3.2,2.7,0.5
eval_20260723_115807,Ministral-3-8B-Instruct-2512,jina,hyde,jina/hyde,417,DIE LINKE,5,0.8157,0.8027,0.80874,3.292800000000018e-05,0.013000000000000012,3.2,1.3,1.9000000000000001
eval_20260723_115807,Ministral-3-8B-Instruct-2512,jina,hyde,jina/hyde,787,SPD,5,0.8284,0.7802,0.80116,0.0003736330000000003,0.04820000000000002,3.2,2.7,0.5
eval_20260723_115807,Ministral-3-8B-Instruct-2512,jina,hyde,jina/hyde,273,BÜNDNIS 90/DIE GRÜNEN,5,0.8509,0.8387,0.8461000000000001,2.2474999999999964e-05,0.012199999999999989,2.8,2.4,0.3999999999999999
eval_20260723_115807,Ministral-3-8B-Instruct-2512,jina,hyde,jina/hyde,474,DIE LINKE,5,0.7241,0.6883,0.6982200000000001,0.00021864699999999955,0.03579999999999994,2.1,1.3,0.8
eval_20260723_115807,Ministral-3-8B-Instruct-2512,jina,hyde,jina/hyde,626,SPD,5,0.8457,0.8138,0.8236799999999999,0.0001867920000000001,0.03190000000000004,2.1,2.7,0.6000000000000001
eval_20260723_115807,Ministral-3-8B-Instruct-2512,jina,hyde,jina/hyde,127,AfD,5,0.8549,0.8386,0.8437999999999999,4.2825000000000085e-05,0.01629999999999998,7.0,6.5,0.5
eval_20260723_115807,Ministral-3-8B-Instruct-2512,jina,hyde,jina/hyde,450,DIE LINKE,5,0.8228,0.8176,0.82066,4.682999999999942e-06,0.005199999999999982,5.8,1.3,4.5
eval_20260723_115807,Ministral-3-8B-Instruct-2512,jina,hyde,jina/hyde,585,DIE LINKE,5,0.7974,0.7528,0.77712,0.00041057199999999946,0.04459999999999997,1.2,1.3,0.10000000000000009
eval_20260723_115807,Ministral-3-8B-Instruct-2512,jina,hyde,jina/hyde,342,CDU,5,0.8464,0.8445,0.84562,6.970000000000241e-07,0.0019000000000000128,3.2,4.7,1.5
eval_20260723_115807,Ministral-3-8B-Instruct-2512,jina,hyde,jina/hyde,288,BÜNDNIS 90/DIE GRÜNEN,5,0.8645,0.8472,0.85646,5.234300000000035e-05,0.017300000000000093,3.2,2.4,0.8000000000000003
eval_20260723_115807,Ministral-3-8B-Instruct-2512,jina,hyde,jina/hyde,114,AfD,5,0.8013,0.7783,0.7857000000000001,8.284500000000015e-05,0.02300000000000002,7.0,6.5,0.5
eval_20260723_115807,Ministral-3-8B-Instruct-2512,jina,hyde,jina/hyde,514,DIE LINKE,5,0.8225,0.7956,0.8037000000000001,0.0001207550000000001,0.026900000000000035,3.8,1.3,2.5
eval_20260723_115807,Ministral-3-8B-Instruct-2512,jina,hyde,jina/hyde,174,AfD,5,0.8287,0.8116,0.81828,4.174700000000008e-05,0.017100000000000004,6.8,6.5,0.2999999999999998
eval_20260723_115807,Ministral-3-8B-Instruct-2512,jina,hyde,jina/hyde,360,FDP,5,0.8039,0.7783,0.7872399999999999,0.00010887799999999973,0.025599999999999956,6.8,4.3,2.5
eval_20260723_115807,Ministral-3-8B-Instruct-2512,jina,hyde,jina/hyde,524,DIE LINKE,5,0.8572,0.8364,0.84496,6.643299999999964e-05,0.02079999999999993,1.2,1.3,0.10000000000000009
eval_20260723_115807,Ministral-3-8B-Instruct-2512,jina,hyde,jina/hyde,58,BÜNDNIS 90/DIE GRÜNEN,5,0.8449,0.8333,0.83772,2.112199999999976e-05,0.011599999999999944,3.2,2.4,0.8000000000000003
eval_20260723_115807,Ministral-3-8B-Instruct-2512,jina,hyde,jina/hyde,762,SPD,5,0.7877,0.7707,0.77768,5.679699999999946e-05,0.016999999999999904,5.8,2.7,3.0999999999999996
eval_20260723_115807,Ministral-3-8B-Instruct-2512,jina,hyde,jina/hyde,223,BÜNDNIS 90/DIE GRÜNEN,5,0.8482,0.8208,0.83384,0.00014527299999999983,0.02739999999999998,3.2,2.4,0.8000000000000003
eval_20260723_115807,Ministral-3-8B-Instruct-2512,jina,hyde,jina/hyde,705,SPD,5,0.7649,0.6966,0.71234,0.0008701230000000011,0.06830000000000003,3.2,2.7,0.5
eval_20260723_115807,Ministral-3-8B-Instruct-2512,jina,hyde,jina/hyde,281,BÜNDNIS 90/DIE GRÜNEN,5,0.7822,0.7718,0.7747999999999999,2.002499999999994e-05,0.010399999999999965,3.2,2.4,0.8000000000000003
eval_20260723_115807,Ministral-3-8B-Instruct-2512,jina,hyde,jina/hyde,17,BÜNDNIS 90/DIE GRÜNEN,5,0.8368,0.8281,0.8321,1.2090000000000037e-05,0.008700000000000041,6.8,2.4,4.4
eval_20260723_115807,Ministral-3-8B-Instruct-2512,jina,hyde,jina/hyde,128,AfD,5,0.7604,0.7562,0.7585200000000001,3.1670000000000063e-06,0.0041999999999999815,6.8,6.5,0.2999999999999998
eval_20260723_115807,Ministral-3-8B-Instruct-2512,jina,hyde,jina/hyde,323,CDU,5,0.7542,0.7466,0.7501599999999999,9.702999999999841e-06,0.00759999999999994,2.1,4.7,2.6
eval_20260723_115807,Ministral-3-8B-Instruct-2512,jina,hyde,jina/hyde,588,DIE LINKE,5,0.8228,0.7746,0.79166,0.00042488799999999984,0.04820000000000002,1.1,1.3,0.19999999999999996
eval_20260723_115807,Ministral-3-8B-Instruct-2512,jina,hyde,jina/hyde,471,DIE LINKE,5,0.8262,0.7997,0.80922,0.00010794700000000054,0.02650000000000008,,1.3,
eval_20260723_115807,Ministral-3-8B-Instruct-2512,jina,hyde,jina/hyde,612,SPD,5,0.8092,0.7881,0.7946799999999999,7.325700000000035e-05,0.021100000000000008,4.2,2.7,1.5
eval_20260723_115807,Ministral-3-8B-Instruct-2512,jina,hyde,jina/hyde,469,DIE LINKE,5,0.8751,0.8289,0.8516999999999999,0.0004494450000000001,0.04620000000000002,1.2,1.3,0.10000000000000009
eval_20260723_115807,Ministral-3-8B-Instruct-2512,jina,hyde,jina/hyde,789,SPD,5,0.8042,0.7884,0.7933999999999999,4.0240000000000204e-05,0.015800000000000036,3.2,2.7,0.5
eval_20260723_115807,Ministral-3-8B-Instruct-2512,jina,hyde,jina/hyde,191,AfD,5,0.8179,0.8063,0.8118000000000001,2.6709999999999817e-05,0.011599999999999944,7.0,6.5,0.5
eval_20260723_115807,Ministral-3-8B-Instruct-2512,jina,hyde,jina/hyde,116,AfD,5,0.8215,0.8162,0.81884,3.5829999999999613e-06,0.005299999999999971,7.0,6.5,0.5
eval_20260723_115807,Ministral-3-8B-Instruct-2512,jina,hyde,jina/hyde,529,DIE LINKE,5,0.8134,0.7958,0.8019999999999999,4.652000000000028e-05,0.01760000000000006,3.5,1.3,2.2
eval_20260723_115807,Ministral-3-8B-Instruct-2512,jina,hyde,jina/hyde,726,SPD,5,0.7873,0.7668,0.77352,6.893700000000003e-05,0.020499999999999963,4.2,2.7,1.5
eval_20260723_115807,Ministral-3-8B-Instruct-2512,jina,hyde,jina/hyde,181,AfD,5,0.8144,0.8072,0.8103000000000001,1.2259999999999952e-05,0.007199999999999984,7.0,6.5,0.5
eval_20260723_115807,Ministral-3-8B-Instruct-2512,jina,hyde,jina/hyde,302,BÜNDNIS 90/DIE GRÜNEN,5,0.8649,0.8447,0.8543400000000002,6.173300000000005e-05,0.020199999999999996,3.2,2.4,0.8000000000000003
eval_20260723_115807,Ministral-3-8B-Instruct-2512,jina,hyde,jina/hyde,631,SPD,5,0.7915,0.7777,0.78244,3.507800000000005e-05,0.013800000000000034,3.2,2.7,0.5
eval_20260723_115807,Ministral-3-8B-Instruct-2512,jina,hyde,jina/hyde,595,DIE LINKE,5,0.8004,0.7846,0.7891600000000001,4.441299999999991e-05,0.015800000000000036,1.2,1.3,0.10000000000000009
eval_20260723_115807,Ministral-3-8B-Instruct-2512,jina,hyde,jina/hyde,604,SPD,5,0.8266,0.8181,0.82284,9.772999999999884e-06,0.008499999999999952,3.2,2.7,0.5
eval_20260723_115807,Ministral-3-8B-Instruct-2512,jina,hyde,jina/hyde,802,SPD,5,0.797,0.7739,0.78454,8.007300000000017e-05,0.02310000000000001,6.8,2.7,4.1
eval_20260723_115807,Ministral-3-8B-Instruct-2512,jina,hyde,jina/hyde,555,DIE LINKE,5,0.7786,0.7728,0.77652,5.366999999999866e-06,0.005799999999999916,,1.3,
eval_20260723_115807,Ministral-3-8B-Instruct-2512,jina,hyde,jina/hyde,806,SPD,5,0.7679,0.74,0.7504000000000002,0.00012325500000000045,0.027900000000000036,4.5,2.7,1.7999999999999998
eval_20260723_115807,Ministral-3-8B-Instruct-2512,jina,hyde,jina/hyde,46,CDU/CSU,5,0.756,0.7469,0.75112,1.624699999999994e-05,0.009099999999999997,7.0,4.7,2.3
eval_20260723_115807,Ministral-3-8B-Instruct-2512,jina,hyde,jina/hyde,746,SPD,5,0.8058,0.7945,0.79952,2.7226999999999907e-05,0.011299999999999977,3.2,2.7,0.5
eval_20260723_115807,Ministral-3-8B-Instruct-2512,jina,hyde,jina/hyde,158,AfD,5,0.8357,0.8259,0.83192,2.0612000000000104e-05,0.009800000000000031,7.0,6.5,0.5
eval_20260723_115807,Ministral-3-8B-Instruct-2512,jina,hyde,jina/hyde,619,SPD,5,0.8217,0.8032,0.8100200000000001,5.208699999999984e-05,0.01849999999999996,4.5,2.7,1.7999999999999998
eval_20260723_115807,Ministral-3-8B-Instruct-2512,jina,hyde,jina/hyde,172,AfD,5,0.8034,0.7995,0.8008599999999999,2.272999999999998e-06,0.0039000000000000146,7.0,6.5,0.5
eval_20260723_115807,Ministral-3-8B-Instruct-2512,jina,hyde,jina/hyde,16,BÜNDNIS 90/DIE GRÜNEN,5,0.8255,0.8203,0.8241399999999999,4.7429999999999536e-06,0.005199999999999982,3.2,2.4,0.8000000000000003
eval_20260723_115807,Ministral-3-8B-Instruct-2512,jina,hyde,jina/hyde,512,DIE LINKE,5,0.7917,0.7774,0.78218,3.336199999999986e-05,0.01429999999999998,7.0,1.3,5.7
eval_20260723_115807,Ministral-3-8B-Instruct-2512,jina,hyde,jina/hyde,49,CDU/CSU,5,0.8602,0.8548,0.85762,4.1119999999999074e-06,0.00539999999999996,3.2,4.7,1.5
eval_20260723_115807,Ministral-3-8B-Instruct-2512,jina,hyde,jina/hyde,795,SPD,5,0.8565,0.8347,0.84102,8.440700000000009e-05,0.02180000000000004,4.5,2.7,1.7999999999999998
eval_20260723_115807,Ministral-3-8B-Instruct-2512,jina,hyde,jina/hyde,516,DIE LINKE,5,0.8142,0.7908,0.8051,0.0001222900000000006,0.023400000000000087,2.1,1.3,0.8
eval_20260723_115807,Ministral-3-8B-Instruct-2512,jina,hyde,jina/hyde,679,SPD,5,0.7985,0.7817,0.7878999999999999,4.5960000000000116e-05,0.016800000000000037,4.5,2.7,1.7999999999999998
eval_20260723_115807,Ministral-3-8B-Instruct-2512,jina,hyde,jina/hyde,481,DIE LINKE,5,0.847,0.8206,0.8293799999999999,0.00011186199999999987,0.02639999999999998,2.1,1.3,0.8
eval_20260723_115807,Ministral-3-8B-Instruct-2512,jina,hyde,jina/hyde,284,BÜNDNIS 90/DIE GRÜNEN,5,0.7789,0.7566,0.7659800000000001,7.3007e-05,0.022299999999999986,1.5,2.4,0.8999999999999999
eval_20260723_115807,Ministral-3-8B-Instruct-2512,jina,hyde,jina/hyde,549,DIE LINKE,5,0.834,0.8299,0.83124,3.2079999999999496e-06,0.0040999999999999925,3.2,1.3,1.9000000000000001
eval_20260723_115807,Ministral-3-8B-Instruct-2512,jina,hyde,jina/hyde,226,BÜNDNIS 90/DIE GRÜNEN,5,0.8297,0.8212,0.82534,1.132299999999989e-05,0.008499999999999952,2.8,2.4,0.3999999999999999
eval_20260723_115807,Ministral-3-8B-Instruct-2512,jina,hyde,jina/hyde,26,AfD,5,0.8389,0.8069,0.81774,0.00016145299999999988,0.03200000000000003,6.8,6.5,0.2999999999999998
eval_20260723_115807,Ministral-3-8B-Instruct-2512,jina,hyde,jina/hyde,661,SPD,5,0.8358,0.7967,0.81052,0.00025167700000000017,0.039100000000000024,3.2,2.7,0.5
eval_20260723_115807,Ministral-3-8B-Instruct-2512,jina,hyde,jina/hyde,438,DIE LINKE,5,0.7601,0.7445,0.7524,3.540999999999976e-05,0.015599999999999947,4.5,1.3,3.2
eval_20260723_115807,Ministral-3-8B-Instruct-2512,jina,hyde,jina/hyde,365,FDP,5,0.7579,0.7403,0.74522,5.551200000000028e-05,0.01760000000000006,4.5,4.3,0.20000000000000018
eval_20260723_115807,Ministral-3-8B-Instruct-2512,jina,hyde,jina/hyde,230,BÜNDNIS 90/DIE GRÜNEN,5,0.858,0.8439,0.8501,2.577999999999998e-05,0.014100000000000001,6.8,2.4,4.4
eval_20260723_115807,Ministral-3-8B-Instruct-2512,jina,hyde,jina/hyde,37,AfD,5,0.8582,0.8541,0.85556,3.2729999999999266e-06,0.0040999999999999925,6.8,6.5,0.2999999999999998
eval_20260723_115807,Ministral-3-8B-Instruct-2512,jina,hyde,jina/hyde,790,SPD,5,0.7358,0.6957,0.71058,0.0002252020000000004,0.040100000000000025,3.2,2.7,0.5
eval_20260723_115807,Ministral-3-8B-Instruct-2512,jina,hyde,jina/hyde,375,FDP,5,0.8498,0.8087,0.82244,0.0002517930000000002,0.041100000000000025,3.8,4.3,0.5
eval_20260723_115807,Ministral-3-8B-Instruct-2512,jina,hyde,jina/hyde,470,DIE LINKE,5,0.8102,0.7886,0.79728,7.591700000000027e-05,0.021600000000000064,6.5,1.3,5.2
eval_20260723_115807,Ministral-3-8B-Instruct-2512,jina,hyde,jina/hyde,792,SPD,5,0.8284,0.8043,0.81186,9.12630000000002e-05,0.02410000000000001,2.1,2.7,0.6000000000000001
eval_20260723_115807,Ministral-3-8B-Instruct-2512,jina,hyde,jina/hyde,699,SPD,5,0.7683,0.7608,0.76434,8.327999999999934e-06,0.007499999999999951,6.8,2.7,4.1
eval_20260723_115807,Ministral-3-8B-Instruct-2512,jina,hyde,jina/hyde,606,SPD,5,0.7742,0.7527,0.7620199999999999,6.869199999999988e-05,0.021499999999999964,4.5,2.7,1.7999999999999998
eval_20260723_115807,Ministral-3-8B-Instruct-2512,jina,hyde,jina/hyde,195,AfD,5,0.8164,0.8012,0.8064,4.8175000000000026e-05,0.015199999999999991,7.0,6.5,0.5
eval_20260723_115807,Ministral-3-8B-Instruct-2512,jina,hyde,jina/hyde,815,SPD,5,0.8225,0.7907,0.8067,0.00018914500000000024,0.03180000000000005,2.1,2.7,0.6000000000000001
eval_20260723_115807,Ministral-3-8B-Instruct-2512,jina,hyde,jina/hyde,710,SPD,5,0.7651,0.7573,0.7609199999999999,9.082000000000026e-06,0.007800000000000029,4.5,2.7,1.7999999999999998
eval_20260723_115807,Ministral-3-8B-Instruct-2512,jina,hyde,jina/hyde,504,DIE LINKE,5,0.8393,0.8272,0.8324400000000001,3.90429999999999e-05,0.0121,4.2,1.3,2.9000000000000004
eval_20260723_115807,Ministral-3-8B-Instruct-2512,jina,hyde,jina/hyde,794,SPD,5,0.7684,0.7447,0.75166,9.215299999999973e-05,0.023699999999999943,4.2,2.7,1.5
eval_20260723_115807,Ministral-3-8B-Instruct-2512,jina,hyde,jina/hyde,685,SPD,5,0.8207,0.8114,0.8154600000000001,1.3523000000000033e-05,0.009299999999999975,4.2,2.7,1.5
eval_20260723_115807,Ministral-3-8B-Instruct-2512,jina,hyde,jina/hyde,793,SPD,5,0.8132,0.8005,0.80612,3.269200000000017e-05,0.012700000000000045,3.2,2.7,0.5
eval_20260723_115807,Ministral-3-8B-Instruct-2512,jina,hyde,jina/hyde,163,AfD,5,0.7705,0.7551,0.7631,4.917499999999967e-05,0.01539999999999997,7.0,6.5,0.5
eval_20260723_115807,Ministral-3-8B-Instruct-2512,jina,hyde,jina/hyde,587,DIE LINKE,5,0.8,0.7897,0.7928200000000001,1.7987000000000273e-05,0.010300000000000087,5.8,1.3,4.5
eval_20260723_115807,Ministral-3-8B-Instruct-2512,jina,hyde,jina/hyde,153,AfD,5,0.8759,0.8552,0.8656600000000001,9.082300000000032e-05,0.02070000000000005,1.2,6.5,5.3
eval_20260723_115807,Ministral-3-8B-Instruct-2512,jina,hyde,jina/hyde,570,DIE LINKE,5,0.7952,0.779,0.78394,4.44380000000001e-05,0.016199999999999992,1.2,1.3,0.10000000000000009
eval_20260723_115807,Ministral-3-8B-Instruct-2512,jina,hyde,jina/hyde,586,DIE LINKE,5,0.8255,0.7978,0.8066000000000001,0.00012433000000000016,0.027700000000000058,6.5,1.3,5.2
eval_20260723_115807,Ministral-3-8B-Instruct-2512,jina,hyde,jina/hyde,627,SPD,5,0.8123,0.7904,0.79796,7.080800000000017e-05,0.02190000000000003,3.2,2.7,0.5
eval_20260723_115807,Ministral-3-8B-Instruct-2512,jina,hyde,jina/hyde,112,BÜNDNIS 90/DIE GRÜNEN,5,0.7961,0.7913,0.7935000000000001,3.385000000000037e-06,0.0048000000000000265,1.2,2.4,1.2
eval_20260723_115807,Ministral-3-8B-Instruct-2512,jina,hyde,jina/hyde,576,DIE LINKE,5,0.8334,0.8194,0.8249400000000001,3.265800000000018e-05,0.014000000000000012,1.2,1.3,0.10000000000000009
eval_20260723_115807,Ministral-3-8B-Instruct-2512,jina,hyde,jina/hyde,104,DIE LINKE,5,0.8579,0.8372,0.8459,6.909499999999968e-05,0.02069999999999994,1.1,1.3,0.19999999999999996
eval_20260723_115807,Ministral-3-8B-Instruct-2512,jina,hyde,jina/hyde,422,DIE LINKE,5,0.839,0.8184,0.8274799999999999,8.610699999999941e-05,0.02059999999999995,1.2,1.3,0.10000000000000009
eval_20260723_115807,Ministral-3-8B-Instruct-2512,jina,hyde,jina/hyde,120,AfD,5,0.8055,0.7808,0.7864800000000001,0.00011349699999999989,0.024699999999999944,7.0,6.5,0.5
eval_20260723_115807,Ministral-3-8B-Instruct-2512,jina,hyde,jina/hyde,54,BÜNDNIS 90/DIE GRÜNEN,5,0.8528,0.8449,0.8483799999999999,1.293700000000005e-05,0.007900000000000018,1.2,2.4,1.2
eval_20260723_115807,Ministral-3-8B-Instruct-2512,jina,hyde,jina/hyde,152,AfD,5,0.8128,0.7924,0.8020799999999999,8.837699999999981e-05,0.020399999999999974,7.0,6.5,0.5
eval_20260723_115807,Ministral-3-8B-Instruct-2512,jina,hyde,jina/hyde,404,FDP,5,0.7889,0.7797,0.7853,1.8365000000000225e-05,0.009200000000000097,5.8,4.3,1.5
eval_20260723_115807,Ministral-3-8B-Instruct-2512,jina,hyde,jina/hyde,774,SPD,5,0.7479,0.7349,0.74012,2.810200000000011e-05,0.013000000000000012,2.1,2.7,0.6000000000000001
eval_20260723_115807,Ministral-3-8B-Instruct-2512,jina,hyde,jina/hyde,208,AfD,5,0.8236,0.8103,0.81892,2.7996999999999963e-05,0.013299999999999979,7.0,6.5,0.5
eval_20260723_115807,Ministral-3-8B-Instruct-2512,jina,hyde,jina/hyde,694,SPD,5,0.7924,0.7739,0.7792,5.868999999999991e-05,0.01849999999999996,4.5,2.7,1.7999999999999998
eval_20260723_115807,Ministral-3-8B-Instruct-2512,jina,hyde,jina/hyde,645,SPD,5,0.8299,0.8125,0.8195599999999998,4.8567999999999966e-05,0.01739999999999997,3.2,2.7,0.5
eval_20260723_115807,Ministral-3-8B-Instruct-2512,jina,hyde,jina/hyde,8,BÜNDNIS 90/DIE GRÜNEN,5,0.8398,0.817,0.8283400000000001,0.00010237800000000027,0.022800000000000042,3.2,2.4,0.8000000000000003
eval_20260723_115807,Ministral-3-8B-Instruct-2512,jina,hyde,jina/hyde,667,SPD,5,0.8583,0.8308,0.84454,0.0001533129999999996,0.02749999999999997,2.1,2.7,0.6000000000000001
eval_20260723_115807,Ministral-3-8B-Instruct-2512,jina,hyde,jina/hyde,36,AfD,5,0.8037,0.7893,0.79816,3.123799999999989e-05,0.014399999999999968,7.0,6.5,0.5
eval_20260723_115807,Ministral-3-8B-Instruct-2512,jina,hyde,jina/hyde,453,DIE LINKE,5,0.8526,0.8097,0.82114,0.0003156330000000008,0.04290000000000005,1.2,1.3,0.10000000000000009
eval_20260723_115807,Ministral-3-8B-Instruct-2512,jina,hyde,jina/hyde,254,BÜNDNIS 90/DIE GRÜNEN,5,0.7948,0.7808,0.78454,3.450299999999973e-05,0.013999999999999901,2.1,2.4,0.2999999999999998
eval_20260723_115807,Ministral-3-8B-Instruct-2512,jina,hyde,jina/hyde,304,BÜNDNIS 90/DIE GRÜNEN,5,0.8372,0.8132,0.82186,9.782800000000027e-05,0.02400000000000002,1.2,2.4,1.2
eval_20260723_115807,Ministral-3-8B-Instruct-2512,jina,hyde,jina/hyde,659,SPD,5,0.8018,0.7928,0.79604,1.2052999999999927e-05,0.009000000000000008,4.2,2.7,1.5
eval_20260723_115807,Ministral-3-8B-Instruct-2512,jina,hyde,jina/hyde,572,DIE LINKE,5,0.8582,0.8352,0.8435400000000002,8.397799999999936e-05,0.02299999999999991,3.2,1.3,1.9000000000000001
eval_20260723_115807,Ministral-3-8B-Instruct-2512,jina,hyde,jina/hyde,711,SPD,5,0.8163,0.7653,0.77902,0.0004541770000000001,0.051000000000000045,3.2,2.7,0.5
eval_20260723_115807,Ministral-3-8B-Instruct-2512,jina,hyde,jina/hyde,767,SPD,5,0.8024,0.7738,0.78702,0.0001513819999999995,0.02859999999999996,2.1,2.7,0.6000000000000001
eval_20260723_115807,Ministral-3-8B-Instruct-2512,jina,hyde,jina/hyde,263,BÜNDNIS 90/DIE GRÜNEN,5,0.825,0.8082,0.8138,5.1974999999999935e-05,0.016799999999999926,5.8,2.4,3.4
eval_20260723_115807,Ministral-3-8B-Instruct-2512,jina,hyde,jina/hyde,298,BÜNDNIS 90/DIE GRÜNEN,5,0.7979,0.7899,0.79388,8.107000000000022e-06,0.008000000000000007,5.8,2.4,3.4
eval_20260723_115807,Ministral-3-8B-Instruct-2512,jina,hyde,jina/hyde,415,DIE LINKE,5,0.8462,0.8149,0.8268799999999998,0.00015658699999999992,0.031299999999999994,1.2,1.3,0.10000000000000009
eval_20260723_115807,Ministral-3-8B-Instruct-2512,jina,hyde,jina/hyde,151,AfD,5,0.8065,0.7842,0.7964,6.692499999999977e-05,0.022299999999999986,1.0,6.5,5.5
eval_20260723_115807,Ministral-3-8B-Instruct-2512,jina,hyde,jina/hyde,652,SPD,5,0.7217,0.7124,0.71644,1.732799999999996e-05,0.009299999999999975,3.2,2.7,0.5
eval_20260723_115807,Ministral-3-8B-Instruct-2512,jina,hyde,jina/hyde,729,SPD,5,0.7693,0.7531,0.75876,4.4557999999999935e-05,0.016199999999999992,3.2,2.7,0.5
eval_20260723_115807,Ministral-3-8B-Instruct-2512,jina,hyde,jina/hyde,551,DIE LINKE,5,0.8754,0.855,0.86188,6.774699999999963e-05,0.020399999999999974,1.2,1.3,0.10000000000000009
eval_20260723_115807,Ministral-3-8B-Instruct-2512,jina,hyde,jina/hyde,489,DIE LINKE,5,0.822,0.8133,0.8183199999999999,1.543699999999994e-05,0.00869999999999993,1.2,1.3,0.10000000000000009
eval_20260723_115807,Ministral-3-8B-Instruct-2512,jina,hyde,jina/hyde,148,AfD,5,0.8143,0.8021,0.808,2.368999999999993e-05,0.012199999999999989,1.2,6.5,5.3
eval_20260723_115807,Ministral-3-8B-Instruct-2512,jina,hyde,jina/hyde,602,SPD,5,0.8432,0.8184,0.8283400000000001,9.310299999999938e-05,0.024799999999999933,4.5,2.7,1.7999999999999998
eval_20260723_115807,Ministral-3-8B-Instruct-2512,jina,hyde,jina/hyde,763,SPD,5,0.7982,0.779,0.78556,5.6003000000000006e-05,0.019199999999999995,5.8,2.7,3.0999999999999996
eval_20260723_115807,Ministral-3-8B-Instruct-2512,jina,hyde,jina/hyde,813,SPD,5,0.8206,0.7983,0.80554,7.753299999999987e-05,0.022299999999999986,4.2,2.7,1.5
eval_20260723_115807,Ministral-3-8B-Instruct-2512,jina,hyde,jina/hyde,349,CSU,5,0.7965,0.7798,0.7844999999999999,4.662499999999971e-05,0.016699999999999937,3.5,5.4,1.9000000000000004
eval_20260723_115807,Ministral-3-8B-Instruct-2512,jina,hyde,jina/hyde,464,DIE LINKE,5,0.8412,0.8173,0.8261200000000001,0.0001181719999999993,0.02389999999999992,1.2,1.3,0.10000000000000009
eval_20260723_115807,Ministral-3-8B-Instruct-2512,jina,hyde,jina/hyde,326,CDU,5,0.8023,0.7925,0.7970200000000001,1.4597000000000089e-05,0.009800000000000031,7.0,4.7,2.3
eval_20260723_115807,Ministral-3-8B-Instruct-2512,jina,hyde,jina/hyde,187,AfD,5,0.8292,0.8212,0.8247399999999999,9.488000000000049e-06,0.008000000000000007,7.0,6.5,0.5
eval_20260723_115807,Ministral-3-8B-Instruct-2512,jina,hyde,jina/hyde,124,AfD,5,0.7875,0.7772,0.7798999999999999,1.8395000000000016e-05,0.010299999999999976,7.0,6.5,0.5
eval_20260723_115807,Ministral-3-8B-Instruct-2512,jina,hyde,jina/hyde,781,SPD,5,0.8349,0.8081,0.8182200000000002,0.00012220699999999937,0.026799999999999935,4.2,2.7,1.5
eval_20260723_115807,Ministral-3-8B-Instruct-2512,jina,hyde,jina/hyde,144,AfD,5,0.8318,0.823,0.82598,1.3611999999999979e-05,0.00880000000000003,6.5,6.5,0.0
eval_20260723_115807,Ministral-3-8B-Instruct-2512,jina,hyde,jina/hyde,784,SPD,5,0.7656,0.7332,0.74672,0.00018745199999999963,0.032399999999999984,3.5,2.7,0.7999999999999998
eval_20260723_115807,Ministral-3-8B-Instruct-2512,jina,hyde,jina/hyde,198,AfD,5,0.8172,0.8124,0.8143,3.490000000000019e-06,0.0048000000000000265,7.0,6.5,0.5
eval_20260723_115807,Ministral-3-8B-Instruct-2512,jina,hyde,jina/hyde,280,BÜNDNIS 90/DIE GRÜNEN,5,0.837,0.8177,0.8221999999999999,6.969499999999973e-05,0.019299999999999984,7.0,2.4,4.6
eval_20260723_115807,Ministral-3-8B-Instruct-2512,jina,hyde,jina/hyde,294,BÜNDNIS 90/DIE GRÜNEN,5,0.8534,0.8345,0.8418999999999999,6.488500000000019e-05,0.018900000000000028,2.1,2.4,0.2999999999999998
eval_20260723_115807,Ministral-3-8B-Instruct-2512,jina,hyde,jina/hyde,401,FDP,5,0.801,0.7873,0.79284,3.859300000000019e-05,0.013700000000000045,6.5,4.3,2.2
eval_20260723_115807,Ministral-3-8B-Instruct-2512,jina,hyde,jina/hyde,123,AfD,5,0.8133,0.8033,0.8078,1.6230000000000138e-05,0.010000000000000009,6.8,6.5,0.2999999999999998
eval_20260723_115807,Ministral-3-8B-Instruct-2512,jina,hyde,jina/hyde,184,AfD,5,0.7738,0.7638,0.76826,2.229800000000024e-05,0.010000000000000009,7.0,6.5,0.5
eval_20260723_115807,Ministral-3-8B-Instruct-2512,jina,hyde,jina/hyde,203,AfD,5,0.8002,0.7858,0.79298,3.273199999999982e-05,0.014399999999999968,7.0,6.5,0.5
eval_20260723_115807,Ministral-3-8B-Instruct-2512,jina,hyde,jina/hyde,439,DIE LINKE,5,0.8216,0.8048,0.8124800000000001,5.9756999999999984e-05,0.016800000000000037,1.2,1.3,0.10000000000000009
eval_20260723_115807,Ministral-3-8B-Instruct-2512,jina,hyde,jina/hyde,247,BÜNDNIS 90/DIE GRÜNEN,5,0.8137,0.7983,0.8046200000000001,3.279699999999992e-05,0.01539999999999997,2.1,2.4,0.2999999999999998
eval_20260723_115807,Ministral-3-8B-Instruct-2512,jina,hyde,jina/hyde,416,DIE LINKE,5,0.8554,0.8296,0.8390000000000001,0.00013087500000000016,0.025800000000000045,1.2,1.3,0.10000000000000009
eval_20260723_115807,Ministral-3-8B-Instruct-2512,jina,hyde,jina/hyde,728,SPD,5,0.8334,0.8127,0.82036,6.744300000000031e-05,0.02070000000000005,3.2,2.7,0.5
eval_20260723_115807,Ministral-3-8B-Instruct-2512,jina,hyde,jina/hyde,130,AfD,5,0.7985,0.7895,0.7921199999999999,1.350199999999998e-05,0.009000000000000008,6.8,6.5,0.2999999999999998
eval_20260723_115807,Ministral-3-8B-Instruct-2512,jina,hyde,jina/hyde,403,FDP,5,0.8571,0.833,0.8417,9.388499999999986e-05,0.02410000000000001,6.5,4.3,2.2
eval_20260723_115807,Ministral-3-8B-Instruct-2512,jina,hyde,jina/hyde,716,SPD,5,0.7487,0.719,0.73472,0.00012793700000000036,0.02970000000000006,,2.7,
eval_20260723_115807,Ministral-3-8B-Instruct-2512,jina,hyde,jina/hyde,638,SPD,5,0.8007,0.7838,0.79084,6.761299999999957e-05,0.016899999999999915,3.8,2.7,1.0999999999999996
eval_20260723_115807,Ministral-3-8B-Instruct-2512,jina,hyde,jina/hyde,788,SPD,5,0.7822,0.767,0.77606,4.0258000000000095e-05,0.015199999999999991,4.2,2.7,1.5
eval_20260723_115807,Ministral-3-8B-Instruct-2512,jina,hyde,jina/hyde,220,BÜNDNIS 90/DIE GRÜNEN,5,0.7922,0.7678,0.7813000000000001,8.023499999999974e-05,0.024399999999999977,2.1,2.4,0.2999999999999998
eval_20260723_115807,Ministral-3-8B-Instruct-2512,jina,hyde,jina/hyde,624,SPD,5,0.8226,0.7953,0.80634,0.00011689799999999994,0.02729999999999999,1.2,2.7,1.5000000000000002
eval_20260723_115807,Ministral-3-8B-Instruct-2512,jina,hyde,jina/hyde,753,SPD,5,0.7775,0.7737,0.7752399999999999,3.597999999999894e-06,0.0037999999999999146,4.5,2.7,1.7999999999999998
eval_20260723_115807,Ministral-3-8B-Instruct-2512,jina,hyde,jina/hyde,691,SPD,5,0.7658,0.7257,0.7353,0.00029406500000000074,0.040100000000000025,3.2,2.7,0.5
eval_20260723_115807,Ministral-3-8B-Instruct-2512,jina,hyde,jina/hyde,632,SPD,5,0.8295,0.8138,0.8217799999999998,4.325700000000029e-05,0.015700000000000047,2.1,2.7,0.6000000000000001
eval_20260723_115807,Ministral-3-8B-Instruct-2512,jina,hyde,jina/hyde,387,FDP,5,0.8568,0.8374,0.8460799999999999,5.949700000000002e-05,0.019399999999999973,3.8,4.3,0.5
eval_20260723_115807,Ministral-3-8B-Instruct-2512,jina,hyde,jina/hyde,796,SPD,5,0.8482,0.8366,0.83934,2.471799999999988e-05,0.011599999999999944,4.5,2.7,1.7999999999999998
eval_20260723_115807,Ministral-3-8B-Instruct-2512,jina,hyde,jina/hyde,510,DIE LINKE,5,0.8206,0.8156,0.8175600000000001,4.182999999999978e-06,0.0050000000000000044,4.5,1.3,3.2
eval_20260723_115807,Ministral-3-8B-Instruct-2512,jina,hyde,jina/hyde,268,BÜNDNIS 90/DIE GRÜNEN,5,0.8268,0.8214,0.82324,4.3129999999999424e-06,0.00539999999999996,2.2,2.4,0.19999999999999973
eval_20260723_115807,Ministral-3-8B-Instruct-2512,jina,hyde,jina/hyde,677,SPD,5,0.792,0.763,0.77952,0.00016106699999999998,0.029000000000000026,1.3,2.7,1.4000000000000001
eval_20260723_115807,Ministral-3-8B-Instruct-2512,jina,hyde,jina/hyde,442,DIE LINKE,5,0.8056,0.7989,0.80252,6.526999999999905e-06,0.006699999999999928,4.2,1.3,2.9000000000000004
eval_20260723_115807,Ministral-3-8B-Instruct-2512,jina,hyde,jina/hyde,497,DIE LINKE,5,0.8078,0.787,0.7970399999999999,8.605299999999956e-05,0.02079999999999993,6.5,1.3,5.2
eval_20260723_115807,Ministral-3-8B-Instruct-2512,jina,hyde,jina/hyde,113,BÜNDNIS 90/DIE GRÜNEN,5,0.8282,0.8231,0.8257200000000001,3.88699999999997e-06,0.005099999999999993,6.8,2.4,4.4
eval_20260723_115807,Ministral-3-8B-Instruct-2512,jina,hyde,jina/hyde,233,BÜNDNIS 90/DIE GRÜNEN,5,0.8458,0.8289,0.83802,6.242199999999997e-05,0.016900000000000026,1.2,2.4,1.2
eval_20260723_115807,Ministral-3-8B-Instruct-2512,jina,hyde,jina/hyde,715,SPD,5,0.7891,0.7788,0.78456,1.5677999999999903e-05,0.010299999999999976,4.2,2.7,1.5
eval_20260723_115807,Ministral-3-8B-Instruct-2512,jina,hyde,jina/hyde,608,SPD,5,0.7501,0.7306,0.73688,5.801699999999974e-05,0.019499999999999962,4.2,2.7,1.5
eval_20260723_115807,Ministral-3-8B-Instruct-2512,jina,hyde,jina/hyde,374,FDP,5,0.8339,0.8147,0.8219800000000002,5.6796999999999924e-05,0.019199999999999995,3.2,4.3,1.0999999999999996
eval_20260723_115807,Ministral-3-8B-Instruct-2512,jina,hyde,jina/hyde,234,BÜNDNIS 90/DIE GRÜNEN,5,0.831,0.8109,0.82276,7.191800000000013e-05,0.020100000000000007,2.1,2.4,0.2999999999999998
eval_20260723_115807,Ministral-3-8B-Instruct-2512,jina,hyde,jina/hyde,649,SPD,5,0.7779,0.767,0.7712399999999999,2.4343000000000136e-05,0.01090000000000002,3.2,2.7,0.5
eval_20260723_115807,Ministral-3-8B-Instruct-2512,jina,hyde,jina/hyde,318,BÜNDNIS 90/DIE GRÜNEN,5,0.8048,0.7893,0.7984,6.200499999999993e-05,0.015499999999999958,2.8,2.4,0.3999999999999999
eval_20260723_115807,Ministral-3-8B-Instruct-2512,jina,hyde,jina/hyde,411,FDP,5,0.8211,0.8017,0.80928,7.676200000000078e-05,0.019400000000000084,4.2,4.3,0.09999999999999964
eval_20260723_115807,Ministral-3-8B-Instruct-2512,jina,hyde,jina/hyde,737,SPD,5,0.7971,0.7694,0.77758,0.0001338820000000004,0.027700000000000058,4.2,2.7,1.5
eval_20260723_115807,Ministral-3-8B-Instruct-2512,jina,hyde,jina/hyde,359,FDP,5,0.8372,0.8205,0.8269200000000001,4.72770000000003e-05,0.016700000000000048,6.5,4.3,2.2
eval_20260723_115807,Ministral-3-8B-Instruct-2512,jina,hyde,jina/hyde,259,BÜNDNIS 90/DIE GRÜNEN,5,0.7499,0.7352,0.74056,3.1673000000000115e-05,0.014700000000000046,2.1,2.4,0.2999999999999998
eval_20260723_115807,Ministral-3-8B-Instruct-2512,jina,hyde,jina/hyde,628,SPD,5,0.8276,0.812,0.81708,4.183199999999978e-05,0.015599999999999947,2.8,2.7,0.09999999999999964
eval_20260723_115807,Ministral-3-8B-Instruct-2512,jina,hyde,jina/hyde,633,SPD,5,0.8554,0.8214,0.8342599999999999,0.0001760980000000004,0.03400000000000003,2.1,2.7,0.6000000000000001
eval_20260723_115807,Ministral-3-8B-Instruct-2512,jina,hyde,jina/hyde,283,BÜNDNIS 90/DIE GRÜNEN,5,0.8461,0.8317,0.83658,3.381199999999995e-05,0.014399999999999968,3.2,2.4,0.8000000000000003
eval_20260723_115807,Ministral-3-8B-Instruct-2512,jina,hyde,jina/hyde,780,SPD,5,0.8042,0.7639,0.7772,0.0002970150000000001,0.0403,4.2,2.7,1.5
eval_20260723_115807,Ministral-3-8B-Instruct-2512,jina,hyde,jina/hyde,673,SPD,5,0.8072,0.7943,0.79876,2.5948000000000132e-05,0.012900000000000023,6.8,2.7,4.1
eval_20260723_115807,Ministral-3-8B-Instruct-2512,jina,hyde,jina/hyde,473,DIE LINKE,5,0.8546,0.8511,0.8524999999999998,2.8950000000000337e-06,0.0035000000000000586,2.1,1.3,0.8
eval_20260723_115807,Ministral-3-8B-Instruct-2512,jina,hyde,jina/hyde,348,CSU,5,0.7712,0.7588,0.7633599999999999,2.4282999999999876e-05,0.012399999999999967,2.1,5.4,3.3000000000000003
eval_20260723_115807,Ministral-3-8B-Instruct-2512,jina,hyde,jina/hyde,506,DIE LINKE,5,0.8281,0.8124,0.8183400000000001,4.6257999999999746e-05,0.015699999999999936,3.2,1.3,1.9000000000000001
eval_20260723_115807,Ministral-3-8B-Instruct-2512,jina,hyde,jina/hyde,640,SPD,5,0.7831,0.7651,0.7740199999999999,5.2867000000000075e-05,0.018000000000000016,6.8,2.7,4.1
eval_20260723_115807,Ministral-3-8B-Instruct-2512,jina,hyde,jina/hyde,809,SPD,5,0.8241,0.7949,0.8050599999999999,0.00014300300000000016,0.029200000000000004,2.1,2.7,0.6000000000000001
eval_20260723_115807,Ministral-3-8B-Instruct-2512,jina,hyde,jina/hyde,761,SPD,5,0.8351,0.7966,0.81082,0.0002446969999999998,0.03849999999999998,7.0,2.7,4.3
eval_20260723_115807,Ministral-3-8B-Instruct-2512,jina,hyde,jina/hyde,742,SPD,5,0.8035,0.7913,0.7994399999999999,2.2452999999999986e-05,0.012199999999999989,2.1,2.7,0.6000000000000001
eval_20260723_115807,Ministral-3-8B-Instruct-2512,jina,hyde,jina/hyde,620,SPD,5,0.8185,0.8044,0.8093999999999999,2.8925e-05,0.014100000000000001,6.8,2.7,4.1
eval_20260723_115807,Ministral-3-8B-Instruct-2512,jina,hyde,jina/hyde,733,SPD,5,0.7838,0.7684,0.77342,3.704200000000025e-05,0.01540000000000008,6.5,2.7,3.8
eval_20260723_115807,Ministral-3-8B-Instruct-2512,jina,hyde,jina/hyde,646,SPD,5,0.7927,0.7815,0.78604,2.043799999999991e-05,0.011199999999999988,2.1,2.7,0.6000000000000001
eval_20260723_115807,Ministral-3-8B-Instruct-2512,jina,hyde,jina/hyde,695,SPD,5,0.7837,0.7594,0.76878,8.758699999999966e-05,0.02429999999999999,3.2,2.7,0.5
eval_20260723_115807,Ministral-3-8B-Instruct-2512,jina,hyde,jina/hyde,557,DIE LINKE,5,0.7962,0.7527,0.76414,0.0003301179999999999,0.04349999999999998,3.2,1.3,1.9000000000000001
eval_20260723_115807,Ministral-3-8B-Instruct-2512,jina,hyde,jina/hyde,578,DIE LINKE,5,0.8194,0.8051,0.8108599999999999,4.470299999999997e-05,0.01429999999999998,1.1,1.3,0.19999999999999996
eval_20260723_115807,Ministral-3-8B-Instruct-2512,jina,hyde,jina/hyde,86,BÜNDNIS 90/DIE GRÜNEN,5,0.8236,0.8068,0.81532,5.871200000000033e-05,0.016800000000000037,3.2,2.4,0.8000000000000003
eval_20260723_115807,Ministral-3-8B-Instruct-2512,jina,hyde,jina/hyde,243,BÜNDNIS 90/DIE GRÜNEN,5,0.8203,0.7968,0.80554,0.00011708800000000023,0.023500000000000076,1.2,2.4,1.2
eval_20260723_115807,Ministral-3-8B-Instruct-2512,jina,hyde,jina/hyde,160,AfD,5,0.8393,0.8233,0.83076,4.5898000000000264e-05,0.016000000000000014,7.0,6.5,0.5
eval_20260723_115807,Ministral-3-8B-Instruct-2512,jina,hyde,jina/hyde,525,DIE LINKE,5,0.81,0.7992,0.8035,2.3475000000000022e-05,0.010800000000000032,7.0,1.3,5.7
eval_20260723_115807,Ministral-3-8B-Instruct-2512,jina,hyde,jina/hyde,35,AfD,5,0.837,0.8314,0.8339399999999999,5.24799999999993e-06,0.005599999999999938,6.8,6.5,0.2999999999999998
eval_20260723_115807,Ministral-3-8B-Instruct-2512,jina,hyde,jina/hyde,541,DIE LINKE,5,0.8315,0.8217,0.8252599999999999,1.5213000000000076e-05,0.009800000000000031,1.2,1.3,0.10000000000000009
eval_20260723_115807,Ministral-3-8B-Instruct-2512,jina,hyde,jina/hyde,171,AfD,5,0.8515,0.8048,0.8200200000000001,0.0003739070000000009,0.046700000000000075,7.0,6.5,0.5
eval_20260723_115807,Ministral-3-8B-Instruct-2512,jina,hyde,jina/hyde,655,SPD,5,0.8198,0.7995,0.80702,6.755699999999998e-05,0.020299999999999985,3.2,2.7,0.5
eval_20260723_115807,Ministral-3-8B-Instruct-2512,jina,hyde,jina/hyde,704,SPD,5,0.8196,0.7924,0.8057399999999999,0.00010316799999999989,0.027200000000000002,5.8,2.7,3.0999999999999996
eval_20260723_115807,Ministral-3-8B-Instruct-2512,jina,hyde,jina/hyde,696,SPD,5,0.7412,0.7278,0.7346999999999999,2.760999999999984e-05,0.013399999999999967,6.8,2.7,4.1
eval_20260723_115807,Ministral-3-8B-Instruct-2512,jina,hyde,jina/hyde,773,SPD,5,0.8338,0.8269,0.8293799999999999,7.622000000000013e-06,0.006900000000000017,3.2,2.7,0.5
eval_20260723_115807,Ministral-3-8B-Instruct-2512,jina,hyde,jina/hyde,96,CDU/CSU,5,0.8413,0.8124,0.82014,0.00014378300000000035,0.028900000000000037,3.8,4.7,0.9000000000000004
eval_20260723_115807,Ministral-3-8B-Instruct-2512,jina,hyde,jina/hyde,564,DIE LINKE,5,0.8106,0.7922,0.7967400000000001,6.134799999999987e-05,0.018399999999999972,3.2,1.3,1.9000000000000001
eval_20260723_115807,Ministral-3-8B-Instruct-2512,jina,hyde,jina/hyde,241,BÜNDNIS 90/DIE GRÜNEN,5,0.8532,0.8097,0.8253,0.00033083000000000006,0.04349999999999998,2.1,2.4,0.2999999999999998
eval_20260723_115807,Ministral-3-8B-Instruct-2512,jina,hyde,jina/hyde,575,DIE LINKE,5,0.8122,0.8021,0.8066000000000001,1.5825000000000005e-05,0.010099999999999998,1.2,1.3,0.10000000000000009
eval_20260723_115807,Ministral-3-8B-Instruct-2512,jina,hyde,jina/hyde,461,DIE LINKE,5,0.828,0.8093,0.81644,8.218299999999955e-05,0.01869999999999994,1.2,1.3,0.10000000000000009
eval_20260723_115807,Ministral-3-8B-Instruct-2512,jina,hyde,jina/hyde,554,DIE LINKE,5,0.8449,0.8416,0.84336,2.032999999999961e-06,0.0032999999999999696,2.1,1.3,0.8
eval_20260723_115807,Ministral-3-8B-Instruct-2512,jina,hyde,jina/hyde,721,SPD,5,0.7849,0.745,0.76076,0.00025779300000000074,0.03990000000000005,2.1,2.7,0.6000000000000001
eval_20260723_115807,Ministral-3-8B-Instruct-2512,jina,hyde,jina/hyde,207,AfD,5,0.8451,0.821,0.8285399999999999,9.353299999999978e-05,0.02410000000000001,7.0,6.5,0.5
eval_20260723_115807,Ministral-3-8B-Instruct-2512,jina,hyde,jina/hyde,393,FDP,5,0.8226,0.7909,0.80512,0.00018443199999999954,0.03169999999999995,3.2,4.3,1.0999999999999996
eval_20260723_115807,Ministral-3-8B-Instruct-2512,jina,hyde,jina/hyde,398,FDP,5,0.8146,0.7607,0.77908,0.0004329669999999996,0.05389999999999995,4.5,4.3,0.20000000000000018
eval_20260723_115807,Ministral-3-8B-Instruct-2512,jina,hyde,jina/hyde,697,SPD,5,0.7719,0.7554,0.7645199999999999,5.260700000000004e-05,0.01650000000000007,4.5,2.7,1.7999999999999998
eval_20260723_115807,Ministral-3-8B-Instruct-2512,jina,hyde,jina/hyde,218,BÜNDNIS 90/DIE GRÜNEN,5,0.8365,0.825,0.83056,2.267300000000018e-05,0.011500000000000066,2.8,2.4,0.3999999999999999
eval_20260723_115807,Ministral-3-8B-Instruct-2512,jina,hyde,jina/hyde,4,CDU/CSU,5,0.8433,0.8081,0.83016,0.00019564299999999974,0.03520000000000001,5.8,4.7,1.0999999999999996
eval_20260723_115807,Ministral-3-8B-Instruct-2512,jina,hyde,jina/hyde,643,SPD,5,0.8231,0.8045,0.8130199999999999,7.891700000000067e-05,0.01860000000000006,4.2,2.7,1.5
eval_20260723_115807,Ministral-3-8B-Instruct-2512,jina,hyde,jina/hyde,736,SPD,5,0.8147,0.7792,0.7931600000000001,0.00021310799999999964,0.035499999999999976,3.2,2.7,0.5
eval_20260723_115807,Ministral-3-8B-Instruct-2512,jina,hyde,jina/hyde,613,SPD,5,0.7561,0.7307,0.74082,9.56769999999997e-05,0.025399999999999978,6.8,2.7,4.1
eval_20260723_115807,Ministral-3-8B-Instruct-2512,jina,hyde,jina/hyde,547,DIE LINKE,5,0.8387,0.7979,0.8098599999999999,0.00026898299999999977,0.04079999999999995,1.2,1.3,0.10000000000000009
eval_20260723_115807,Ministral-3-8B-Instruct-2512,jina,hyde,jina/hyde,684,SPD,5,0.8085,0.7908,0.7983,4.6760000000000176e-05,0.01770000000000005,4.2,2.7,1.5
eval_20260723_115807,Ministral-3-8B-Instruct-2512,jina,hyde,jina/hyde,99,BÜNDNIS 90/DIE GRÜNEN,5,0.837,0.8117,0.81836,0.00011239299999999991,0.02529999999999999,2.3,2.4,0.10000000000000009
eval_20260723_115807,Ministral-3-8B-Instruct-2512,jina,hyde,jina/hyde,574,DIE LINKE,5,0.8205,0.8065,0.81382,3.687200000000004e-05,0.014000000000000012,1.2,1.3,0.10000000000000009
eval_20260723_115807,Ministral-3-8B-Instruct-2512,jina,hyde,jina/hyde,407,FDP,5,0.8392,0.828,0.8326800000000001,1.940699999999983e-05,0.011199999999999988,6.5,4.3,2.2
eval_20260723_115807,Ministral-3-8B-Instruct-2512,jina,hyde,jina/hyde,503,DIE LINKE,5,0.8061,0.7936,0.79994,2.713300000000028e-05,0.012500000000000067,6.8,1.3,5.5
eval_20260723_115807,Ministral-3-8B-Instruct-2512,jina,hyde,jina/hyde,48,CDU/CSU,5,0.861,0.8553,0.8579399999999999,7.5330000000000565e-06,0.005700000000000038,5.8,4.7,1.0999999999999996
eval_20260723_115807,Ministral-3-8B-Instruct-2512,jina,hyde,jina/hyde,32,AfD,5,0.8373,0.814,0.82162,8.418700000000035e-05,0.0233000000000001,7.0,6.5,0.5
eval_20260723_115807,Ministral-3-8B-Instruct-2512,jina,hyde,jina/hyde,201,AfD,5,0.8334,0.8221,0.8294,2.102499999999997e-05,0.011299999999999977,7.0,6.5,0.5
eval_20260723_115807,Ministral-3-8B-Instruct-2512,jina,hyde,jina/hyde,135,AfD,5,0.8368,0.8193,0.82752,5.659699999999974e-05,0.01749999999999996,7.0,6.5,0.5
eval_20260723_115807,Ministral-3-8B-Instruct-2512,jina,hyde,jina/hyde,27,AfD,5,0.8385,0.8249,0.8321799999999999,3.912700000000014e-05,0.013600000000000056,6.8,6.5,0.2999999999999998
eval_20260723_115807,Ministral-3-8B-Instruct-2512,jina,hyde,jina/hyde,723,SPD,5,0.7647,0.7445,0.75008,6.831700000000026e-05,0.020199999999999996,1.3,2.7,1.4000000000000001
eval_20260723_115807,Ministral-3-8B-Instruct-2512,jina,hyde,jina/hyde,231,BÜNDNIS 90/DIE GRÜNEN,5,0.851,0.8215,0.8376800000000001,0.00022081699999999992,0.02949999999999997,2.8,2.4,0.3999999999999999
eval_20260723_115807,Ministral-3-8B-Instruct-2512,jina,hyde,jina/hyde,490,DIE LINKE,5,0.7966,0.7856,0.7900400000000001,2.1613000000000103e-05,0.01100000000000001,1.2,1.3,0.10000000000000009
eval_20260723_115807,Ministral-3-8B-Instruct-2512,jina,hyde,jina/hyde,379,FDP,5,0.8223,0.7976,0.8077799999999999,0.00011078700000000073,0.024700000000000055,4.2,4.3,0.09999999999999964
eval_20260723_115807,Ministral-3-8B-Instruct-2512,jina,hyde,jina/hyde,289,BÜNDNIS 90/DIE GRÜNEN,5,0.7957,0.7812,0.78498,3.756699999999982e-05,0.014499999999999957,3.8,2.4,1.4
eval_20260723_115807,Ministral-3-8B-Instruct-2512,jina,hyde,jina/hyde,419,DIE LINKE,5,0.8068,0.8019,0.8039999999999999,3.885000000000038e-06,0.0049000000000000155,2.1,1.3,0.8
eval_20260723_115807,Ministral-3-8B-Instruct-2512,jina,hyde,jina/hyde,675,SPD,5,0.8218,0.7863,0.7991400000000001,0.00018179299999999962,0.035499999999999976,7.0,2.7,4.3
eval_20260723_115807,Ministral-3-8B-Instruct-2512,jina,hyde,jina/hyde,392,FDP,5,0.8262,0.8202,0.8217599999999999,6.368000000000046e-06,0.006000000000000005,4.5,4.3,0.20000000000000018
eval_20260723_115807,Ministral-3-8B-Instruct-2512,jina,hyde,jina/hyde,593,DIE LINKE,5,0.8135,0.7946,0.7992199999999999,6.532700000000022e-05,0.018900000000000028,1.1,1.3,0.19999999999999996
eval_20260723_115807,Ministral-3-8B-Instruct-2512,jina,hyde,jina/hyde,499,DIE LINKE,5,0.8188,0.8027,0.8078,4.22399999999999e-05,0.016100000000000003,1.1,1.3,0.19999999999999996
eval_20260723_115807,Ministral-3-8B-Instruct-2512,jina,hyde,jina/hyde,139,AfD,5,0.8217,0.807,0.8106800000000002,3.9841999999999725e-05,0.014699999999999935,7.0,6.5,0.5
eval_20260723_115807,Ministral-3-8B-Instruct-2512,jina,hyde,jina/hyde,63,BÜNDNIS 90/DIE GRÜNEN,5,0.7963,0.7853,0.7920800000000001,2.562199999999994e-05,0.01100000000000001,4.2,2.4,1.8000000000000003
eval_20260723_115807,Ministral-3-8B-Instruct-2512,jina,hyde,jina/hyde,472,DIE LINKE,5,0.7872,0.7574,0.77022,0.00017015200000000062,0.02980000000000005,1.2,1.3,0.10000000000000009
eval_20260723_115807,Ministral-3-8B-Instruct-2512,jina,hyde,jina/hyde,648,SPD,5,0.803,0.7754,0.78886,9.717800000000039e-05,0.02760000000000007,4.2,2.7,1.5
eval_20260723_115807,Ministral-3-8B-Instruct-2512,jina,hyde,jina/hyde,129,AfD,5,0.8102,0.7986,0.80358,1.9422000000000167e-05,0.011600000000000055,1.2,6.5,5.3
eval_20260723_115807,Ministral-3-8B-Instruct-2512,jina,hyde,jina/hyde,799,SPD,5,0.7854,0.7668,0.772,6.06249999999997e-05,0.01859999999999995,6.5,2.7,3.8
eval_20260723_115807,Ministral-3-8B-Instruct-2512,jina,hyde,jina/hyde,521,DIE LINKE,5,0.7733,0.7586,0.7632800000000001,3.44569999999997e-05,0.014699999999999935,1.2,1.3,0.10000000000000009
eval_20260723_115807,Ministral-3-8B-Instruct-2512,jina,hyde,jina/hyde,65,BÜNDNIS 90/DIE GRÜNEN,5,0.847,0.8251,0.83062,8.572699999999997e-05,0.02190000000000003,4.5,2.4,2.1
eval_20260723_115807,Ministral-3-8B-Instruct-2512,jina,hyde,jina/hyde,14,BÜNDNIS 90/DIE GRÜNEN,5,0.8052,0.7778,0.7849,0.00013075000000000028,0.02739999999999998,4.2,2.4,1.8000000000000003
eval_20260723_115807,Ministral-3-8B-Instruct-2512,jina,hyde,jina/hyde,157,AfD,5,0.7932,0.7623,0.7742799999999999,0.00014683700000000022,0.03090000000000004,6.9,6.5,0.40000000000000036
eval_20260723_115807,Ministral-3-8B-Instruct-2512,jina,hyde,jina/hyde,40,AfD,5,0.8692,0.8663,0.868,1.2250000000000133e-06,0.0029000000000000137,2.1,6.5,4.4
eval_20260723_115807,Ministral-3-8B-Instruct-2512,jina,hyde,jina/hyde,493,DIE LINKE,5,0.8521,0.8006,0.83284,0.0005161530000000005,0.05149999999999999,1.2,1.3,0.10000000000000009
eval_20260723_115807,Ministral-3-8B-Instruct-2512,jina,hyde,jina/hyde,380,FDP,5,0.7969,0.7434,0.7661399999999999,0.0007030830000000025,0.0535000000000001,6.5,4.3,2.2
eval_20260723_115807,Ministral-3-8B-Instruct-2512,jina,hyde,jina/hyde,188,AfD,5,0.8329,0.8234,0.82736,1.4932999999999884e-05,0.009499999999999953,7.0,6.5,0.5
eval_20260723_115807,Ministral-3-8B-Instruct-2512,jina,hyde,jina/hyde,217,BÜNDNIS 90/DIE GRÜNEN,5,0.7657,0.7633,0.7646200000000001,7.920000000000498e-07,0.0024000000000000687,5.8,2.4,3.4
eval_20260723_115807,Ministral-3-8B-Instruct-2512,jina,hyde,jina/hyde,53,BÜNDNIS 90/DIE GRÜNEN,5,0.8325,0.8236,0.82738,1.3386999999999936e-05,0.008900000000000019,7.0,2.4,4.6
eval_20260723_115807,Ministral-3-8B-Instruct-2512,jina,hyde,jina/hyde,338,CDU,5,0.8152,0.7998,0.8059000000000001,4.108500000000007e-05,0.01540000000000008,7.0,4.7,2.3
eval_20260723_115807,Ministral-3-8B-Instruct-2512,jina,hyde,jina/hyde,720,SPD,5,0.8293,0.813,0.81996,4.296300000000033e-05,0.016300000000000092,6.5,2.7,3.8
eval_20260723_115807,Ministral-3-8B-Instruct-2512,jina,hyde,jina/hyde,725,SPD,5,0.8027,0.7819,0.7901200000000002,0.00010358699999999945,0.02079999999999993,4.2,2.7,1.5
eval_20260723_115807,Ministral-3-8B-Instruct-2512,jina,hyde,jina/hyde,296,BÜNDNIS 90/DIE GRÜNEN,5,0.8237,0.8035,0.8153600000000001,5.415800000000007e-05,0.020199999999999996,4.2,2.4,1.8000000000000003
eval_20260723_115807,Ministral-3-8B-Instruct-2512,jina,hyde,jina/hyde,702,SPD,5,0.7899,0.7784,0.78274,1.9708000000000252e-05,0.011500000000000066,4.5,2.7,1.7999999999999998
eval_20260723_115807,Ministral-3-8B-Instruct-2512,jina,hyde,jina/hyde,252,BÜNDNIS 90/DIE GRÜNEN,5,0.8235,0.8008,0.81082,6.793200000000031e-05,0.022700000000000053,2.8,2.4,0.3999999999999999
eval_20260723_115807,Ministral-3-8B-Instruct-2512,jina,hyde,jina/hyde,727,SPD,5,0.77,0.7658,0.7683,3.0249999999999774e-06,0.0041999999999999815,4.5,2.7,1.7999999999999998
eval_20260723_115807,Ministral-3-8B-Instruct-2512,jina,hyde,jina/hyde,462,DIE LINKE,5,0.843,0.8198,0.8279400000000001,8.942799999999985e-05,0.0232,6.8,1.3,5.5
eval_20260723_115807,Ministral-3-8B-Instruct-2512,jina,hyde,jina/hyde,456,DIE LINKE,5,0.8041,0.7966,0.7994199999999999,7.812000000000138e-06,0.007500000000000062,6.8,1.3,5.5
eval_20260723_115807,Ministral-3-8B-Instruct-2512,jina,hyde,jina/hyde,270,BÜNDNIS 90/DIE GRÜNEN,5,0.8263,0.8225,0.82416,2.438000000000027e-06,0.0038000000000000256,3.2,2.4,0.8000000000000003
eval_20260723_115807,Ministral-3-8B-Instruct-2512,jina,hyde,jina/hyde,202,AfD,5,0.7225,0.7039,0.71064,5.728800000000012e-05,0.01860000000000006,1.2,6.5,5.3
eval_20260723_115807,Ministral-3-8B-Instruct-2512,jina,hyde,jina/hyde,556,DIE LINKE,5,0.7963,0.788,0.79154,1.0462999999999925e-05,0.008299999999999974,1.2,1.3,0.10000000000000009
eval_20260723_115807,Ministral-3-8B-Instruct-2512,jina,hyde,jina/hyde,730,SPD,5,0.7901,0.7866,0.7884800000000001,1.5920000000000612e-06,0.0035000000000000586,4.2,2.7,1.5
eval_20260723_115807,Ministral-3-8B-Instruct-2512,jina,hyde,jina/hyde,402,FDP,5,0.8437,0.8342,0.8370599999999999,1.54029999999999e-05,0.009499999999999953,3.2,4.3,1.0999999999999996
eval_20260723_115807,Ministral-3-8B-Instruct-2512,jina,hyde,jina/hyde,703,SPD,5,0.8168,0.7964,0.8064199999999999,7.851199999999963e-05,0.020399999999999974,4.5,2.7,1.7999999999999998
eval_20260723_115807,Ministral-3-8B-Instruct-2512,jina,hyde,jina/hyde,477,DIE LINKE,5,0.799,0.7925,0.7967000000000001,7.865000000000166e-06,0.006500000000000061,3.2,1.3,1.9000000000000001
eval_20260723_115807,Ministral-3-8B-Instruct-2512,jina,hyde,jina/hyde,106,BÜNDNIS 90/DIE GRÜNEN,5,0.8138,0.809,0.8116399999999999,3.7079999999998805e-06,0.0047999999999999154,4.2,2.4,1.8000000000000003
eval_20260723_115807,Ministral-3-8B-Instruct-2512,jina,hyde,jina/hyde,566,DIE LINKE,5,0.8469,0.8175,0.8264800000000001,0.00016592199999999993,0.02939999999999998,1.2,1.3,0.10000000000000009
eval_20260723_115807,Ministral-3-8B-Instruct-2512,jina,hyde,jina/hyde,390,FDP,5,0.8062,0.7886,0.7934999999999999,5.341000000000037e-05,0.01760000000000006,3.2,4.3,1.0999999999999996
eval_20260723_115807,Ministral-3-8B-Instruct-2512,jina,hyde,jina/hyde,1,CDU/CSU,5,0.8046,0.7974,0.8011799999999999,8.5919999999999e-06,0.007199999999999984,4.2,4.7,0.5
eval_20260723_115807,Ministral-3-8B-Instruct-2512,jina,hyde,jina/hyde,768,SPD,5,0.839,0.8002,0.8112200000000002,0.00027373199999999935,0.038799999999999946,,2.7,
eval_20260723_115807,Ministral-3-8B-Instruct-2512,jina,hyde,jina/hyde,562,DIE LINKE,5,0.8256,0.813,0.8203799999999999,2.9237000000000157e-05,0.012600000000000056,2.1,1.3,0.8
eval_20260723_115807,Ministral-3-8B-Instruct-2512,jina,hyde,jina/hyde,81,BÜNDNIS 90/DIE GRÜNEN,5,0.8047,0.7825,0.7898399999999999,7.603799999999983e-05,0.022199999999999998,4.5,2.4,2.1
eval_20260723_115807,Ministral-3-8B-Instruct-2512,jina,hyde,jina/hyde,206,AfD,5,0.8194,0.8165,0.81752,1.357000000000012e-06,0.0029000000000000137,7.0,6.5,0.5
eval_20260723_115807,Ministral-3-8B-Instruct-2512,jina,hyde,jina/hyde,34,AfD,5,0.8022,0.7806,0.7879400000000001,7.577800000000018e-05,0.021600000000000064,7.0,6.5,0.5
eval_20260723_115807,Ministral-3-8B-Instruct-2512,jina,hyde,jina/hyde,509,DIE LINKE,5,0.8244,0.803,0.81118,7.160199999999985e-05,0.021399999999999975,5.8,1.3,4.5
eval_20260723_115807,Ministral-3-8B-Instruct-2512,jina,hyde,jina/hyde,428,DIE LINKE,5,0.818,0.808,0.8118399999999999,1.5247999999999679e-05,0.009999999999999898,1.3,1.3,0.0
eval_20260723_115807,Ministral-3-8B-Instruct-2512,jina,hyde,jina/hyde,455,DIE LINKE,5,0.8027,0.7942,0.7982,1.3804999999999897e-05,0.008499999999999952,3.2,1.3,1.9000000000000001
eval_20260723_115807,Ministral-3-8B-Instruct-2512,jina,hyde,jina/hyde,367,FDP,5,0.7317,0.7166,0.72116,3.690300000000005e-05,0.015100000000000002,3.2,4.3,1.0999999999999996
eval_20260723_115807,Ministral-3-8B-Instruct-2512,jina,hyde,jina/hyde,92,AfD,5,0.8434,0.8301,0.83728,3.0232000000000157e-05,0.01330000000000009,6.8,6.5,0.2999999999999998
eval_20260723_115807,Ministral-3-8B-Instruct-2512,jina,hyde,jina/hyde,340,CDU,5,0.8532,0.8407,0.8467,1.9909999999999865e-05,0.012499999999999956,4.2,4.7,0.5
eval_20260723_115807,Ministral-3-8B-Instruct-2512,jina,hyde,jina/hyde,565,DIE LINKE,5,0.8176,0.8021,0.80758,3.5456999999999806e-05,0.015499999999999958,1.2,1.3,0.10000000000000009
eval_20260723_115807,Ministral-3-8B-Instruct-2512,jina,hyde,jina/hyde,346,CSU,5,0.8218,0.7926,0.80134,0.00015660300000000009,0.029200000000000004,3.2,5.4,2.2
eval_20260723_115807,Ministral-3-8B-Instruct-2512,jina,hyde,jina/hyde,242,BÜNDNIS 90/DIE GRÜNEN,5,0.784,0.7574,0.76692,0.00010380700000000057,0.026600000000000068,4.5,2.4,2.1
eval_20260723_115807,Ministral-3-8B-Instruct-2512,jina,hyde,jina/hyde,13,BÜNDNIS 90/DIE GRÜNEN,5,0.7895,0.776,0.7817999999999999,2.382499999999986e-05,0.013499999999999956,2.8,2.4,0.3999999999999999
eval_20260723_115807,Ministral-3-8B-Instruct-2512,jina,hyde,jina/hyde,316,BÜNDNIS 90/DIE GRÜNEN,5,0.8053,0.7975,0.80156,1.3272999999999956e-05,0.007800000000000029,3.5,2.4,1.1
eval_20260723_115807,Ministral-3-8B-Instruct-2512,jina,hyde,jina/hyde,388,FDP,5,0.8217,0.8133,0.8177200000000001,1.1691999999999843e-05,0.008399999999999963,7.0,4.3,2.7
eval_20260723_115807,Ministral-3-8B-Instruct-2512,jina,hyde,jina/hyde,274,BÜNDNIS 90/DIE GRÜNEN,5,0.8077,0.7916,0.8004999999999999,4.1609999999999976e-05,0.016100000000000003,2.1,2.4,0.2999999999999998
eval_20260723_115807,Ministral-3-8B-Instruct-2512,jina,hyde,jina/hyde,167,AfD,5,0.7895,0.7814,0.78466,9.922999999999988e-06,0.008099999999999996,7.0,6.5,0.5
eval_20260723_115807,Ministral-3-8B-Instruct-2512,jina,hyde,jina/hyde,814,SPD,5,0.7557,0.75,0.75268,5.547000000000015e-06,0.005700000000000038,6.8,2.7,4.1
eval_20260723_115807,Ministral-3-8B-Instruct-2512,jina,hyde,jina/hyde,647,SPD,5,0.8043,0.7837,0.79128,7.59620000000002e-05,0.020600000000000063,6.5,2.7,3.8
eval_20260723_115807,Ministral-3-8B-Instruct-2512,jina,hyde,jina/hyde,485,DIE LINKE,5,0.7687,0.7617,0.76502,7.716999999999977e-06,0.007000000000000006,6.2,1.3,4.9
eval_20260723_115807,Ministral-3-8B-Instruct-2512,jina,hyde,jina/hyde,803,SPD,5,0.8264,0.8047,0.81434,7.049300000000032e-05,0.021700000000000053,4.2,2.7,1.5
eval_20260723_115807,Ministral-3-8B-Instruct-2512,jina,hyde,jina/hyde,505,DIE LINKE,5,0.8267,0.8186,0.82254,1.0123000000000001e-05,0.008099999999999996,6.8,1.3,5.5
eval_20260723_115807,Ministral-3-8B-Instruct-2512,jina,hyde,jina/hyde,244,BÜNDNIS 90/DIE GRÜNEN,5,0.8853,0.8749,0.8779199999999999,2.0286999999999913e-05,0.010399999999999965,1.2,2.4,1.2
eval_20260723_115807,Ministral-3-8B-Instruct-2512,jina,hyde,jina/hyde,567,DIE LINKE,5,0.8362,0.8218,0.82904,3.39280000000003e-05,0.01440000000000008,1.3,1.3,0.0
eval_20260723_115807,Ministral-3-8B-Instruct-2512,jina,hyde,jina/hyde,563,DIE LINKE,5,0.7575,0.7435,0.7498400000000001,2.5957999999999608e-05,0.013999999999999901,1.1,1.3,0.19999999999999996
eval_20260723_115807,Ministral-3-8B-Instruct-2512,jina,hyde,jina/hyde,687,SPD,5,0.8347,0.8245,0.8285199999999999,1.6321999999999953e-05,0.010199999999999987,4.5,2.7,1.7999999999999998
eval_20260723_115807,Ministral-3-8B-Instruct-2512,jina,hyde,jina/hyde,190,AfD,5,0.7965,0.789,0.79168,9.29699999999989e-06,0.007499999999999951,7.0,6.5,0.5
eval_20260723_115807,Ministral-3-8B-Instruct-2512,jina,hyde,jina/hyde,700,SPD,5,0.8021,0.7743,0.7855599999999999,0.00010601800000000038,0.027800000000000047,5.8,2.7,3.0999999999999996
eval_20260723_115807,Ministral-3-8B-Instruct-2512,jina,hyde,jina/hyde,476,DIE LINKE,5,0.7642,0.7525,0.75636,2.5763000000000143e-05,0.011700000000000044,7.0,1.3,5.7
eval_20260723_115807,Ministral-3-8B-Instruct-2512,jina,hyde,jina/hyde,682,SPD,5,0.8196,0.7881,0.79842,0.00017910200000000013,0.03149999999999997,4.5,2.7,1.7999999999999998
eval_20260723_115807,Ministral-3-8B-Instruct-2512,jina,hyde,jina/hyde,511,DIE LINKE,5,0.8315,0.8156,0.8237399999999999,4.719300000000008e-05,0.015900000000000025,2.1,1.3,0.8
eval_20260723_115807,Ministral-3-8B-Instruct-2512,jina,hyde,jina/hyde,59,BÜNDNIS 90/DIE GRÜNEN,5,0.8685,0.8474,0.8537000000000001,7.487500000000018e-05,0.021100000000000008,3.8,2.4,1.4
eval_20260723_115807,Ministral-3-8B-Instruct-2512,jina,hyde,jina/hyde,475,DIE LINKE,5,0.7954,0.7728,0.78566,0.00011970799999999938,0.022599999999999953,4.5,1.3,3.2
eval_20260723_115807,Ministral-3-8B-Instruct-2512,jina,hyde,jina/hyde,561,DIE LINKE,5,0.8215,0.7982,0.8058399999999999,9.102299999999985e-05,0.023299999999999987,1.2,1.3,0.10000000000000009
eval_20260723_115807,Ministral-3-8B-Instruct-2512,jina,hyde,jina/hyde,748,SPD,5,0.7952,0.7758,0.7821400000000001,5.720800000000002e-05,0.019399999999999973,2.1,2.7,0.6000000000000001
eval_20260723_115807,Ministral-3-8B-Instruct-2512,jina,hyde,jina/hyde,253,BÜNDNIS 90/DIE GRÜNEN,5,0.8089,0.8033,0.80648,5.4019999999998985e-06,0.005599999999999938,2.1,2.4,0.2999999999999998
eval_20260723_115807,Ministral-3-8B-Instruct-2512,jina,hyde,jina/hyde,21,BÜNDNIS 90/DIE GRÜNEN,5,0.7986,0.7777,0.78476,7.453300000000015e-05,0.02090000000000003,7.0,2.4,4.6
eval_20260723_115807,Ministral-3-8B-Instruct-2512,jina,hyde,jina/hyde,314,BÜNDNIS 90/DIE GRÜNEN,5,0.8183,0.7969,0.80238,8.043700000000019e-05,0.021399999999999975,3.2,2.4,0.8000000000000003
eval_20260723_115807,Ministral-3-8B-Instruct-2512,jina,hyde,jina/hyde,460,DIE LINKE,5,0.8451,0.8125,0.82642,0.00017981199999999946,0.03259999999999996,1.2,1.3,0.10000000000000009
eval_20260723_115807,Ministral-3-8B-Instruct-2512,jina,hyde,jina/hyde,161,AfD,5,0.8566,0.8393,0.84618,4.539700000000007e-05,0.017299999999999982,7.0,6.5,0.5
eval_20260723_115807,Ministral-3-8B-Instruct-2512,jina,hyde,jina/hyde,277,BÜNDNIS 90/DIE GRÜNEN,5,0.7913,0.7774,0.78168,3.131199999999999e-05,0.013900000000000023,4.5,2.4,2.1
eval_20260723_115807,Ministral-3-8B-Instruct-2512,jina,hyde,jina/hyde,192,AfD,5,0.84,0.8268,0.83384,3.319300000000009e-05,0.01319999999999999,7.0,6.5,0.5
eval_20260723_115807,Ministral-3-8B-Instruct-2512,jina,hyde,jina/hyde,386,FDP,5,0.7873,0.7588,0.7696799999999999,0.00011280199999999998,0.02849999999999997,5.8,4.3,1.5
eval_20260723_115807,Ministral-3-8B-Instruct-2512,jina,hyde,jina/hyde,414,FDP,5,0.8205,0.8104,0.8143,1.814000000000003e-05,0.010099999999999998,3.8,4.3,0.5
eval_20260723_115807,Ministral-3-8B-Instruct-2512,jina,hyde,jina/hyde,492,DIE LINKE,5,0.842,0.8196,0.82636,8.49679999999998e-05,0.022399999999999975,2.1,1.3,0.8
eval_20260723_115807,Ministral-3-8B-Instruct-2512,jina,hyde,jina/hyde,344,CSU,5,0.8419,0.8253,0.83088,4.592199999999982e-05,0.016599999999999948,6.5,5.4,1.0999999999999996
eval_20260723_115807,Ministral-3-8B-Instruct-2512,jina,hyde,jina/hyde,770,SPD,5,0.8182,0.7933,0.80006,0.00010658300000000021,0.024900000000000033,4.5,2.7,1.7999999999999998
eval_20260723_115807,Ministral-3-8B-Instruct-2512,jina,hyde,jina/hyde,309,BÜNDNIS 90/DIE GRÜNEN,5,0.8034,0.7734,0.78316,0.00014719300000000016,0.030000000000000027,3.5,2.4,1.1
eval_20260723_115807,Ministral-3-8B-Instruct-2512,jina,hyde,jina/hyde,662,SPD,5,0.7664,0.7611,0.76362,4.796999999999951e-06,0.005299999999999971,1.2,2.7,1.5000000000000002
eval_20260723_115807,Ministral-3-8B-Instruct-2512,jina,hyde,jina/hyde,131,AfD,5,0.8158,0.7728,0.78744,0.000306367999999999,0.04299999999999993,7.0,6.5,0.5
eval_20260723_115807,Ministral-3-8B-Instruct-2512,jina,hyde,jina/hyde,664,SPD,5,0.8272,0.8054,0.8176399999999999,8.795300000000008e-05,0.02180000000000004,1.2,2.7,1.5000000000000002
eval_20260723_115807,Ministral-3-8B-Instruct-2512,jina,hyde,jina/hyde,373,FDP,5,0.8006,0.7974,0.7993,1.4499999999999637e-06,0.0031999999999999806,5.8,4.3,1.5
eval_20260723_115807,Ministral-3-8B-Instruct-2512,jina,hyde,jina/hyde,88,BÜNDNIS 90/DIE GRÜNEN,5,0.8108,0.8003,0.80528,1.621699999999985e-05,0.010499999999999954,3.5,2.4,1.1
eval_20260723_115807,Ministral-3-8B-Instruct-2512,jina,hyde,jina/hyde,459,DIE LINKE,5,0.7865,0.7772,0.7806000000000001,1.6484999999999948e-05,0.009299999999999975,6.5,1.3,5.2
eval_20260723_115807,Ministral-3-8B-Instruct-2512,jina,hyde,jina/hyde,331,CDU,5,0.8258,0.8045,0.8137000000000001,6.680999999999992e-05,0.021299999999999986,6.5,4.7,1.7999999999999998
eval_20260723_115807,Ministral-3-8B-Instruct-2512,jina,hyde,jina/hyde,467,DIE LINKE,5,0.8309,0.8078,0.81512,8.919200000000012e-05,0.02310000000000001,1.1,1.3,0.19999999999999996
eval_20260723_115807,Ministral-3-8B-Instruct-2512,jina,hyde,jina/hyde,122,AfD,5,0.8189,0.803,0.8115,3.27849999999997e-05,0.015899999999999914,7.0,6.5,0.5
eval_20260723_115807,Ministral-3-8B-Instruct-2512,jina,hyde,jina/hyde,615,SPD,5,0.7926,0.7766,0.7830999999999999,4.2829999999999954e-05,0.016000000000000014,4.2,2.7,1.5
eval_20260723_115807,Ministral-3-8B-Instruct-2512,jina,hyde,jina/hyde,20,BÜNDNIS 90/DIE GRÜNEN,5,0.8276,0.8181,0.8234400000000001,1.1677999999999908e-05,0.009499999999999953,3.2,2.4,0.8000000000000003
eval_20260723_115807,Ministral-3-8B-Instruct-2512,jina,hyde,jina/hyde,701,SPD,5,0.8418,0.8241,0.8288999999999997,5.358499999999993e-05,0.017699999999999938,3.2,2.7,0.5
eval_20260723_115807,Ministral-3-8B-Instruct-2512,jina,hyde,jina/hyde,107,CDU/CSU,5,0.8359,0.8093,0.8206,9.790499999999973e-05,0.026599999999999957,4.2,4.7,0.5
eval_20260723_115807,Ministral-3-8B-Instruct-2512,jina,hyde,jina/hyde,271,BÜNDNIS 90/DIE GRÜNEN,5,0.8325,0.8193,0.8245199999999999,2.8832000000000116e-05,0.01319999999999999,2.1,2.4,0.2999999999999998
eval_20260723_115807,Ministral-3-8B-Instruct-2512,jina,hyde,jina/hyde,436,DIE LINKE,5,0.7427,0.7066,0.7139599999999999,0.0002581830000000002,0.03610000000000002,3.2,1.3,1.9000000000000001
eval_20260723_115807,Ministral-3-8B-Instruct-2512,jina,hyde,jina/hyde,103,BÜNDNIS 90/DIE GRÜNEN,5,0.8433,0.834,0.8375600000000001,1.2173000000000237e-05,0.009300000000000086,6.8,2.4,4.4
eval_20260723_115807,Ministral-3-8B-Instruct-2512,jina,simple,jina/simple,334,CDU,5,0.7916,0.7757,0.78266,4.643300000000022e-05,0.015900000000000025,6.8,4.7,2.0999999999999996
eval_20260723_115807,Ministral-3-8B-Instruct-2512,jina,simple,jina/simple,68,BÜNDNIS 90/DIE GRÜNEN,5,0.7333,0.6942,0.7058,0.0002600299999999992,0.03909999999999991,4.2,2.4,1.8000000000000003
eval_20260723_115807,Ministral-3-8B-Instruct-2512,jina,simple,jina/simple,683,SPD,5,0.7033,0.679,0.6864600000000001,9.54130000000001e-05,0.02429999999999999,5.8,2.7,3.0999999999999996
eval_20260723_115807,Ministral-3-8B-Instruct-2512,jina,simple,jina/simple,399,FDP,5,0.7566,0.7397,0.74592,4.403200000000023e-05,0.016900000000000026,6.8,4.3,2.5
eval_20260723_115807,Ministral-3-8B-Instruct-2512,jina,simple,jina/simple,216,BÜNDNIS 90/DIE GRÜNEN,5,0.7857,0.7537,0.7667999999999999,0.00013620999999999935,0.03199999999999992,1.2,2.4,1.2
eval_20260723_115807,Ministral-3-8B-Instruct-2512,jina,simple,jina/simple,807,SPD,5,0.7188,0.6996,0.7102,9.306500000000007e-05,0.019199999999999995,4.5,2.7,1.7999999999999998
eval_20260723_115807,Ministral-3-8B-Instruct-2512,jina,simple,jina/simple,87,BÜNDNIS 90/DIE GRÜNEN,5,0.7545,0.7345,0.74048,6.518199999999944e-05,0.019999999999999907,,2.4,
eval_20260723_115807,Ministral-3-8B-Instruct-2512,jina,simple,jina/simple,539,DIE LINKE,5,0.7096,0.6869,0.69878,9.755700000000004e-05,0.022700000000000053,1.2,1.3,0.10000000000000009
eval_20260723_115807,Ministral-3-8B-Instruct-2512,jina,simple,jina/simple,713,SPD,5,0.7261,0.7202,0.7242799999999999,5.797000000000052e-06,0.005900000000000016,5.8,2.7,3.0999999999999996
eval_20260723_115807,Ministral-3-8B-Instruct-2512,jina,simple,jina/simple,522,DIE LINKE,5,0.7906,0.7705,0.7762800000000001,6.6167e-05,0.020100000000000007,1.2,1.3,0.10000000000000009
eval_20260723_115807,Ministral-3-8B-Instruct-2512,jina,simple,jina/simple,772,SPD,5,0.7883,0.7356,0.749,0.0004935949999999995,0.05269999999999997,3.2,2.7,0.5
eval_20260723_115807,Ministral-3-8B-Instruct-2512,jina,simple,jina/simple,435,DIE LINKE,5,0.8391,0.7891,0.8039,0.00046251499999999906,0.04999999999999993,1.1,1.3,0.19999999999999996
eval_20260723_115807,Ministral-3-8B-Instruct-2512,jina,simple,jina/simple,30,AfD,5,0.704,0.6951,0.69904,1.1742999999999733e-05,0.008899999999999908,7.0,6.5,0.5
eval_20260723_115807,Ministral-3-8B-Instruct-2512,jina,simple,jina/simple,776,SPD,5,0.7731,0.7012,0.72062,0.0009184569999999999,0.07189999999999996,3.8,2.7,1.0999999999999996
eval_20260723_115807,Ministral-3-8B-Instruct-2512,jina,simple,jina/simple,434,DIE LINKE,5,0.8139,0.8059,0.8107,8.565000000000068e-06,0.008000000000000007,1.2,1.3,0.10000000000000009
eval_20260723_115807,Ministral-3-8B-Instruct-2512,jina,simple,jina/simple,39,AfD,5,0.8039,0.7826,0.7893399999999999,8.825799999999956e-05,0.021299999999999986,6.8,6.5,0.2999999999999998
eval_20260723_115807,Ministral-3-8B-Instruct-2512,jina,simple,jina/simple,213,BÜNDNIS 90/DIE GRÜNEN,5,0.6794,0.6675,0.67466,2.082300000000008e-05,0.011900000000000022,3.2,2.4,0.8000000000000003
eval_20260723_115807,Ministral-3-8B-Instruct-2512,jina,simple,jina/simple,292,BÜNDNIS 90/DIE GRÜNEN,5,0.7621,0.741,0.75156,9.49330000000002e-05,0.021100000000000008,1.2,2.4,1.2
eval_20260723_115807,Ministral-3-8B-Instruct-2512,jina,simple,jina/simple,782,SPD,5,0.7209,0.7029,0.70904,4.8857999999999904e-05,0.018000000000000016,3.2,2.7,0.5
eval_20260723_115807,Ministral-3-8B-Instruct-2512,jina,simple,jina/simple,451,DIE LINKE,5,0.7279,0.6851,0.69898,0.0003389569999999992,0.04279999999999995,1.1,1.3,0.19999999999999996
eval_20260723_115807,Ministral-3-8B-Instruct-2512,jina,simple,jina/simple,205,AfD,5,0.7753,0.7643,0.7683800000000001,2.046700000000004e-05,0.01100000000000001,1.2,6.5,5.3
eval_20260723_115807,Ministral-3-8B-Instruct-2512,jina,simple,jina/simple,327,CDU,5,0.7354,0.7272,0.73096,1.3588000000000297e-05,0.008200000000000096,3.2,4.7,1.5
eval_20260723_115807,Ministral-3-8B-Instruct-2512,jina,simple,jina/simple,708,SPD,5,0.7485,0.7127,0.73268,0.00017025700000000054,0.035800000000000054,3.2,2.7,0.5
eval_20260723_115807,Ministral-3-8B-Instruct-2512,jina,simple,jina/simple,251,BÜNDNIS 90/DIE GRÜNEN,5,0.7911,0.7772,0.7823599999999999,3.1648000000000196e-05,0.013900000000000023,3.8,2.4,1.4
eval_20260723_115807,Ministral-3-8B-Instruct-2512,jina,simple,jina/simple,577,DIE LINKE,5,0.8296,0.7391,0.7591600000000001,0.0015613830000000004,0.09050000000000002,1.2,1.3,0.10000000000000009
eval_20260723_115807,Ministral-3-8B-Instruct-2512,jina,simple,jina/simple,197,AfD,5,0.7279,0.7093,0.7172000000000001,8.604499999999984e-05,0.01859999999999995,7.0,6.5,0.5
eval_20260723_115807,Ministral-3-8B-Instruct-2512,jina,simple,jina/simple,345,CSU,5,0.7251,0.7148,0.7179800000000001,1.6926999999999887e-05,0.010299999999999976,4.2,5.4,1.2000000000000002
eval_20260723_115807,Ministral-3-8B-Instruct-2512,jina,simple,jina/simple,741,SPD,5,0.7592,0.7375,0.74792,5.959699999999972e-05,0.02169999999999994,4.2,2.7,1.5
eval_20260723_115807,Ministral-3-8B-Instruct-2512,jina,simple,jina/simple,339,CDU,5,0.7798,0.7539,0.76128,0.00011238700000000045,0.025900000000000034,6.8,4.7,2.0999999999999996
eval_20260723_115807,Ministral-3-8B-Instruct-2512,jina,simple,jina/simple,706,SPD,5,0.7468,0.6876,0.7096599999999998,0.0004942480000000005,0.05920000000000003,2.1,2.7,0.6000000000000001
eval_20260723_115807,Ministral-3-8B-Instruct-2512,jina,simple,jina/simple,528,DIE LINKE,5,0.7444,0.703,0.7192,0.0003583049999999995,0.04139999999999999,1.2,1.3,0.10000000000000009
eval_20260723_115807,Ministral-3-8B-Instruct-2512,jina,simple,jina/simple,138,AfD,5,0.7327,0.7226,0.72504,1.8488000000000105e-05,0.010099999999999998,6.9,6.5,0.40000000000000036
eval_20260723_115807,Ministral-3-8B-Instruct-2512,jina,simple,jina/simple,353,FDP,5,0.6566,0.6348,0.64322,8.911199999999951e-05,0.02179999999999993,7.0,4.3,2.7
eval_20260723_115807,Ministral-3-8B-Instruct-2512,jina,simple,jina/simple,617,SPD,5,0.651,0.6405,0.64632,1.4717000000000183e-05,0.010500000000000065,3.2,2.7,0.5
eval_20260723_115807,Ministral-3-8B-Instruct-2512,jina,simple,jina/simple,66,BÜNDNIS 90/DIE GRÜNEN,5,0.7787,0.7692,0.77262,1.8756999999999797e-05,0.009499999999999953,5.8,2.4,3.4
eval_20260723_115807,Ministral-3-8B-Instruct-2512,jina,simple,jina/simple,64,BÜNDNIS 90/DIE GRÜNEN,5,0.8084,0.7965,0.8007200000000001,2.573699999999999e-05,0.011900000000000022,5.8,2.4,3.4
eval_20260723_115807,Ministral-3-8B-Instruct-2512,jina,simple,jina/simple,671,SPD,5,0.7365,0.7262,0.7311,1.4485000000000257e-05,0.010300000000000087,6.5,2.7,3.8
eval_20260723_115807,Ministral-3-8B-Instruct-2512,jina,simple,jina/simple,140,AfD,5,0.7965,0.7749,0.7838,8.448999999999957e-05,0.021599999999999953,7.0,6.5,0.5
eval_20260723_115807,Ministral-3-8B-Instruct-2512,jina,simple,jina/simple,23,BÜNDNIS 90/DIE GRÜNEN,5,0.7907,0.7735,0.78204,5.229800000000009e-05,0.017199999999999993,2.1,2.4,0.2999999999999998
eval_20260723_115807,Ministral-3-8B-Instruct-2512,jina,simple,jina/simple,110,BÜNDNIS 90/DIE GRÜNEN,5,0.671,0.6591,0.66352,1.995700000000007e-05,0.011900000000000022,5.8,2.4,3.4
eval_20260723_115807,Ministral-3-8B-Instruct-2512,jina,simple,jina/simple,212,AfD,5,0.7501,0.7283,0.7352000000000001,8.754999999999989e-05,0.02180000000000004,6.8,6.5,0.2999999999999998
eval_20260723_115807,Ministral-3-8B-Instruct-2512,jina,simple,jina/simple,558,DIE LINKE,5,0.7608,0.7468,0.75178,3.5732000000000165e-05,0.014000000000000012,1.2,1.3,0.10000000000000009
eval_20260723_115807,Ministral-3-8B-Instruct-2512,jina,simple,jina/simple,240,BÜNDNIS 90/DIE GRÜNEN,5,0.7954,0.7809,0.78648,3.13869999999998e-05,0.014499999999999957,2.1,2.4,0.2999999999999998
eval_20260723_115807,Ministral-3-8B-Instruct-2512,jina,simple,jina/simple,478,DIE LINKE,5,0.7397,0.729,0.7344,1.4985000000000162e-05,0.010700000000000043,,1.3,
eval_20260723_115807,Ministral-3-8B-Instruct-2512,jina,simple,jina/simple,214,BÜNDNIS 90/DIE GRÜNEN,5,0.7267,0.7202,0.72338,6.437000000000101e-06,0.006500000000000061,3.2,2.4,0.8000000000000003
eval_20260723_115807,Ministral-3-8B-Instruct-2512,jina,simple,jina/simple,406,FDP,5,0.7713,0.766,0.76978,4.8219999999999404e-06,0.005299999999999971,6.8,4.3,2.5
eval_20260723_115807,Ministral-3-8B-Instruct-2512,jina,simple,jina/simple,67,BÜNDNIS 90/DIE GRÜNEN,5,0.7208,0.7088,0.71334,3.052300000000002e-05,0.01200000000000001,1.2,2.4,1.2
eval_20260723_115807,Ministral-3-8B-Instruct-2512,jina,simple,jina/simple,680,SPD,5,0.6367,0.5906,0.6096999999999999,0.0004578650000000012,0.04610000000000003,4.5,2.7,1.7999999999999998
eval_20260723_115807,Ministral-3-8B-Instruct-2512,jina,simple,jina/simple,530,DIE LINKE,5,0.7639,0.73,0.74388,0.0002521370000000009,0.03390000000000004,3.2,1.3,1.9000000000000001
eval_20260723_115807,Ministral-3-8B-Instruct-2512,jina,simple,jina/simple,538,DIE LINKE,5,0.7105,0.6944,0.70092,3.9407000000000004e-05,0.016100000000000003,3.2,1.3,1.9000000000000001
eval_20260723_115807,Ministral-3-8B-Instruct-2512,jina,simple,jina/simple,653,SPD,5,0.7074,0.6835,0.69298,7.68370000000003e-05,0.023900000000000032,4.5,2.7,1.7999999999999998
eval_20260723_115807,Ministral-3-8B-Instruct-2512,jina,simple,jina/simple,335,CDU,5,0.767,0.7462,0.7557,6.961000000000024e-05,0.02080000000000004,4.5,4.7,0.20000000000000018
eval_20260723_115807,Ministral-3-8B-Instruct-2512,jina,simple,jina/simple,496,DIE LINKE,5,0.691,0.6839,0.68736,9.373000000000037e-06,0.007099999999999995,1.2,1.3,0.10000000000000009
eval_20260723_115807,Ministral-3-8B-Instruct-2512,jina,simple,jina/simple,804,SPD,5,0.7813,0.7599,0.7723800000000001,8.180699999999974e-05,0.021399999999999975,5.8,2.7,3.0999999999999996
eval_20260723_115807,Ministral-3-8B-Instruct-2512,jina,simple,jina/simple,432,DIE LINKE,5,0.7174,0.7017,0.7068,3.959500000000018e-05,0.015700000000000047,1.5,1.3,0.19999999999999996
eval_20260723_115807,Ministral-3-8B-Instruct-2512,jina,simple,jina/simple,569,DIE LINKE,5,0.7059,0.6693,0.68664,0.00017380799999999963,0.036599999999999966,2.1,1.3,0.8
eval_20260723_115807,Ministral-3-8B-Instruct-2512,jina,simple,jina/simple,801,SPD,5,0.738,0.7228,0.72984,3.032299999999996e-05,0.015199999999999991,1.2,2.7,1.5000000000000002
eval_20260723_115807,Ministral-3-8B-Instruct-2512,jina,simple,jina/simple,783,SPD,5,0.7847,0.7401,0.75342,0.0003201969999999994,0.04459999999999997,3.2,2.7,0.5
eval_20260723_115807,Ministral-3-8B-Instruct-2512,jina,simple,jina/simple,817,SPD,5,0.7178,0.6848,0.6968799999999999,0.00015778700000000016,0.03300000000000003,3.2,2.7,0.5
eval_20260723_115807,Ministral-3-8B-Instruct-2512,jina,simple,jina/simple,546,DIE LINKE,5,0.7734,0.7577,0.7680400000000001,4.2292999999999766e-05,0.015699999999999936,1.2,1.3,0.10000000000000009
eval_20260723_115807,Ministral-3-8B-Instruct-2512,jina,simple,jina/simple,381,FDP,5,0.7049,0.6837,0.6940200000000001,7.619700000000014e-05,0.021199999999999997,5.2,4.3,0.9000000000000004
eval_20260723_115807,Ministral-3-8B-Instruct-2512,jina,simple,jina/simple,775,SPD,5,0.7755,0.7253,0.73944,0.0004276779999999997,0.05020000000000002,4.5,2.7,1.7999999999999998
eval_20260723_115807,Ministral-3-8B-Instruct-2512,jina,simple,jina/simple,261,BÜNDNIS 90/DIE GRÜNEN,5,0.7964,0.7729,0.78302,0.000102757,0.023499999999999965,2.1,2.4,0.2999999999999998
eval_20260723_115807,Ministral-3-8B-Instruct-2512,jina,simple,jina/simple,507,DIE LINKE,5,0.7302,0.7062,0.71492,9.014699999999933e-05,0.02399999999999991,1.2,1.3,0.10000000000000009
eval_20260723_115807,Ministral-3-8B-Instruct-2512,jina,simple,jina/simple,666,SPD,5,0.7598,0.7462,0.75546,3.074300000000027e-05,0.013600000000000056,3.2,2.7,0.5
eval_20260723_115807,Ministral-3-8B-Instruct-2512,jina,simple,jina/simple,369,FDP,5,0.6622,0.6501,0.65586,2.0657999999999984e-05,0.0121,3.2,4.3,1.0999999999999996
eval_20260723_115807,Ministral-3-8B-Instruct-2512,jina,simple,jina/simple,50,CDU/CSU,5,0.8267,0.7892,0.79842,0.00025291199999999994,0.03749999999999998,4.2,4.7,0.5
eval_20260723_115807,Ministral-3-8B-Instruct-2512,jina,simple,jina/simple,97,AfD,5,0.8087,0.7797,0.7906,0.00013819,0.029000000000000026,6.9,6.5,0.40000000000000036
eval_20260723_115807,Ministral-3-8B-Instruct-2512,jina,simple,jina/simple,777,SPD,5,0.7662,0.7382,0.74764,0.00014570300000000036,0.028000000000000025,3.2,2.7,0.5
eval_20260723_115807,Ministral-3-8B-Instruct-2512,jina,simple,jina/simple,651,SPD,5,0.7158,0.6792,0.6939,0.000325184999999999,0.036599999999999966,1.2,2.7,1.5000000000000002
eval_20260723_115807,Ministral-3-8B-Instruct-2512,jina,simple,jina/simple,483,DIE LINKE,5,0.7148,0.7089,0.71298,5.6270000000000666e-06,0.005900000000000016,1.2,1.3,0.10000000000000009
eval_20260723_115807,Ministral-3-8B-Instruct-2512,jina,simple,jina/simple,600,SPD,5,0.6814,0.6341,0.65688,0.0005144870000000002,0.04730000000000001,4.5,2.7,1.7999999999999998
eval_20260723_115807,Ministral-3-8B-Instruct-2512,jina,simple,jina/simple,816,SPD,5,0.7362,0.7202,0.72576,4.1272999999999827e-05,0.016000000000000014,4.2,2.7,1.5
eval_20260723_115807,Ministral-3-8B-Instruct-2512,jina,simple,jina/simple,33,AfD,5,0.716,0.7036,0.7075800000000001,2.7691999999999853e-05,0.012399999999999967,6.5,6.5,0.0
eval_20260723_115807,Ministral-3-8B-Instruct-2512,jina,simple,jina/simple,31,AfD,5,0.7331,0.7045,0.71178,0.00014521699999999965,0.02859999999999996,1.2,6.5,5.3
eval_20260723_115807,Ministral-3-8B-Instruct-2512,jina,simple,jina/simple,819,SPD,5,0.756,0.6783,0.6972400000000001,0.0010893129999999997,0.07769999999999999,4.2,2.7,1.5
eval_20260723_115807,Ministral-3-8B-Instruct-2512,jina,simple,jina/simple,494,DIE LINKE,5,0.7711,0.7493,0.75744,7.321300000000036e-05,0.02180000000000004,1.2,1.3,0.10000000000000009
eval_20260723_115807,Ministral-3-8B-Instruct-2512,jina,simple,jina/simple,337,CDU,5,0.7342,0.7094,0.7177600000000001,9.254299999999965e-05,0.024799999999999933,3.2,4.7,1.5
eval_20260723_115807,Ministral-3-8B-Instruct-2512,jina,simple,jina/simple,297,BÜNDNIS 90/DIE GRÜNEN,5,0.6952,0.6866,0.6910999999999999,1.3060000000000038e-05,0.008600000000000052,1.2,2.4,1.2
eval_20260723_115807,Ministral-3-8B-Instruct-2512,jina,simple,jina/simple,300,BÜNDNIS 90/DIE GRÜNEN,5,0.7806,0.7649,0.76908,4.2466999999999815e-05,0.015699999999999936,5.8,2.4,3.4
eval_20260723_115807,Ministral-3-8B-Instruct-2512,jina,simple,jina/simple,441,DIE LINKE,5,0.7513,0.7219,0.7331,0.00021229500000000015,0.02939999999999998,5.8,1.3,4.5
eval_20260723_115807,Ministral-3-8B-Instruct-2512,jina,simple,jina/simple,405,FDP,5,0.6934,0.6691,0.67546,0.00010198800000000001,0.02429999999999999,4.2,4.3,0.09999999999999964
eval_20260723_115807,Ministral-3-8B-Instruct-2512,jina,simple,jina/simple,73,BÜNDNIS 90/DIE GRÜNEN,5,0.7988,0.7692,0.78166,0.00013704799999999948,0.02959999999999996,2.1,2.4,0.2999999999999998
eval_20260723_115807,Ministral-3-8B-Instruct-2512,jina,simple,jina/simple,78,BÜNDNIS 90/DIE GRÜNEN,5,0.8297,0.7863,0.8014399999999998,0.0002920379999999997,0.043399999999999994,2.1,2.4,0.2999999999999998
eval_20260723_115807,Ministral-3-8B-Instruct-2512,jina,simple,jina/simple,749,SPD,5,0.7581,0.7047,0.72116,0.00046562800000000005,0.0534,3.5,2.7,0.7999999999999998
eval_20260723_115807,Ministral-3-8B-Instruct-2512,jina,simple,jina/simple,523,DIE LINKE,5,0.8335,0.8132,0.82552,8.373699999999977e-05,0.020299999999999985,1.1,1.3,0.19999999999999996
eval_20260723_115807,Ministral-3-8B-Instruct-2512,jina,simple,jina/simple,352,FDP,5,0.7999,0.766,0.78506,0.0002880430000000005,0.03390000000000004,4.2,4.3,0.09999999999999964
eval_20260723_115807,Ministral-3-8B-Instruct-2512,jina,simple,jina/simple,582,DIE LINKE,5,0.7818,0.7379,0.7533799999999999,0.0003070720000000007,0.04390000000000005,3.2,1.3,1.9000000000000001
eval_20260723_115807,Ministral-3-8B-Instruct-2512,jina,simple,jina/simple,366,FDP,5,0.8,0.7676,0.7808599999999999,0.00015273800000000087,0.032400000000000095,4.2,4.3,0.09999999999999964
eval_20260723_115807,Ministral-3-8B-Instruct-2512,jina,simple,jina/simple,444,DIE LINKE,5,0.7906,0.7687,0.7767,7.502499999999971e-05,0.02189999999999992,1.2,1.3,0.10000000000000009
eval_20260723_115807,Ministral-3-8B-Instruct-2512,jina,simple,jina/simple,607,SPD,5,0.6954,0.6768,0.6824600000000001,5.54930000000002e-05,0.01860000000000006,5.8,2.7,3.0999999999999996
eval_20260723_115807,Ministral-3-8B-Instruct-2512,jina,simple,jina/simple,351,FDP,5,0.781,0.7619,0.77052,9.223700000000017e-05,0.019100000000000006,4.2,4.3,0.09999999999999964
eval_20260723_115807,Ministral-3-8B-Instruct-2512,jina,simple,jina/simple,156,AfD,5,0.7017,0.687,0.69174,3.710299999999995e-05,0.014699999999999935,7.0,6.5,0.5
eval_20260723_115807,Ministral-3-8B-Instruct-2512,jina,simple,jina/simple,614,SPD,5,0.6876,0.671,0.67768,5.772699999999993e-05,0.016599999999999948,2.1,2.7,0.6000000000000001
eval_20260723_115807,Ministral-3-8B-Instruct-2512,jina,simple,jina/simple,317,BÜNDNIS 90/DIE GRÜNEN,5,0.741,0.7013,0.72454,0.0002689279999999994,0.03969999999999996,3.8,2.4,1.4
eval_20260723_115807,Ministral-3-8B-Instruct-2512,jina,simple,jina/simple,622,SPD,5,0.7573,0.7332,0.74414,9.025299999999986e-05,0.02410000000000001,6.5,2.7,3.8
eval_20260723_115807,Ministral-3-8B-Instruct-2512,jina,simple,jina/simple,769,SPD,5,0.7352,0.7112,0.7216400000000001,0.00010386799999999934,0.02399999999999991,4.5,2.7,1.7999999999999998
eval_20260723_115807,Ministral-3-8B-Instruct-2512,jina,simple,jina/simple,55,BÜNDNIS 90/DIE GRÜNEN,5,0.7737,0.7639,0.7680800000000001,1.7897000000000174e-05,0.009800000000000031,1.2,2.4,1.2
eval_20260723_115807,Ministral-3-8B-Instruct-2512,jina,simple,jina/simple,771,SPD,5,0.7288,0.697,0.7055,0.0001757450000000002,0.03180000000000005,5.8,2.7,3.0999999999999996
eval_20260723_115807,Ministral-3-8B-Instruct-2512,jina,simple,jina/simple,502,DIE LINKE,5,0.729,0.6937,0.7060000000000001,0.0002413999999999997,0.0353,1.3,1.3,0.0
eval_20260723_115807,Ministral-3-8B-Instruct-2512,jina,simple,jina/simple,266,BÜNDNIS 90/DIE GRÜNEN,5,0.7468,0.7223,0.73008,9.781699999999993e-05,0.024499999999999966,3.2,2.4,0.8000000000000003
eval_20260723_115807,Ministral-3-8B-Instruct-2512,jina,simple,jina/simple,548,DIE LINKE,5,0.8039,0.7879,0.7941,3.6964999999999576e-05,0.015999999999999903,1.1,1.3,0.19999999999999996
eval_20260723_115807,Ministral-3-8B-Instruct-2512,jina,simple,jina/simple,98,AfD,5,0.7437,0.7237,0.7348800000000001,5.696700000000012e-05,0.020000000000000018,2.1,6.5,4.4
eval_20260723_115807,Ministral-3-8B-Instruct-2512,jina,simple,jina/simple,583,DIE LINKE,5,0.7765,0.7583,0.7657999999999999,4.449999999999994e-05,0.018199999999999994,1.2,1.3,0.10000000000000009
eval_20260723_115807,Ministral-3-8B-Instruct-2512,jina,simple,jina/simple,77,CDU/CSU,5,0.7752,0.7477,0.75704,0.00012679300000000018,0.02749999999999997,4.2,4.7,0.5
eval_20260723_115807,Ministral-3-8B-Instruct-2512,jina,simple,jina/simple,121,AfD,5,0.6814,0.6752,0.6789,5.589999999999974e-06,0.006199999999999983,1.2,6.5,5.3
eval_20260723_115807,Ministral-3-8B-Instruct-2512,jina,simple,jina/simple,395,FDP,5,0.6788,0.6535,0.6638200000000001,0.00012699700000000025,0.02529999999999999,5.8,4.3,1.5
eval_20260723_115807,Ministral-3-8B-Instruct-2512,jina,simple,jina/simple,785,SPD,5,0.7744,0.7581,0.76672,5.360199999999989e-05,0.01629999999999998,3.2,2.7,0.5
eval_20260723_115807,Ministral-3-8B-Instruct-2512,jina,simple,jina/simple,358,FDP,5,0.7813,0.7407,0.75014,0.00030518299999999983,0.04059999999999997,4.5,4.3,0.20000000000000018
eval_20260723_115807,Ministral-3-8B-Instruct-2512,jina,simple,jina/simple,731,SPD,5,0.7624,0.7555,0.75844,9.063000000000025e-06,0.006900000000000017,3.2,2.7,0.5
eval_20260723_115807,Ministral-3-8B-Instruct-2512,jina,simple,jina/simple,535,DIE LINKE,5,0.6916,0.6588,0.6723600000000001,0.00017912299999999919,0.03279999999999994,1.5,1.3,0.19999999999999996
eval_20260723_115807,Ministral-3-8B-Instruct-2512,jina,simple,jina/simple,465,DIE LINKE,5,0.7305,0.72,0.72452,1.680700000000012e-05,0.010500000000000065,1.2,1.3,0.10000000000000009
eval_20260723_115807,Ministral-3-8B-Instruct-2512,jina,simple,jina/simple,85,BÜNDNIS 90/DIE GRÜNEN,5,0.7278,0.7116,0.7164400000000001,4.291300000000006e-05,0.016199999999999992,7.0,2.4,4.6
eval_20260723_115807,Ministral-3-8B-Instruct-2512,jina,simple,jina/simple,10,BÜNDNIS 90/DIE GRÜNEN,5,0.8272,0.8097,0.81558,5.056700000000045e-05,0.01750000000000007,3.8,2.4,1.4
eval_20260723_115807,Ministral-3-8B-Instruct-2512,jina,simple,jina/simple,169,AfD,5,0.7929,0.7466,0.76342,0.0003661870000000003,0.04630000000000001,7.0,6.5,0.5
eval_20260723_115807,Ministral-3-8B-Instruct-2512,jina,simple,jina/simple,111,BÜNDNIS 90/DIE GRÜNEN,5,0.7845,0.7623,0.7720800000000001,8.255699999999999e-05,0.022199999999999998,4.2,2.4,1.8000000000000003
eval_20260723_115807,Ministral-3-8B-Instruct-2512,jina,simple,jina/simple,293,BÜNDNIS 90/DIE GRÜNEN,5,0.7574,0.7286,0.74196,0.0001833829999999996,0.028799999999999937,1.2,2.4,1.2
eval_20260723_115807,Ministral-3-8B-Instruct-2512,jina,simple,jina/simple,495,DIE LINKE,5,0.7732,0.7468,0.75916,0.00010706299999999978,0.02639999999999998,3.2,1.3,1.9000000000000001
eval_20260723_115807,Ministral-3-8B-Instruct-2512,jina,simple,jina/simple,219,BÜNDNIS 90/DIE GRÜNEN,5,0.7932,0.7661,0.7776,0.00014553499999999967,0.027100000000000013,3.2,2.4,0.8000000000000003
eval_20260723_115807,Ministral-3-8B-Instruct-2512,jina,simple,jina/simple,722,SPD,5,0.6906,0.6603,0.6726,0.00014865499999999976,0.030299999999999994,6.8,2.7,4.1
eval_20260723_115807,Ministral-3-8B-Instruct-2512,jina,simple,jina/simple,328,CDU,5,0.7742,0.7566,0.76322,5.1991999999999715e-05,0.01759999999999995,3.2,4.7,1.5
eval_20260723_115807,Ministral-3-8B-Instruct-2512,jina,simple,jina/simple,544,DIE LINKE,5,0.7537,0.7071,0.71946,0.0003777680000000008,0.046600000000000086,1.2,1.3,0.10000000000000009
eval_20260723_115807,Ministral-3-8B-Instruct-2512,jina,simple,jina/simple,119,AfD,5,0.7375,0.7032,0.7127800000000001,0.0002041270000000004,0.0343,7.0,6.5,0.5
eval_20260723_115807,Ministral-3-8B-Instruct-2512,jina,simple,jina/simple,532,DIE LINKE,5,0.6944,0.6786,0.6840200000000001,4.629200000000008e-05,0.015800000000000036,1.2,1.3,0.10000000000000009
eval_20260723_115807,Ministral-3-8B-Instruct-2512,jina,simple,jina/simple,364,FDP,5,0.766,0.7618,0.76302,3.031999999999993e-06,0.0041999999999999815,4.5,4.3,0.20000000000000018
eval_20260723_115807,Ministral-3-8B-Instruct-2512,jina,simple,jina/simple,29,AfD,5,0.6993,0.6876,0.69126,2.3273000000000192e-05,0.011700000000000044,6.8,6.5,0.2999999999999998
eval_20260723_115807,Ministral-3-8B-Instruct-2512,jina,simple,jina/simple,635,SPD,5,0.8233,0.8013,0.8115200000000001,7.01619999999999e-05,0.02200000000000002,1.2,2.7,1.5000000000000002
eval_20260723_115807,Ministral-3-8B-Instruct-2512,jina,simple,jina/simple,584,DIE LINKE,5,0.7506,0.7338,0.73928,4.6567000000000376e-05,0.016800000000000037,1.2,1.3,0.10000000000000009
eval_20260723_115807,Ministral-3-8B-Instruct-2512,jina,simple,jina/simple,446,DIE LINKE,5,0.7114,0.6844,0.69532,0.0001553269999999998,0.027000000000000024,1.2,1.3,0.10000000000000009
eval_20260723_115807,Ministral-3-8B-Instruct-2512,jina,simple,jina/simple,307,BÜNDNIS 90/DIE GRÜNEN,5,0.6353,0.6271,0.62984,1.0727999999999898e-05,0.008199999999999985,6.8,2.4,4.4
eval_20260723_115807,Ministral-3-8B-Instruct-2512,jina,simple,jina/simple,82,BÜNDNIS 90/DIE GRÜNEN,5,0.7593,0.7279,0.7418,0.00017900500000000015,0.031399999999999983,3.2,2.4,0.8000000000000003
eval_20260723_115807,Ministral-3-8B-Instruct-2512,jina,simple,jina/simple,718,SPD,5,0.7946,0.7598,0.7750199999999999,0.00021878699999999948,0.03479999999999994,3.2,2.7,0.5
eval_20260723_115807,Ministral-3-8B-Instruct-2512,jina,simple,jina/simple,457,DIE LINKE,5,0.69,0.6586,0.6736799999999998,0.00016206699999999984,0.031399999999999983,7.0,1.3,5.7
eval_20260723_115807,Ministral-3-8B-Instruct-2512,jina,simple,jina/simple,518,DIE LINKE,5,0.7983,0.7777,0.78472,6.769700000000019e-05,0.020600000000000063,1.1,1.3,0.19999999999999996
eval_20260723_115807,Ministral-3-8B-Instruct-2512,jina,simple,jina/simple,745,SPD,5,0.748,0.7364,0.74162,1.935199999999984e-05,0.011599999999999944,5.8,2.7,3.0999999999999996
eval_20260723_115807,Ministral-3-8B-Instruct-2512,jina,simple,jina/simple,757,SPD,5,0.6949,0.6589,0.67408,0.00024118699999999904,0.03599999999999992,2.1,2.7,0.6000000000000001
eval_20260723_115807,Ministral-3-8B-Instruct-2512,jina,simple,jina/simple,660,SPD,5,0.7137,0.6949,0.70318,6.291199999999992e-05,0.01880000000000004,4.2,2.7,1.5
eval_20260723_115807,Ministral-3-8B-Instruct-2512,jina,simple,jina/simple,752,SPD,5,0.6713,0.6349,0.64644,0.0002195680000000001,0.03639999999999999,3.2,2.7,0.5
eval_20260723_115807,Ministral-3-8B-Instruct-2512,jina,simple,jina/simple,248,BÜNDNIS 90/DIE GRÜNEN,5,0.7152,0.7006,0.7043600000000001,3.8227999999999736e-05,0.014599999999999946,3.2,2.4,0.8000000000000003
eval_20260723_115807,Ministral-3-8B-Instruct-2512,jina,simple,jina/simple,609,SPD,5,0.7158,0.7025,0.70862,2.952700000000004e-05,0.013299999999999979,4.2,2.7,1.5
eval_20260723_115807,Ministral-3-8B-Instruct-2512,jina,simple,jina/simple,7,BÜNDNIS 90/DIE GRÜNEN,5,0.7929,0.785,0.7872600000000001,1.0628000000000075e-05,0.007900000000000018,2.1,2.4,0.2999999999999998
eval_20260723_115807,Ministral-3-8B-Instruct-2512,jina,simple,jina/simple,286,BÜNDNIS 90/DIE GRÜNEN,5,0.7753,0.761,0.7669400000000001,4.7232999999999736e-05,0.01429999999999998,3.2,2.4,0.8000000000000003
eval_20260723_115807,Ministral-3-8B-Instruct-2512,jina,simple,jina/simple,102,AfD,5,0.8274,0.7931,0.8036999999999999,0.0001975250000000002,0.0343,6.8,6.5,0.2999999999999998
eval_20260723_115807,Ministral-3-8B-Instruct-2512,jina,simple,jina/simple,336,CDU,5,0.7533,0.746,0.7486999999999999,8.300000000000004e-06,0.007299999999999973,4.5,4.7,0.20000000000000018
eval_20260723_115807,Ministral-3-8B-Instruct-2512,jina,simple,jina/simple,678,SPD,5,0.7562,0.7408,0.7482800000000001,3.077199999999989e-05,0.01539999999999997,5.8,2.7,3.0999999999999996
eval_20260723_115807,Ministral-3-8B-Instruct-2512,jina,simple,jina/simple,634,SPD,5,0.7326,0.7173,0.7233599999999999,3.4922999999999964e-05,0.01529999999999998,4.2,2.7,1.5
eval_20260723_115807,Ministral-3-8B-Instruct-2512,jina,simple,jina/simple,658,SPD,5,0.7572,0.7404,0.7470800000000001,5.6072000000000164e-05,0.016800000000000037,4.5,2.7,1.7999999999999998
eval_20260723_115807,Ministral-3-8B-Instruct-2512,jina,simple,jina/simple,2,CDU/CSU,5,0.7113,0.681,0.68906,0.00016198300000000023,0.030299999999999994,5.8,4.7,1.0999999999999996
eval_20260723_115807,Ministral-3-8B-Instruct-2512,jina,simple,jina/simple,232,BÜNDNIS 90/DIE GRÜNEN,5,0.7573,0.7405,0.7462199999999999,4.648699999999961e-05,0.016799999999999926,2.1,2.4,0.2999999999999998
eval_20260723_115807,Ministral-3-8B-Instruct-2512,jina,simple,jina/simple,426,DIE LINKE,5,0.7678,0.7586,0.76308,1.6717000000000098e-05,0.009199999999999986,2.1,1.3,0.8
eval_20260723_115807,Ministral-3-8B-Instruct-2512,jina,simple,jina/simple,333,CDU,5,0.8019,0.7644,0.7803599999999999,0.0002524729999999994,0.03749999999999998,3.2,4.7,1.5
eval_20260723_115807,Ministral-3-8B-Instruct-2512,jina,simple,jina/simple,209,AfD,5,0.7977,0.7732,0.78214,0.00010001299999999982,0.024499999999999966,4.5,6.5,2.0
eval_20260723_115807,Ministral-3-8B-Instruct-2512,jina,simple,jina/simple,211,AfD,5,0.7617,0.7545,0.7582800000000001,1.000700000000017e-05,0.007200000000000095,7.0,6.5,0.5
eval_20260723_115807,Ministral-3-8B-Instruct-2512,jina,simple,jina/simple,448,DIE LINKE,5,0.7106,0.6896,0.69788,8.563700000000048e-05,0.02100000000000002,3.2,1.3,1.9000000000000001
eval_20260723_115807,Ministral-3-8B-Instruct-2512,jina,simple,jina/simple,765,SPD,5,0.7162,0.6868,0.7007399999999999,0.00015012800000000008,0.02939999999999998,5.8,2.7,3.0999999999999996
eval_20260723_115807,Ministral-3-8B-Instruct-2512,jina,simple,jina/simple,668,SPD,5,0.7109,0.6814,0.6909599999999999,0.00013885299999999955,0.02949999999999997,4.2,2.7,1.5
eval_20260723_115807,Ministral-3-8B-Instruct-2512,jina,simple,jina/simple,175,AfD,5,0.6871,0.6676,0.6801,6.469500000000033e-05,0.019500000000000073,3.2,6.5,3.3
eval_20260723_115807,Ministral-3-8B-Instruct-2512,jina,simple,jina/simple,245,BÜNDNIS 90/DIE GRÜNEN,5,0.7993,0.7672,0.77736,0.00016178300000000022,0.03210000000000002,2.1,2.4,0.2999999999999998
eval_20260723_115807,Ministral-3-8B-Instruct-2512,jina,simple,jina/simple,454,DIE LINKE,5,0.718,0.7074,0.71326,2.381799999999992e-05,0.010599999999999943,4.2,1.3,2.9000000000000004
eval_20260723_115807,Ministral-3-8B-Instruct-2512,jina,simple,jina/simple,357,FDP,5,0.7832,0.7326,0.7486400000000001,0.00041030799999999953,0.05059999999999998,2.1,4.3,2.1999999999999997
eval_20260723_115807,Ministral-3-8B-Instruct-2512,jina,simple,jina/simple,500,DIE LINKE,5,0.8204,0.8091,0.81472,2.502199999999985e-05,0.011299999999999977,1.1,1.3,0.19999999999999996
eval_20260723_115807,Ministral-3-8B-Instruct-2512,jina,simple,jina/simple,382,FDP,5,0.7175,0.7085,0.71372,1.2061999999999941e-05,0.009000000000000008,5.8,4.3,1.5
eval_20260723_115807,Ministral-3-8B-Instruct-2512,jina,simple,jina/simple,80,BÜNDNIS 90/DIE GRÜNEN,5,0.7313,0.7031,0.7100199999999999,0.00014371699999999983,0.028200000000000003,2.1,2.4,0.2999999999999998
eval_20260723_115807,Ministral-3-8B-Instruct-2512,jina,simple,jina/simple,149,AfD,5,0.727,0.7161,0.72302,1.7107000000000075e-05,0.01090000000000002,7.0,6.5,0.5
eval_20260723_115807,Ministral-3-8B-Instruct-2512,jina,simple,jina/simple,362,FDP,5,0.7938,0.7812,0.7862199999999999,2.9636999999999798e-05,0.012599999999999945,3.2,4.3,1.0999999999999996
eval_20260723_115807,Ministral-3-8B-Instruct-2512,jina,simple,jina/simple,193,AfD,5,0.7732,0.7521,0.75744,7.887799999999995e-05,0.021100000000000008,7.0,6.5,0.5
eval_20260723_115807,Ministral-3-8B-Instruct-2512,jina,simple,jina/simple,276,BÜNDNIS 90/DIE GRÜNEN,5,0.6675,0.6567,0.6619399999999999,2.4113000000000167e-05,0.010800000000000032,2.1,2.4,0.2999999999999998
eval_20260723_115807,Ministral-3-8B-Instruct-2512,jina,simple,jina/simple,332,CDU,5,0.7743,0.7545,0.76162,6.2672e-05,0.01980000000000004,6.5,4.7,1.7999999999999998
eval_20260723_115807,Ministral-3-8B-Instruct-2512,jina,simple,jina/simple,603,SPD,5,0.8024,0.7483,0.77232,0.0005999570000000011,0.05410000000000004,5.2,2.7,2.5
eval_20260723_115807,Ministral-3-8B-Instruct-2512,jina,simple,jina/simple,320,CDU,5,0.7021,0.6945,0.6975,1.336499999999983e-05,0.00759999999999994,4.5,4.7,0.20000000000000018
eval_20260723_115807,Ministral-3-8B-Instruct-2512,jina,simple,jina/simple,199,AfD,5,0.6444,0.6371,0.64008,1.0582e-05,0.007299999999999973,7.0,6.5,0.5
eval_20260723_115807,Ministral-3-8B-Instruct-2512,jina,simple,jina/simple,134,AfD,5,0.7533,0.7435,0.7478400000000001,1.3437999999999755e-05,0.00979999999999992,6.8,6.5,0.2999999999999998
eval_20260723_115807,Ministral-3-8B-Instruct-2512,jina,simple,jina/simple,394,FDP,5,0.7468,0.7033,0.7172,0.0002962949999999998,0.04349999999999998,4.5,4.3,0.20000000000000018
eval_20260723_115807,Ministral-3-8B-Instruct-2512,jina,simple,jina/simple,315,BÜNDNIS 90/DIE GRÜNEN,5,0.7386,0.7037,0.71336,0.00020884300000000039,0.03490000000000004,,2.4,
eval_20260723_115807,Ministral-3-8B-Instruct-2512,jina,simple,jina/simple,712,SPD,5,0.708,0.7015,0.70544,5.812999999999937e-06,0.00649999999999995,5.8,2.7,3.0999999999999996
eval_20260723_115807,Ministral-3-8B-Instruct-2512,jina,simple,jina/simple,56,CDU/CSU,5,0.7978,0.7718,0.7837999999999999,0.0001572949999999995,0.025999999999999912,2.2,4.7,2.5
eval_20260723_115807,Ministral-3-8B-Instruct-2512,jina,simple,jina/simple,440,DIE LINKE,5,0.7708,0.756,0.76228,4.2687000000000074e-05,0.014800000000000035,1.2,1.3,0.10000000000000009
eval_20260723_115807,Ministral-3-8B-Instruct-2512,jina,simple,jina/simple,621,SPD,5,0.7501,0.725,0.73538,8.954700000000002e-05,0.02510000000000001,4.2,2.7,1.5
eval_20260723_115807,Ministral-3-8B-Instruct-2512,jina,simple,jina/simple,550,DIE LINKE,5,0.7446,0.7365,0.7399,8.775000000000027e-06,0.008099999999999996,1.2,1.3,0.10000000000000009
eval_20260723_115807,Ministral-3-8B-Instruct-2512,jina,simple,jina/simple,568,DIE LINKE,5,0.7741,0.7502,0.75722,9.634200000000026e-05,0.023900000000000032,1.2,1.3,0.10000000000000009
eval_20260723_115807,Ministral-3-8B-Instruct-2512,jina,simple,jina/simple,625,SPD,5,0.7706,0.7604,0.7655199999999999,1.3716999999999959e-05,0.010199999999999987,3.8,2.7,1.0999999999999996
eval_20260723_115807,Ministral-3-8B-Instruct-2512,jina,simple,jina/simple,427,DIE LINKE,5,0.8116,0.7905,0.7997,6.267500000000011e-05,0.021100000000000008,1.2,1.3,0.10000000000000009
eval_20260723_115807,Ministral-3-8B-Instruct-2512,jina,simple,jina/simple,463,DIE LINKE,5,0.7896,0.7771,0.78252,2.0456999999999835e-05,0.012499999999999956,2.8,1.3,1.4999999999999998
eval_20260723_115807,Ministral-3-8B-Instruct-2512,jina,simple,jina/simple,458,DIE LINKE,5,0.6608,0.6459,0.6543,3.7755000000000156e-05,0.014900000000000024,3.5,1.3,2.2
eval_20260723_115807,Ministral-3-8B-Instruct-2512,jina,simple,jina/simple,61,BÜNDNIS 90/DIE GRÜNEN,5,0.7252,0.7003,0.7075199999999999,0.00011410199999999971,0.024899999999999922,6.8,2.4,4.4
eval_20260723_115807,Ministral-3-8B-Instruct-2512,jina,simple,jina/simple,590,DIE LINKE,5,0.7848,0.754,0.76214,0.00017226800000000035,0.03080000000000005,2.1,1.3,0.8
eval_20260723_115807,Ministral-3-8B-Instruct-2512,jina,simple,jina/simple,389,FDP,5,0.7191,0.7042,0.70994,3.443299999999963e-05,0.014899999999999913,5.8,4.3,1.5
eval_20260723_115807,Ministral-3-8B-Instruct-2512,jina,simple,jina/simple,200,AfD,5,0.7552,0.7526,0.75378,9.819999999999603e-07,0.0025999999999999357,7.0,6.5,0.5
eval_20260723_115807,Ministral-3-8B-Instruct-2512,jina,simple,jina/simple,637,SPD,5,0.7426,0.7273,0.7358,5.079500000000051e-05,0.015300000000000091,6.5,2.7,3.8
eval_20260723_115807,Ministral-3-8B-Instruct-2512,jina,simple,jina/simple,758,SPD,5,0.6761,0.6435,0.65332,0.00017937700000000085,0.03260000000000007,3.2,2.7,0.5
eval_20260723_115807,Ministral-3-8B-Instruct-2512,jina,simple,jina/simple,545,DIE LINKE,5,0.7932,0.7822,0.7877799999999999,2.1912000000000078e-05,0.01100000000000001,2.1,1.3,0.8
eval_20260723_115807,Ministral-3-8B-Instruct-2512,jina,simple,jina/simple,383,FDP,5,0.7648,0.7255,0.74224,0.00020400300000000018,0.0393,2.1,4.3,2.1999999999999997
eval_20260723_115807,Ministral-3-8B-Instruct-2512,jina,simple,jina/simple,260,BÜNDNIS 90/DIE GRÜNEN,5,0.7585,0.7255,0.7351600000000001,0.00017920799999999925,0.03299999999999992,3.2,2.4,0.8000000000000003
eval_20260723_115807,Ministral-3-8B-Instruct-2512,jina,simple,jina/simple,210,AfD,5,0.7814,0.7656,0.77178,5.271699999999993e-05,0.015800000000000036,1.1,6.5,5.4
eval_20260723_115807,Ministral-3-8B-Instruct-2512,jina,simple,jina/simple,410,FDP,5,0.7068,0.6857,0.69422,7.300699999999993e-05,0.021100000000000008,3.2,4.3,1.0999999999999996
eval_20260723_115807,Ministral-3-8B-Instruct-2512,jina,simple,jina/simple,740,SPD,5,0.7478,0.7274,0.7383200000000001,5.956699999999979e-05,0.020399999999999974,5.8,2.7,3.0999999999999996
eval_20260723_115807,Ministral-3-8B-Instruct-2512,jina,simple,jina/simple,91,BÜNDNIS 90/DIE GRÜNEN,5,0.7976,0.7607,0.77628,0.0001847919999999994,0.03689999999999993,3.2,2.4,0.8000000000000003
eval_20260723_115807,Ministral-3-8B-Instruct-2512,jina,simple,jina/simple,255,BÜNDNIS 90/DIE GRÜNEN,5,0.679,0.6445,0.6545799999999999,0.00020533700000000045,0.034500000000000086,3.2,2.4,0.8000000000000003
eval_20260723_115807,Ministral-3-8B-Instruct-2512,jina,simple,jina/simple,421,DIE LINKE,5,0.7906,0.7417,0.75954,0.0005061929999999992,0.048899999999999944,1.1,1.3,0.19999999999999996
eval_20260723_115807,Ministral-3-8B-Instruct-2512,jina,simple,jina/simple,376,FDP,5,0.7877,0.767,0.7734,6.892499999999959e-05,0.02069999999999994,4.5,4.3,0.20000000000000018
eval_20260723_115807,Ministral-3-8B-Instruct-2512,jina,simple,jina/simple,301,BÜNDNIS 90/DIE GRÜNEN,5,0.7448,0.7192,0.7323199999999999,0.00012523200000000067,0.025600000000000067,5.8,2.4,3.4
eval_20260723_115807,Ministral-3-8B-Instruct-2512,jina,simple,jina/simple,159,AfD,5,0.7442,0.7226,0.7310199999999999,0.00010652199999999979,0.021599999999999953,6.8,6.5,0.2999999999999998
eval_20260723_115807,Ministral-3-8B-Instruct-2512,jina,simple,jina/simple,70,BÜNDNIS 90/DIE GRÜNEN,5,0.7731,0.7584,0.7643800000000001,4.243699999999999e-05,0.014700000000000046,1.2,2.4,1.2
eval_20260723_115807,Ministral-3-8B-Instruct-2512,jina,simple,jina/simple,605,SPD,5,0.6544,0.64,0.64588,2.8351999999999928e-05,0.014399999999999968,6.5,2.7,3.8
eval_20260723_115807,Ministral-3-8B-Instruct-2512,jina,simple,jina/simple,132,AfD,5,0.8102,0.7991,0.8058399999999999,1.7712999999999974e-05,0.011099999999999999,1.2,6.5,5.3
eval_20260723_115807,Ministral-3-8B-Instruct-2512,jina,simple,jina/simple,45,CDU/CSU,5,0.8071,0.7894,0.79576,5.08280000000002e-05,0.01770000000000005,5.5,4.7,0.7999999999999998
eval_20260723_115807,Ministral-3-8B-Instruct-2512,jina,simple,jina/simple,71,BÜNDNIS 90/DIE GRÜNEN,5,0.7573,0.7261,0.734,0.0001758949999999996,0.031200000000000006,6.5,2.4,4.1
eval_20260723_115807,Ministral-3-8B-Instruct-2512,jina,simple,jina/simple,488,DIE LINKE,5,0.7423,0.7198,0.7319799999999999,0.00010639699999999941,0.022499999999999964,1.1,1.3,0.19999999999999996
eval_20260723_115807,Ministral-3-8B-Instruct-2512,jina,simple,jina/simple,759,SPD,5,0.7411,0.7236,0.73568,4.950699999999977e-05,0.01749999999999996,2.1,2.7,0.6000000000000001
eval_20260723_115807,Ministral-3-8B-Instruct-2512,jina,simple,jina/simple,324,CDU,5,0.7618,0.7392,0.74832,9.565200000000019e-05,0.022600000000000064,2.1,4.7,2.6
eval_20260723_115807,Ministral-3-8B-Instruct-2512,jina,simple,jina/simple,689,SPD,5,0.7143,0.6854,0.69428,0.00015634200000000026,0.028900000000000037,5.8,2.7,3.0999999999999996
eval_20260723_115807,Ministral-3-8B-Instruct-2512,jina,simple,jina/simple,136,AfD,5,0.7652,0.7404,0.7513799999999999,0.00011829200000000047,0.024800000000000044,7.0,6.5,0.5
eval_20260723_115807,Ministral-3-8B-Instruct-2512,jina,simple,jina/simple,83,BÜNDNIS 90/DIE GRÜNEN,5,0.7444,0.7307,0.73504,3.2222999999999756e-05,0.013699999999999934,6.8,2.4,4.4
eval_20260723_115807,Ministral-3-8B-Instruct-2512,jina,simple,jina/simple,166,AfD,5,0.795,0.7605,0.7698200000000001,0.00020579200000000054,0.034500000000000086,7.0,6.5,0.5
eval_20260723_115807,Ministral-3-8B-Instruct-2512,jina,simple,jina/simple,165,AfD,5,0.7493,0.7284,0.73702,9.294699999999961e-05,0.02089999999999992,6.8,6.5,0.2999999999999998
eval_20260723_115807,Ministral-3-8B-Instruct-2512,jina,simple,jina/simple,28,AfD,5,0.7914,0.7603,0.77092,0.00015392699999999994,0.031100000000000017,6.8,6.5,0.2999999999999998
eval_20260723_115807,Ministral-3-8B-Instruct-2512,jina,simple,jina/simple,778,SPD,5,0.7431,0.721,0.73298,8.620699999999996e-05,0.02210000000000001,3.2,2.7,0.5
eval_20260723_115807,Ministral-3-8B-Instruct-2512,jina,simple,jina/simple,194,AfD,5,0.7984,0.7865,0.79276,2.236800000000014e-05,0.011900000000000022,7.0,6.5,0.5
eval_20260723_115807,Ministral-3-8B-Instruct-2512,jina,simple,jina/simple,734,SPD,5,0.7581,0.7407,0.7472399999999999,4.428799999999995e-05,0.01739999999999997,4.2,2.7,1.5
eval_20260723_115807,Ministral-3-8B-Instruct-2512,jina,simple,jina/simple,533,DIE LINKE,5,0.7431,0.7175,0.72406,0.00011730799999999964,0.025599999999999956,2.1,1.3,0.8
eval_20260723_115807,Ministral-3-8B-Instruct-2512,jina,simple,jina/simple,330,CDU,5,0.6975,0.6951,0.69596,9.279999999999743e-07,0.0023999999999999577,4.5,4.7,0.20000000000000018
eval_20260723_115807,Ministral-3-8B-Instruct-2512,jina,simple,jina/simple,137,AfD,5,0.7538,0.7289,0.73594,0.00010399300000000045,0.024900000000000033,7.0,6.5,0.5
eval_20260723_115807,Ministral-3-8B-Instruct-2512,jina,simple,jina/simple,429,DIE LINKE,5,0.7353,0.7246,0.72904,2.5402999999999845e-05,0.010699999999999932,,1.3,
eval_20260723_115807,Ministral-3-8B-Instruct-2512,jina,simple,jina/simple,445,DIE LINKE,5,0.7918,0.7816,0.78792,1.7176999999999978e-05,0.010199999999999987,2.1,1.3,0.8
eval_20260723_115807,Ministral-3-8B-Instruct-2512,jina,simple,jina/simple,141,AfD,5,0.7497,0.7458,0.74792,2.027000000000019e-06,0.0039000000000000146,7.0,6.5,0.5
eval_20260723_115807,Ministral-3-8B-Instruct-2512,jina,simple,jina/simple,487,DIE LINKE,5,0.5976,0.5901,0.59382,8.837000000000129e-06,0.007500000000000062,3.5,1.3,2.2
eval_20260723_115807,Ministral-3-8B-Instruct-2512,jina,simple,jina/simple,6,CDU/CSU,5,0.7836,0.7426,0.76218,0.00036813199999999834,0.040999999999999925,,4.7,
eval_20260723_115807,Ministral-3-8B-Instruct-2512,jina,simple,jina/simple,537,DIE LINKE,5,0.6991,0.6771,0.68704,9.695799999999974e-05,0.02200000000000002,1.1,1.3,0.19999999999999996
eval_20260723_115807,Ministral-3-8B-Instruct-2512,jina,simple,jina/simple,744,SPD,5,0.7542,0.74,0.74552,2.9827000000000045e-05,0.01419999999999999,6.5,2.7,3.8
eval_20260723_115807,Ministral-3-8B-Instruct-2512,jina,simple,jina/simple,236,BÜNDNIS 90/DIE GRÜNEN,5,0.7267,0.6837,0.70356,0.00024422800000000063,0.04300000000000004,3.2,2.4,0.8000000000000003
eval_20260723_115807,Ministral-3-8B-Instruct-2512,jina,simple,jina/simple,498,DIE LINKE,5,0.7474,0.7081,0.72422,0.0002910769999999999,0.0393,5.8,1.3,4.5
eval_20260723_115807,Ministral-3-8B-Instruct-2512,jina,simple,jina/simple,579,DIE LINKE,5,0.7699,0.756,0.76278,4.005700000000003e-05,0.013900000000000023,6.8,1.3,5.5
eval_20260723_115807,Ministral-3-8B-Instruct-2512,jina,simple,jina/simple,282,BÜNDNIS 90/DIE GRÜNEN,5,0.7688,0.7431,0.7508600000000001,0.00011525300000000026,0.025700000000000056,1.2,2.4,1.2
eval_20260723_115807,Ministral-3-8B-Instruct-2512,jina,simple,jina/simple,519,DIE LINKE,5,0.6705,0.6545,0.6627200000000001,4.996200000000013e-05,0.016000000000000014,2.1,1.3,0.8
eval_20260723_115807,Ministral-3-8B-Instruct-2512,jina,simple,jina/simple,146,AfD,5,0.7559,0.7372,0.7437400000000001,7.45030000000002e-05,0.01870000000000005,7.0,6.5,0.5
eval_20260723_115807,Ministral-3-8B-Instruct-2512,jina,simple,jina/simple,303,BÜNDNIS 90/DIE GRÜNEN,5,0.7273,0.697,0.7085,0.0001592499999999997,0.030299999999999994,3.2,2.4,0.8000000000000003
eval_20260723_115807,Ministral-3-8B-Instruct-2512,jina,simple,jina/simple,221,BÜNDNIS 90/DIE GRÜNEN,5,0.7079,0.6929,0.7021,3.903500000000015e-05,0.015000000000000013,4.2,2.4,1.8000000000000003
eval_20260723_115807,Ministral-3-8B-Instruct-2512,jina,simple,jina/simple,312,BÜNDNIS 90/DIE GRÜNEN,5,0.6845,0.6706,0.67636,3.2658000000000005e-05,0.013900000000000023,2.1,2.4,0.2999999999999998
eval_20260723_115807,Ministral-3-8B-Instruct-2512,jina,simple,jina/simple,329,CDU,5,0.7797,0.7503,0.7605600000000001,0.0001404679999999997,0.02939999999999998,5.8,4.7,1.0999999999999996
eval_20260723_115807,Ministral-3-8B-Instruct-2512,jina,simple,jina/simple,133,AfD,5,0.7047,0.6845,0.6940199999999999,7.7507e-05,0.020199999999999996,6.8,6.5,0.2999999999999998
eval_20260723_115807,Ministral-3-8B-Instruct-2512,jina,simple,jina/simple,751,SPD,5,0.7083,0.684,0.6981400000000001,8.279299999999986e-05,0.02429999999999999,3.2,2.7,0.5
eval_20260723_115807,Ministral-3-8B-Instruct-2512,jina,simple,jina/simple,739,SPD,5,0.7444,0.7225,0.7333999999999999,0.00010315499999999958,0.02189999999999992,5.8,2.7,3.0999999999999996
eval_20260723_115807,Ministral-3-8B-Instruct-2512,jina,simple,jina/simple,800,SPD,5,0.6509,0.6357,0.64096,3.5878000000000086e-05,0.015199999999999991,4.5,2.7,1.7999999999999998
eval_20260723_115807,Ministral-3-8B-Instruct-2512,jina,simple,jina/simple,610,SPD,5,0.7003,0.6907,0.6954400000000001,1.7778000000000164e-05,0.009600000000000053,4.2,2.7,1.5
eval_20260723_115807,Ministral-3-8B-Instruct-2512,jina,simple,jina/simple,41,CDU/CSU,5,0.7599,0.7521,0.7552399999999999,1.157300000000019e-05,0.007800000000000029,3.2,4.7,1.5
eval_20260723_115807,Ministral-3-8B-Instruct-2512,jina,simple,jina/simple,663,SPD,5,0.786,0.7549,0.7692,0.00018293500000000044,0.031100000000000017,3.8,2.7,1.0999999999999996
eval_20260723_115807,Ministral-3-8B-Instruct-2512,jina,simple,jina/simple,109,BÜNDNIS 90/DIE GRÜNEN,5,0.8446,0.8125,0.82304,0.0001732330000000002,0.03210000000000002,2.1,2.4,0.2999999999999998
eval_20260723_115807,Ministral-3-8B-Instruct-2512,jina,simple,jina/simple,356,FDP,5,0.803,0.7757,0.78202,0.00013816700000000062,0.027300000000000102,5.8,4.3,1.5
eval_20260723_115807,Ministral-3-8B-Instruct-2512,jina,simple,jina/simple,57,CDU/CSU,5,0.6276,0.6217,0.6242000000000001,7.94000000000005e-06,0.005900000000000016,6.5,4.7,1.7999999999999998
eval_20260723_115807,Ministral-3-8B-Instruct-2512,jina,simple,jina/simple,287,BÜNDNIS 90/DIE GRÜNEN,5,0.7838,0.7487,0.7601199999999999,0.00019823700000000058,0.03510000000000002,1.1,2.4,1.2999999999999998
eval_20260723_115807,Ministral-3-8B-Instruct-2512,jina,simple,jina/simple,291,BÜNDNIS 90/DIE GRÜNEN,5,0.7645,0.7363,0.7552199999999999,0.00012049200000000015,0.028200000000000003,1.2,2.4,1.2
eval_20260723_115807,Ministral-3-8B-Instruct-2512,jina,simple,jina/simple,423,DIE LINKE,5,0.7842,0.7721,0.77738,2.948200000000002e-05,0.0121,1.2,1.3,0.10000000000000009
eval_20260723_115807,Ministral-3-8B-Instruct-2512,jina,simple,jina/simple,24,BÜNDNIS 90/DIE GRÜNEN,5,0.7495,0.7279,0.7362799999999999,7.848700000000044e-05,0.021600000000000064,3.2,2.4,0.8000000000000003
eval_20260723_115807,Ministral-3-8B-Instruct-2512,jina,simple,jina/simple,295,BÜNDNIS 90/DIE GRÜNEN,5,0.751,0.7125,0.7239199999999999,0.0002431270000000001,0.03849999999999998,1.2,2.4,1.2
eval_20260723_115807,Ministral-3-8B-Instruct-2512,jina,simple,jina/simple,363,FDP,5,0.7483,0.7266,0.7353799999999999,8.364699999999978e-05,0.02169999999999994,6.2,4.3,1.9000000000000004
eval_20260723_115807,Ministral-3-8B-Instruct-2512,jina,simple,jina/simple,52,BÜNDNIS 90/DIE GRÜNEN,5,0.7693,0.7633,0.7662800000000001,6.786999999999971e-06,0.006000000000000005,1.2,2.4,1.2
eval_20260723_115807,Ministral-3-8B-Instruct-2512,jina,simple,jina/simple,343,CSU,5,0.7605,0.7463,0.7516999999999999,2.871499999999995e-05,0.01419999999999999,6.5,5.4,1.0999999999999996
eval_20260723_115807,Ministral-3-8B-Instruct-2512,jina,simple,jina/simple,754,SPD,5,0.7124,0.6772,0.6887800000000001,0.00020720200000000013,0.03520000000000001,4.5,2.7,1.7999999999999998
eval_20260723_115807,Ministral-3-8B-Instruct-2512,jina,simple,jina/simple,265,BÜNDNIS 90/DIE GRÜNEN,5,0.7625,0.7326,0.74116,0.00015553299999999937,0.029899999999999927,2.8,2.4,0.3999999999999999
eval_20260723_115807,Ministral-3-8B-Instruct-2512,jina,simple,jina/simple,674,SPD,5,0.7795,0.7522,0.76342,0.00011701699999999997,0.02729999999999999,3.2,2.7,0.5
eval_20260723_115807,Ministral-3-8B-Instruct-2512,jina,simple,jina/simple,571,DIE LINKE,5,0.7477,0.7325,0.7390399999999999,4.2468000000000096e-05,0.015199999999999991,6.2,1.3,4.9
eval_20260723_115807,Ministral-3-8B-Instruct-2512,jina,simple,jina/simple,396,FDP,5,0.8153,0.7949,0.79964,7.770800000000004e-05,0.020399999999999974,3.2,4.3,1.0999999999999996
eval_20260723_115807,Ministral-3-8B-Instruct-2512,jina,simple,jina/simple,732,SPD,5,0.7336,0.7254,0.72854,9.688000000000011e-06,0.008199999999999985,3.2,2.7,0.5
eval_20260723_115807,Ministral-3-8B-Instruct-2512,jina,simple,jina/simple,598,SPD,5,0.7312,0.6984,0.71102,0.0001562419999999994,0.03279999999999994,4.5,2.7,1.7999999999999998
eval_20260723_115807,Ministral-3-8B-Instruct-2512,jina,simple,jina/simple,534,DIE LINKE,5,0.8406,0.8006,0.81738,0.00031997200000000067,0.040000000000000036,2.1,1.3,0.8
eval_20260723_115807,Ministral-3-8B-Instruct-2512,jina,simple,jina/simple,84,BÜNDNIS 90/DIE GRÜNEN,5,0.7609,0.7562,0.75876,3.893000000000089e-06,0.0047000000000000375,7.0,2.4,4.6
eval_20260723_115807,Ministral-3-8B-Instruct-2512,jina,simple,jina/simple,62,BÜNDNIS 90/DIE GRÜNEN,5,0.8579,0.8238,0.8367600000000002,0.00017030300000000028,0.03410000000000002,3.2,2.4,0.8000000000000003
eval_20260723_115807,Ministral-3-8B-Instruct-2512,jina,simple,jina/simple,786,SPD,5,0.7418,0.731,0.7356399999999998,1.8893000000000173e-05,0.010800000000000032,4.5,2.7,1.7999999999999998
eval_20260723_115807,Ministral-3-8B-Instruct-2512,jina,simple,jina/simple,808,SPD,5,0.7643,0.75,0.7567999999999999,4.30699999999997e-05,0.01429999999999998,4.2,2.7,1.5
eval_20260723_115807,Ministral-3-8B-Instruct-2512,jina,simple,jina/simple,692,SPD,5,0.73,0.7011,0.7136199999999999,0.00012473699999999998,0.028900000000000037,6.8,2.7,4.1
eval_20260723_115807,Ministral-3-8B-Instruct-2512,jina,simple,jina/simple,542,DIE LINKE,5,0.7335,0.7137,0.7216800000000001,7.671200000000026e-05,0.01980000000000004,2.1,1.3,0.8
eval_20260723_115807,Ministral-3-8B-Instruct-2512,jina,simple,jina/simple,183,AfD,5,0.7217,0.6729,0.7004400000000001,0.0004068779999999991,0.048799999999999955,7.0,6.5,0.5
eval_20260723_115807,Ministral-3-8B-Instruct-2512,jina,simple,jina/simple,553,DIE LINKE,5,0.7733,0.7589,0.76474,3.138799999999992e-05,0.014399999999999968,1.3,1.3,0.0
eval_20260723_115807,Ministral-3-8B-Instruct-2512,jina,simple,jina/simple,515,DIE LINKE,5,0.7492,0.7323,0.73822,4.6562000000000094e-05,0.016900000000000026,1.1,1.3,0.19999999999999996
eval_20260723_115807,Ministral-3-8B-Instruct-2512,jina,simple,jina/simple,224,BÜNDNIS 90/DIE GRÜNEN,5,0.6507,0.6351,0.6447,6.027499999999999e-05,0.015599999999999947,7.0,2.4,4.6
eval_20260723_115807,Ministral-3-8B-Instruct-2512,jina,simple,jina/simple,437,DIE LINKE,5,0.764,0.7326,0.74736,0.0002153129999999996,0.031399999999999983,1.2,1.3,0.10000000000000009
eval_20260723_115807,Ministral-3-8B-Instruct-2512,jina,simple,jina/simple,654,SPD,5,0.7629,0.7519,0.75496,2.1688000000000145e-05,0.01100000000000001,3.2,2.7,0.5
eval_20260723_115807,Ministral-3-8B-Instruct-2512,jina,simple,jina/simple,656,SPD,5,0.7666,0.7435,0.75298,7.891699999999943e-05,0.0230999999999999,4.2,2.7,1.5
eval_20260723_115807,Ministral-3-8B-Instruct-2512,jina,simple,jina/simple,657,SPD,5,0.763,0.7432,0.7520399999999999,6.076300000000012e-05,0.01980000000000004,6.5,2.7,3.8
eval_20260723_115807,Ministral-3-8B-Instruct-2512,jina,simple,jina/simple,641,SPD,5,0.6895,0.6792,0.68666,1.78629999999999e-05,0.010299999999999976,4.5,2.7,1.7999999999999998
eval_20260723_115807,Ministral-3-8B-Instruct-2512,jina,simple,jina/simple,508,DIE LINKE,5,0.7847,0.7724,0.78088,2.928199999999999e-05,0.012299999999999978,6.8,1.3,5.5
eval_20260723_115807,Ministral-3-8B-Instruct-2512,jina,simple,jina/simple,177,AfD,5,0.7274,0.7188,0.7218399999999999,1.0943000000000151e-05,0.008600000000000052,7.0,6.5,0.5
eval_20260723_115807,Ministral-3-8B-Instruct-2512,jina,simple,jina/simple,559,DIE LINKE,5,0.7759,0.7676,0.7721199999999999,1.0507000000000228e-05,0.008300000000000085,1.2,1.3,0.10000000000000009
eval_20260723_115807,Ministral-3-8B-Instruct-2512,jina,simple,jina/simple,540,DIE LINKE,5,0.7523,0.7421,0.74606,1.9208000000000057e-05,0.010199999999999987,4.5,1.3,3.2
eval_20260723_115807,Ministral-3-8B-Instruct-2512,jina,simple,jina/simple,164,AfD,5,0.6998,0.6915,0.6953,1.2894999999999996e-05,0.008299999999999974,7.0,6.5,0.5
eval_20260723_115807,Ministral-3-8B-Instruct-2512,jina,simple,jina/simple,249,BÜNDNIS 90/DIE GRÜNEN,5,0.8489,0.8344,0.8417200000000001,4.9731999999999665e-05,0.014499999999999957,5.8,2.4,3.4
eval_20260723_115807,Ministral-3-8B-Instruct-2512,jina,simple,jina/simple,531,DIE LINKE,5,0.7537,0.7221,0.7349,0.00017543500000000102,0.03160000000000007,5.8,1.3,4.5
eval_20260723_115807,Ministral-3-8B-Instruct-2512,jina,simple,jina/simple,735,SPD,5,0.7727,0.7404,0.7488400000000001,0.00018175300000000086,0.032300000000000106,,2.7,
eval_20260723_115807,Ministral-3-8B-Instruct-2512,jina,simple,jina/simple,709,SPD,5,0.7657,0.7441,0.7494400000000001,8.342300000000036e-05,0.021600000000000064,3.8,2.7,1.0999999999999996
eval_20260723_115807,Ministral-3-8B-Instruct-2512,jina,simple,jina/simple,418,DIE LINKE,5,0.7537,0.7393,0.7489600000000001,3.3858000000000346e-05,0.01440000000000008,1.2,1.3,0.10000000000000009
eval_20260723_115807,Ministral-3-8B-Instruct-2512,jina,simple,jina/simple,105,CDU/CSU,5,0.7251,0.713,0.7175,2.5610000000000007e-05,0.0121,6.8,4.7,2.0999999999999996
eval_20260723_115807,Ministral-3-8B-Instruct-2512,jina,simple,jina/simple,115,AfD,5,0.7574,0.7451,0.7514000000000001,2.7269999999999988e-05,0.012299999999999978,7.0,6.5,0.5
eval_20260723_115807,Ministral-3-8B-Instruct-2512,jina,simple,jina/simple,672,SPD,5,0.6873,0.6743,0.6801200000000001,2.3272000000000037e-05,0.013000000000000012,4.5,2.7,1.7999999999999998
eval_20260723_115807,Ministral-3-8B-Instruct-2512,jina,simple,jina/simple,93,DIE LINKE,5,0.7004,0.6897,0.6923600000000001,2.061300000000015e-05,0.010700000000000043,5.8,1.3,4.5
eval_20260723_115807,Ministral-3-8B-Instruct-2512,jina,simple,jina/simple,424,DIE LINKE,5,0.8006,0.7671,0.7756000000000001,0.00019955499999999975,0.033499999999999974,3.2,1.3,1.9000000000000001
eval_20260723_115807,Ministral-3-8B-Instruct-2512,jina,simple,jina/simple,90,DIE LINKE,5,0.5764,0.5718,0.5733400000000001,4.0580000000000686e-06,0.0046000000000000485,4.5,1.3,3.2
eval_20260723_115807,Ministral-3-8B-Instruct-2512,jina,simple,jina/simple,443,DIE LINKE,5,0.7455,0.7303,0.73512,3.780700000000028e-05,0.015200000000000102,7.0,1.3,5.7
eval_20260723_115807,Ministral-3-8B-Instruct-2512,jina,simple,jina/simple,755,SPD,5,0.7808,0.7507,0.7633800000000001,0.0001230370000000002,0.030100000000000016,3.2,2.7,0.5
eval_20260723_115807,Ministral-3-8B-Instruct-2512,jina,simple,jina/simple,764,SPD,5,0.7518,0.7343,0.74164,5.72230000000001e-05,0.01750000000000007,3.2,2.7,0.5
eval_20260723_115807,Ministral-3-8B-Instruct-2512,jina,simple,jina/simple,686,SPD,5,0.7246,0.7034,0.71174,9.783799999999991e-05,0.021199999999999997,6.5,2.7,3.8
eval_20260723_115807,Ministral-3-8B-Instruct-2512,jina,simple,jina/simple,592,DIE LINKE,5,0.7621,0.7399,0.7482800000000001,7.217199999999997e-05,0.022199999999999998,1.2,1.3,0.10000000000000009
eval_20260723_115807,Ministral-3-8B-Instruct-2512,jina,simple,jina/simple,756,SPD,5,0.7541,0.7192,0.73576,0.00018199300000000036,0.03490000000000004,3.2,2.7,0.5
eval_20260723_115807,Ministral-3-8B-Instruct-2512,jina,simple,jina/simple,11,BÜNDNIS 90/DIE GRÜNEN,5,0.775,0.7519,0.76502,9.744199999999978e-05,0.02310000000000001,6.8,2.4,4.4
eval_20260723_115807,Ministral-3-8B-Instruct-2512,jina,simple,jina/simple,501,DIE LINKE,5,0.7607,0.7413,0.75014,6.326800000000014e-05,0.019400000000000084,2.3,1.3,0.9999999999999998
eval_20260723_115807,Ministral-3-8B-Instruct-2512,jina,simple,jina/simple,43,CDU/CSU,5,0.8047,0.7882,0.79302,4.434199999999995e-05,0.01649999999999996,5.8,4.7,1.0999999999999996
eval_20260723_115807,Ministral-3-8B-Instruct-2512,jina,simple,jina/simple,42,CDU/CSU,5,0.7939,0.7839,0.7872200000000001,1.6247000000000124e-05,0.010000000000000009,3.2,4.7,1.5
eval_20260723_115807,Ministral-3-8B-Instruct-2512,jina,simple,jina/simple,168,AfD,5,0.8066,0.7927,0.7977399999999999,2.9273000000000033e-05,0.013900000000000023,6.8,6.5,0.2999999999999998
eval_20260723_115807,Ministral-3-8B-Instruct-2512,jina,simple,jina/simple,589,DIE LINKE,5,0.7703,0.7583,0.765,3.282000000000015e-05,0.01200000000000001,1.2,1.3,0.10000000000000009
eval_20260723_115807,Ministral-3-8B-Instruct-2512,jina,simple,jina/simple,644,SPD,5,0.7546,0.6889,0.70538,0.0007911070000000018,0.06570000000000009,2.1,2.7,0.6000000000000001
eval_20260723_115807,Ministral-3-8B-Instruct-2512,jina,simple,jina/simple,179,AfD,5,0.7877,0.7709,0.7772600000000001,4.312799999999966e-05,0.016799999999999926,6.9,6.5,0.40000000000000036
eval_20260723_115807,Ministral-3-8B-Instruct-2512,jina,simple,jina/simple,552,DIE LINKE,5,0.7052,0.695,0.69958,1.9082000000000198e-05,0.010200000000000098,1.2,1.3,0.10000000000000009
eval_20260723_115807,Ministral-3-8B-Instruct-2512,jina,simple,jina/simple,178,AfD,5,0.7133,0.6924,0.7014,6.68050000000002e-05,0.02090000000000003,6.8,6.5,0.2999999999999998
eval_20260723_115807,Ministral-3-8B-Instruct-2512,jina,simple,jina/simple,573,DIE LINKE,5,0.829,0.7791,0.79634,0.000400932999999999,0.049899999999999944,4.2,1.3,2.9000000000000004
eval_20260723_115807,Ministral-3-8B-Instruct-2512,jina,simple,jina/simple,258,BÜNDNIS 90/DIE GRÜNEN,5,0.6996,0.6791,0.6882600000000001,5.4472999999999815e-05,0.020499999999999963,1.1,2.4,1.2999999999999998
eval_20260723_115807,Ministral-3-8B-Instruct-2512,jina,simple,jina/simple,449,DIE LINKE,5,0.7918,0.7344,0.75046,0.0005533579999999982,0.057399999999999896,1.2,1.3,0.10000000000000009
eval_20260723_115807,Ministral-3-8B-Instruct-2512,jina,simple,jina/simple,486,DIE LINKE,5,0.7868,0.767,0.77244,6.82330000000004e-05,0.01980000000000004,1.2,1.3,0.10000000000000009
eval_20260723_115807,Ministral-3-8B-Instruct-2512,jina,simple,jina/simple,15,BÜNDNIS 90/DIE GRÜNEN,5,0.774,0.7591,0.76606,3.636300000000013e-05,0.014900000000000024,2.1,2.4,0.2999999999999998
eval_20260723_115807,Ministral-3-8B-Instruct-2512,jina,simple,jina/simple,3,CDU/CSU,5,0.8391,0.8215,0.8272,5.683999999999975e-05,0.01759999999999995,5.8,4.7,1.0999999999999996
eval_20260723_115807,Ministral-3-8B-Instruct-2512,jina,simple,jina/simple,347,CSU,5,0.7497,0.7318,0.73948,4.452200000000016e-05,0.017900000000000027,3.2,5.4,2.2
eval_20260723_115807,Ministral-3-8B-Instruct-2512,jina,simple,jina/simple,257,BÜNDNIS 90/DIE GRÜNEN,5,0.6846,0.6685,0.67268,4.566700000000003e-05,0.016100000000000003,5.8,2.4,3.4
eval_20260723_115807,Ministral-3-8B-Instruct-2512,jina,simple,jina/simple,384,FDP,5,0.7511,0.7044,0.7228800000000001,0.0003414869999999998,0.046699999999999964,1.2,4.3,3.0999999999999996
eval_20260723_115807,Ministral-3-8B-Instruct-2512,jina,simple,jina/simple,594,DIE LINKE,5,0.7297,0.714,0.71884,3.8863000000000194e-05,0.015700000000000047,3.5,1.3,2.2
eval_20260723_115807,Ministral-3-8B-Instruct-2512,jina,simple,jina/simple,797,SPD,5,0.7398,0.7276,0.73248,2.7147000000000115e-05,0.012199999999999989,5.8,2.7,3.0999999999999996
eval_20260723_115807,Ministral-3-8B-Instruct-2512,jina,simple,jina/simple,798,SPD,5,0.691,0.683,0.6858600000000001,1.0902999999999707e-05,0.007999999999999896,3.2,2.7,0.5
eval_20260723_115807,Ministral-3-8B-Instruct-2512,jina,simple,jina/simple,430,DIE LINKE,5,0.8339,0.8137,0.82128,6.506200000000002e-05,0.020199999999999996,4.5,1.3,3.2
eval_20260723_115807,Ministral-3-8B-Instruct-2512,jina,simple,jina/simple,616,SPD,5,0.701,0.6883,0.6938199999999999,3.222199999999971e-05,0.012699999999999934,3.2,2.7,0.5
eval_20260723_115807,Ministral-3-8B-Instruct-2512,jina,simple,jina/simple,412,FDP,5,0.7188,0.6946,0.70214,9.539799999999982e-05,0.0242,3.2,4.3,1.0999999999999996
eval_20260723_115807,Ministral-3-8B-Instruct-2512,jina,simple,jina/simple,325,CDU,5,0.7754,0.7575,0.7665,5.346000000000021e-05,0.017900000000000027,3.8,4.7,0.9000000000000004
eval_20260723_115807,Ministral-3-8B-Instruct-2512,jina,simple,jina/simple,670,SPD,5,0.6877,0.6753,0.68004,2.2267999999999876e-05,0.012399999999999967,4.5,2.7,1.7999999999999998
eval_20260723_115807,Ministral-3-8B-Instruct-2512,jina,simple,jina/simple,9,BÜNDNIS 90/DIE GRÜNEN,5,0.8055,0.795,0.80166,2.4857999999999852e-05,0.010499999999999954,3.2,2.4,0.8000000000000003
eval_20260723_115807,Ministral-3-8B-Instruct-2512,jina,simple,jina/simple,250,BÜNDNIS 90/DIE GRÜNEN,5,0.6991,0.6888,0.69294,1.4963000000000277e-05,0.010300000000000087,4.5,2.4,2.1
eval_20260723_115807,Ministral-3-8B-Instruct-2512,jina,simple,jina/simple,22,BÜNDNIS 90/DIE GRÜNEN,5,0.7612,0.7425,0.74886,5.320299999999972e-05,0.01869999999999994,5.8,2.4,3.4
eval_20260723_115807,Ministral-3-8B-Instruct-2512,jina,simple,jina/simple,222,BÜNDNIS 90/DIE GRÜNEN,5,0.7885,0.761,0.77182,0.00012801699999999964,0.02749999999999997,1.2,2.4,1.2
eval_20260723_115807,Ministral-3-8B-Instruct-2512,jina,simple,jina/simple,560,DIE LINKE,5,0.7688,0.7489,0.7572599999999999,6.3188e-05,0.01990000000000003,2.1,1.3,0.8
eval_20260723_115807,Ministral-3-8B-Instruct-2512,jina,simple,jina/simple,707,SPD,5,0.7203,0.7122,0.7155800000000001,1.0347000000000125e-05,0.008099999999999996,4.5,2.7,1.7999999999999998
eval_20260723_115807,Ministral-3-8B-Instruct-2512,jina,simple,jina/simple,805,SPD,5,0.7215,0.7066,0.71244,3.7443000000000204e-05,0.014900000000000024,5.8,2.7,3.0999999999999996
eval_20260723_115807,Ministral-3-8B-Instruct-2512,jina,simple,jina/simple,468,DIE LINKE,5,0.7731,0.7516,0.76224,5.999799999999979e-05,0.021499999999999964,1.2,1.3,0.10000000000000009
eval_20260723_115807,Ministral-3-8B-Instruct-2512,jina,simple,jina/simple,341,CDU,5,0.7845,0.7637,0.7740199999999999,7.256699999999951e-05,0.02079999999999993,6.8,4.7,2.0999999999999996
eval_20260723_115807,Ministral-3-8B-Instruct-2512,jina,simple,jina/simple,238,BÜNDNIS 90/DIE GRÜNEN,5,0.7567,0.7474,0.7513599999999999,1.786800000000012e-05,0.009300000000000086,2.1,2.4,0.2999999999999998
eval_20260723_115807,Ministral-3-8B-Instruct-2512,jina,simple,jina/simple,94,AfD,5,0.8287,0.8112,0.8165600000000002,5.194299999999993e-05,0.01749999999999996,7.0,6.5,0.5
eval_20260723_115807,Ministral-3-8B-Instruct-2512,jina,simple,jina/simple,413,FDP,5,0.7369,0.7123,0.71878,0.00010483200000000002,0.024599999999999955,3.8,4.3,0.5
eval_20260723_115807,Ministral-3-8B-Instruct-2512,jina,simple,jina/simple,636,SPD,5,0.7231,0.699,0.7106999999999999,8.547500000000014e-05,0.02410000000000001,3.2,2.7,0.5
eval_20260723_115807,Ministral-3-8B-Instruct-2512,jina,simple,jina/simple,719,SPD,5,0.6736,0.6629,0.66752,2.057699999999976e-05,0.010699999999999932,3.2,2.7,0.5
eval_20260723_115807,Ministral-3-8B-Instruct-2512,jina,simple,jina/simple,285,BÜNDNIS 90/DIE GRÜNEN,5,0.7775,0.7514,0.767,0.00010971500000000019,0.026100000000000012,1.2,2.4,1.2
eval_20260723_115807,Ministral-3-8B-Instruct-2512,jina,simple,jina/simple,185,AfD,5,0.7513,0.7244,0.73572,0.00010839699999999966,0.026899999999999924,7.0,6.5,0.5
eval_20260723_115807,Ministral-3-8B-Instruct-2512,jina,simple,jina/simple,665,SPD,5,0.6824,0.669,0.6734,2.742499999999999e-05,0.013399999999999967,3.2,2.7,0.5
eval_20260723_115807,Ministral-3-8B-Instruct-2512,jina,simple,jina/simple,690,SPD,5,0.759,0.7149,0.7305400000000001,0.0004448279999999998,0.04410000000000003,3.8,2.7,1.0999999999999996
eval_20260723_115807,Ministral-3-8B-Instruct-2512,jina,simple,jina/simple,154,AfD,5,0.6752,0.6646,0.6677000000000001,1.9530000000000116e-05,0.010600000000000054,7.0,6.5,0.5
eval_20260723_115807,Ministral-3-8B-Instruct-2512,jina,simple,jina/simple,76,SPD,5,0.6952,0.6823,0.6871400000000001,3.572299999999988e-05,0.012900000000000023,3.5,2.7,0.7999999999999998
eval_20260723_115807,Ministral-3-8B-Instruct-2512,jina,simple,jina/simple,466,DIE LINKE,5,0.7187,0.7122,0.71476,7.2579999999999956e-06,0.00649999999999995,3.2,1.3,1.9000000000000001
eval_20260723_115807,Ministral-3-8B-Instruct-2512,jina,simple,jina/simple,513,DIE LINKE,5,0.7588,0.7301,0.7386000000000001,0.0001412950000000003,0.02870000000000006,2.1,1.3,0.8
eval_20260723_115807,Ministral-3-8B-Instruct-2512,jina,simple,jina/simple,278,BÜNDNIS 90/DIE GRÜNEN,5,0.769,0.7571,0.7636999999999999,2.0805000000000144e-05,0.011900000000000022,2.1,2.4,0.2999999999999998
eval_20260723_115807,Ministral-3-8B-Instruct-2512,jina,simple,jina/simple,69,BÜNDNIS 90/DIE GRÜNEN,5,0.7309,0.72,0.72554,2.300299999999988e-05,0.01090000000000002,6.8,2.4,4.4
eval_20260723_115807,Ministral-3-8B-Instruct-2512,jina,simple,jina/simple,526,DIE LINKE,5,0.6344,0.5425,0.56742,0.0014542869999999994,0.09189999999999998,1.3,1.3,0.0
eval_20260723_115807,Ministral-3-8B-Instruct-2512,jina,simple,jina/simple,189,AfD,5,0.8056,0.7989,0.8035,7.1349999999998885e-06,0.006699999999999928,7.0,6.5,0.5
eval_20260723_115807,Ministral-3-8B-Instruct-2512,jina,simple,jina/simple,272,BÜNDNIS 90/DIE GRÜNEN,5,0.7705,0.7449,0.75408,9.674199999999973e-05,0.025599999999999956,4.2,2.4,1.8000000000000003
eval_20260723_115807,Ministral-3-8B-Instruct-2512,jina,simple,jina/simple,517,DIE LINKE,5,0.8004,0.78,0.7879999999999999,5.826499999999993e-05,0.020399999999999974,1.2,1.3,0.10000000000000009
eval_20260723_115807,Ministral-3-8B-Instruct-2512,jina,simple,jina/simple,237,BÜNDNIS 90/DIE GRÜNEN,5,0.6966,0.672,0.68118,8.87969999999998e-05,0.024599999999999955,2.8,2.4,0.3999999999999999
eval_20260723_115807,Ministral-3-8B-Instruct-2512,jina,simple,jina/simple,89,BÜNDNIS 90/DIE GRÜNEN,5,0.7489,0.7293,0.7346799999999999,6.530700000000033e-05,0.019600000000000062,1.2,2.4,1.2
eval_20260723_115807,Ministral-3-8B-Instruct-2512,jina,simple,jina/simple,698,SPD,5,0.7304,0.6998,0.7101000000000001,0.00017485000000000048,0.03060000000000007,4.2,2.7,1.5
eval_20260723_115807,Ministral-3-8B-Instruct-2512,jina,simple,jina/simple,118,AfD,5,0.7144,0.6868,0.6986399999999999,0.00013606800000000053,0.02760000000000007,6.8,6.5,0.2999999999999998
eval_20260723_115807,Ministral-3-8B-Instruct-2512,jina,simple,jina/simple,126,AfD,5,0.7151,0.7051,0.7084599999999999,1.6692999999999977e-05,0.010000000000000009,7.0,6.5,0.5
eval_20260723_115807,Ministral-3-8B-Instruct-2512,jina,simple,jina/simple,676,SPD,5,0.7165,0.7105,0.71248,6.407000000000022e-06,0.006000000000000005,2.1,2.7,0.6000000000000001
eval_20260723_115807,Ministral-3-8B-Instruct-2512,jina,simple,jina/simple,290,BÜNDNIS 90/DIE GRÜNEN,5,0.7688,0.7575,0.7617,2.4720000000000265e-05,0.011300000000000088,2.8,2.4,0.3999999999999999
eval_20260723_115807,Ministral-3-8B-Instruct-2512,jina,simple,jina/simple,239,BÜNDNIS 90/DIE GRÜNEN,5,0.7394,0.7164,0.72772,0.00010845699999999952,0.02299999999999991,2.1,2.4,0.2999999999999998
eval_20260723_115807,Ministral-3-8B-Instruct-2512,jina,simple,jina/simple,0,BÜNDNIS 90/DIE GRÜNEN,5,0.8239,0.8133,0.81714,2.4612999999999834e-05,0.010599999999999943,3.2,2.4,0.8000000000000003
eval_20260723_115807,Ministral-3-8B-Instruct-2512,jina,simple,jina/simple,812,SPD,5,0.759,0.7443,0.74904,3.608300000000021e-05,0.014700000000000046,2.8,2.7,0.09999999999999964
eval_20260723_115807,Ministral-3-8B-Instruct-2512,jina,simple,jina/simple,397,FDP,5,0.7873,0.7459,0.759,0.0002634800000000002,0.04139999999999999,2.1,4.3,2.1999999999999997
eval_20260723_115807,Ministral-3-8B-Instruct-2512,jina,simple,jina/simple,717,SPD,5,0.7732,0.7332,0.74968,0.00023294700000000028,0.040000000000000036,3.2,2.7,0.5
eval_20260723_115807,Ministral-3-8B-Instruct-2512,jina,simple,jina/simple,479,DIE LINKE,5,0.7028,0.6801,0.68724,8.753299999999983e-05,0.022699999999999942,3.2,1.3,1.9000000000000001
eval_20260723_115807,Ministral-3-8B-Instruct-2512,jina,simple,jina/simple,279,BÜNDNIS 90/DIE GRÜNEN,5,0.7576,0.7326,0.7425200000000001,0.00011559200000000011,0.025000000000000022,3.2,2.4,0.8000000000000003
eval_20260723_115807,Ministral-3-8B-Instruct-2512,jina,simple,jina/simple,639,SPD,5,0.6898,0.6804,0.6826399999999999,1.628299999999994e-05,0.009399999999999964,3.2,2.7,0.5
eval_20260723_115807,Ministral-3-8B-Instruct-2512,jina,simple,jina/simple,117,AfD,5,0.7786,0.7665,0.7735,2.060500000000004e-05,0.0121,7.0,6.5,0.5
eval_20260723_115807,Ministral-3-8B-Instruct-2512,jina,simple,jina/simple,229,BÜNDNIS 90/DIE GRÜNEN,5,0.7259,0.7013,0.7123800000000001,0.00014339699999999932,0.024599999999999955,2.1,2.4,0.2999999999999998
eval_20260723_115807,Ministral-3-8B-Instruct-2512,jina,simple,jina/simple,580,DIE LINKE,5,0.7434,0.7267,0.7332000000000001,6.038499999999963e-05,0.016699999999999937,3.2,1.3,1.9000000000000001
eval_20260723_115807,Ministral-3-8B-Instruct-2512,jina,simple,jina/simple,433,DIE LINKE,5,0.7488,0.7206,0.73316,0.00019776299999999986,0.028200000000000003,1.2,1.3,0.10000000000000009
eval_20260723_115807,Ministral-3-8B-Instruct-2512,jina,simple,jina/simple,447,DIE LINKE,5,0.816,0.7971,0.8090999999999999,5.2114999999999754e-05,0.018899999999999917,1.2,1.3,0.10000000000000009
eval_20260723_115807,Ministral-3-8B-Instruct-2512,jina,simple,jina/simple,275,BÜNDNIS 90/DIE GRÜNEN,5,0.7988,0.7635,0.77678,0.00019346199999999977,0.0353,3.2,2.4,0.8000000000000003
eval_20260723_115807,Ministral-3-8B-Instruct-2512,jina,simple,jina/simple,629,SPD,5,0.6838,0.6599,0.6712,0.00013040499999999978,0.02389999999999992,3.2,2.7,0.5
eval_20260723_115807,Ministral-3-8B-Instruct-2512,jina,simple,jina/simple,145,AfD,5,0.6883,0.682,0.6852799999999999,7.606999999999895e-06,0.006299999999999972,7.0,6.5,0.5
eval_20260723_115807,Ministral-3-8B-Instruct-2512,jina,simple,jina/simple,591,DIE LINKE,5,0.7253,0.6988,0.7068599999999999,0.00011549299999999963,0.026499999999999968,1.2,1.3,0.10000000000000009
eval_20260723_115807,Ministral-3-8B-Instruct-2512,jina,simple,jina/simple,520,DIE LINKE,5,0.7375,0.7141,0.7227,8.062000000000036e-05,0.023400000000000087,3.2,1.3,1.9000000000000001
eval_20260723_115807,Ministral-3-8B-Instruct-2512,jina,simple,jina/simple,747,SPD,5,0.7148,0.7082,0.71126,8.887999999999887e-06,0.006599999999999939,3.2,2.7,0.5
eval_20260723_115807,Ministral-3-8B-Instruct-2512,jina,simple,jina/simple,599,SPD,5,0.8006,0.7536,0.7644,0.00041389499999999925,0.04699999999999993,4.2,2.7,1.5
eval_20260723_115807,Ministral-3-8B-Instruct-2512,jina,simple,jina/simple,370,FDP,5,0.7651,0.7324,0.74146,0.00017920799999999982,0.03269999999999995,2.1,4.3,2.1999999999999997
eval_20260723_115807,Ministral-3-8B-Instruct-2512,jina,simple,jina/simple,269,BÜNDNIS 90/DIE GRÜNEN,5,0.775,0.7667,0.77118,1.3882000000000053e-05,0.008299999999999974,5.8,2.4,3.4
eval_20260723_115807,Ministral-3-8B-Instruct-2512,jina,simple,jina/simple,581,DIE LINKE,5,0.7145,0.6963,0.7033,5.71450000000001e-05,0.018199999999999994,1.2,1.3,0.10000000000000009
eval_20260723_115807,Ministral-3-8B-Instruct-2512,jina,simple,jina/simple,311,BÜNDNIS 90/DIE GRÜNEN,5,0.7481,0.7375,0.74232,1.5421999999999877e-05,0.010599999999999943,3.2,2.4,0.8000000000000003
eval_20260723_115807,Ministral-3-8B-Instruct-2512,jina,simple,jina/simple,596,DIE LINKE,5,0.7787,0.7682,0.77098,1.886699999999986e-05,0.010499999999999954,1.2,1.3,0.10000000000000009
eval_20260723_115807,Ministral-3-8B-Instruct-2512,jina,simple,jina/simple,47,CDU/CSU,5,0.7823,0.755,0.76296,0.00012322299999999991,0.02729999999999999,3.2,4.7,1.5
eval_20260723_115807,Ministral-3-8B-Instruct-2512,jina,simple,jina/simple,350,FDP,5,0.728,0.7198,0.7239800000000001,1.6042000000000037e-05,0.008199999999999985,4.5,4.3,0.20000000000000018
eval_20260723_115807,Ministral-3-8B-Instruct-2512,jina,simple,jina/simple,536,DIE LINKE,5,0.7742,0.7586,0.76506,3.58379999999999e-05,0.015599999999999947,1.2,1.3,0.10000000000000009
eval_20260723_115807,Ministral-3-8B-Instruct-2512,jina,simple,jina/simple,262,BÜNDNIS 90/DIE GRÜNEN,5,0.7948,0.7405,0.7659799999999999,0.0004954469999999987,0.054299999999999904,3.2,2.4,0.8000000000000003
eval_20260723_115807,Ministral-3-8B-Instruct-2512,jina,simple,jina/simple,196,AfD,5,0.7846,0.7707,0.77864,3.554799999999969e-05,0.013899999999999912,7.0,6.5,0.5
eval_20260723_115807,Ministral-3-8B-Instruct-2512,jina,simple,jina/simple,820,SPD,5,0.7308,0.7094,0.72028,8.973699999999993e-05,0.021399999999999975,5.8,2.7,3.0999999999999996
eval_20260723_115807,Ministral-3-8B-Instruct-2512,jina,simple,jina/simple,688,SPD,5,0.7552,0.7105,0.72724,0.0003541729999999991,0.04469999999999996,3.2,2.7,0.5
eval_20260723_115807,Ministral-3-8B-Instruct-2512,jina,simple,jina/simple,108,AfD,5,0.8229,0.8031,0.8128399999999999,9.090799999999957e-05,0.01979999999999993,6.8,6.5,0.2999999999999998
eval_20260723_115807,Ministral-3-8B-Instruct-2512,jina,simple,jina/simple,60,BÜNDNIS 90/DIE GRÜNEN,5,0.6912,0.6664,0.6805800000000001,0.0001262320000000007,0.024800000000000044,3.2,2.4,0.8000000000000003
eval_20260723_115807,Ministral-3-8B-Instruct-2512,jina,simple,jina/simple,623,SPD,5,0.77,0.7415,0.75374,0.00014640300000000014,0.02849999999999997,3.2,2.7,0.5
eval_20260723_115807,Ministral-3-8B-Instruct-2512,jina,simple,jina/simple,452,DIE LINKE,5,0.757,0.7162,0.72636,0.00030269300000000004,0.04080000000000006,7.0,1.3,5.7
eval_20260723_115807,Ministral-3-8B-Instruct-2512,jina,simple,jina/simple,101,BÜNDNIS 90/DIE GRÜNEN,5,0.7546,0.734,0.74302,7.487200000000031e-05,0.020600000000000063,1.2,2.4,1.2
eval_20260723_115807,Ministral-3-8B-Instruct-2512,jina,simple,jina/simple,491,DIE LINKE,5,0.8078,0.7748,0.78766,0.00018397799999999952,0.03299999999999992,,1.3,
eval_20260723_115807,Ministral-3-8B-Instruct-2512,jina,simple,jina/simple,738,SPD,5,0.6541,0.6478,0.65112,6.416999999999929e-06,0.006299999999999972,3.2,2.7,0.5
eval_20260723_115807,Ministral-3-8B-Instruct-2512,jina,simple,jina/simple,597,SPD,5,0.745,0.7164,0.72514,0.0001371529999999997,0.02859999999999996,4.2,2.7,1.5
eval_20260723_115807,Ministral-3-8B-Instruct-2512,jina,simple,jina/simple,811,SPD,5,0.7562,0.7259,0.7359,0.0001576850000000002,0.030299999999999994,3.2,2.7,0.5
eval_20260723_115807,Ministral-3-8B-Instruct-2512,jina,simple,jina/simple,180,AfD,5,0.7506,0.7082,0.7183400000000001,0.00032675800000000034,0.04239999999999999,1.2,6.5,5.3
eval_20260723_115807,Ministral-3-8B-Instruct-2512,jina,simple,jina/simple,305,BÜNDNIS 90/DIE GRÜNEN,5,0.7912,0.7776,0.7820400000000001,3.0363000000000082e-05,0.013600000000000056,3.2,2.4,0.8000000000000003
eval_20260723_115807,Ministral-3-8B-Instruct-2512,jina,simple,jina/simple,630,SPD,5,0.7281,0.7183,0.72138,1.5116999999999866e-05,0.00979999999999992,3.2,2.7,0.5
eval_20260723_115807,Ministral-3-8B-Instruct-2512,jina,simple,jina/simple,724,SPD,5,0.7044,0.6897,0.6948399999999999,3.851300000000019e-05,0.014700000000000046,4.5,2.7,1.7999999999999998
eval_20260723_115807,Ministral-3-8B-Instruct-2512,jina,simple,jina/simple,791,SPD,5,0.7581,0.6892,0.70804,0.0008302829999999997,0.06889999999999996,6.8,2.7,4.1
eval_20260723_115807,Ministral-3-8B-Instruct-2512,jina,simple,jina/simple,150,AfD,5,0.7717,0.7569,0.76172,4.0142000000000125e-05,0.014800000000000035,7.0,6.5,0.5
eval_20260723_115807,Ministral-3-8B-Instruct-2512,jina,simple,jina/simple,650,SPD,5,0.703,0.6959,0.69832,8.652000000000018e-06,0.007099999999999995,6.5,2.7,3.8
eval_20260723_115807,Ministral-3-8B-Instruct-2512,jina,simple,jina/simple,714,SPD,5,0.7471,0.7254,0.7306,8.662999999999957e-05,0.02169999999999994,3.2,2.7,0.5
eval_20260723_115807,Ministral-3-8B-Instruct-2512,jina,simple,jina/simple,186,AfD,5,0.7269,0.703,0.71248,9.217200000000004e-05,0.023900000000000032,7.0,6.5,0.5
eval_20260723_115807,Ministral-3-8B-Instruct-2512,jina,simple,jina/simple,681,SPD,5,0.8017,0.7556,0.76862,0.000357891999999999,0.04609999999999992,,2.7,
eval_20260723_115807,Ministral-3-8B-Instruct-2512,jina,simple,jina/simple,51,BÜNDNIS 90/DIE GRÜNEN,5,0.7481,0.7395,0.744,1.3684999999999761e-05,0.008599999999999941,4.5,2.4,2.1
eval_20260723_115807,Ministral-3-8B-Instruct-2512,jina,simple,jina/simple,482,DIE LINKE,5,0.7647,0.7366,0.74434,0.0001327330000000003,0.028100000000000014,2.1,1.3,0.8
eval_20260723_115807,Ministral-3-8B-Instruct-2512,jina,simple,jina/simple,810,SPD,5,0.7023,0.6874,0.6960200000000001,3.39470000000002e-05,0.014900000000000024,6.8,2.7,4.1
eval_20260723_115807,Ministral-3-8B-Instruct-2512,jina,simple,jina/simple,484,DIE LINKE,5,0.7793,0.7611,0.76976,5.3897999999999964e-05,0.018199999999999994,3.2,1.3,1.9000000000000001
eval_20260723_115807,Ministral-3-8B-Instruct-2512,jina,simple,jina/simple,322,CDU,5,0.655,0.6388,0.64374,4.5953e-05,0.016199999999999992,5.8,4.7,1.0999999999999996
eval_20260723_115807,Ministral-3-8B-Instruct-2512,jina,simple,jina/simple,354,FDP,5,0.7419,0.7269,0.7332600000000001,4.454300000000004e-05,0.015000000000000013,4.2,4.3,0.09999999999999964
eval_20260723_115807,Ministral-3-8B-Instruct-2512,jina,simple,jina/simple,760,SPD,5,0.7011,0.6863,0.69162,3.652699999999966e-05,0.014799999999999924,4.2,2.7,1.5
eval_20260723_115807,Ministral-3-8B-Instruct-2512,jina,simple,jina/simple,143,AfD,5,0.7787,0.7406,0.75578,0.00021129199999999937,0.03809999999999991,6.8,6.5,0.2999999999999998
eval_20260723_115807,Ministral-3-8B-Instruct-2512,jina,simple,jina/simple,371,FDP,5,0.7636,0.7514,0.7554,2.4834999999999954e-05,0.012199999999999989,6.8,4.3,2.5
eval_20260723_115807,Ministral-3-8B-Instruct-2512,jina,simple,jina/simple,142,AfD,5,0.77,0.7564,0.76338,3.0442000000000184e-05,0.013600000000000056,7.0,6.5,0.5
eval_20260723_115807,Ministral-3-8B-Instruct-2512,jina,simple,jina/simple,400,FDP,5,0.693,0.6829,0.68732,1.4286999999999943e-05,0.010099999999999998,6.8,4.3,2.5
eval_20260723_115807,Ministral-3-8B-Instruct-2512,jina,simple,jina/simple,264,BÜNDNIS 90/DIE GRÜNEN,5,0.7287,0.7129,0.7195799999999999,4.420700000000024e-05,0.015800000000000036,1.2,2.4,1.2
eval_20260723_115807,Ministral-3-8B-Instruct-2512,jina,simple,jina/simple,321,CDU,5,0.6951,0.6622,0.67268,0.00018751700000000052,0.03290000000000004,4.2,4.7,0.5
eval_20260723_115807,Ministral-3-8B-Instruct-2512,jina,simple,jina/simple,19,BÜNDNIS 90/DIE GRÜNEN,5,0.7406,0.7292,0.73438,1.8692000000000142e-05,0.011400000000000077,2.8,2.4,0.3999999999999999
eval_20260723_115807,Ministral-3-8B-Instruct-2512,jina,simple,jina/simple,173,AfD,5,0.7759,0.7539,0.76084,8.196300000000011e-05,0.02200000000000002,6.8,6.5,0.2999999999999998
eval_20260723_115807,Ministral-3-8B-Instruct-2512,jina,simple,jina/simple,669,SPD,5,0.7502,0.7339,0.7441000000000001,5.6125000000000314e-05,0.01629999999999998,4.5,2.7,1.7999999999999998
eval_20260723_115807,Ministral-3-8B-Instruct-2512,jina,simple,jina/simple,313,BÜNDNIS 90/DIE GRÜNEN,5,0.7745,0.7568,0.7669,7.453499999999981e-05,0.017699999999999938,2.1,2.4,0.2999999999999998
eval_20260723_115807,Ministral-3-8B-Instruct-2512,jina,simple,jina/simple,766,SPD,5,0.7312,0.7097,0.7213200000000001,9.834699999999994e-05,0.021499999999999964,2.1,2.7,0.6000000000000001
eval_20260723_115807,Ministral-3-8B-Instruct-2512,jina,simple,jina/simple,12,BÜNDNIS 90/DIE GRÜNEN,5,0.6969,0.6768,0.68232,6.847699999999993e-05,0.020100000000000007,3.2,2.4,0.8000000000000003
eval_20260723_115807,Ministral-3-8B-Instruct-2512,jina,simple,jina/simple,408,FDP,5,0.7182,0.7044,0.70976,3.668299999999959e-05,0.013799999999999923,3.2,4.3,1.0999999999999996
eval_20260723_115807,Ministral-3-8B-Instruct-2512,jina,simple,jina/simple,409,FDP,5,0.7858,0.7669,0.7752600000000001,5.73280000000003e-05,0.018900000000000028,5.8,4.3,1.5
eval_20260723_115807,Ministral-3-8B-Instruct-2512,jina,simple,jina/simple,306,BÜNDNIS 90/DIE GRÜNEN,5,0.7486,0.7274,0.7355600000000001,6.9673e-05,0.021199999999999997,1.2,2.4,1.2
eval_20260723_115807,Ministral-3-8B-Instruct-2512,jina,simple,jina/simple,355,FDP,5,0.6016,0.5916,0.5950400000000001,1.7293000000000026e-05,0.010000000000000009,4.5,4.3,0.20000000000000018
eval_20260723_115807,Ministral-3-8B-Instruct-2512,jina,simple,jina/simple,170,AfD,5,0.718,0.6946,0.7028999999999999,9.54899999999999e-05,0.023399999999999976,6.8,6.5,0.2999999999999998
eval_20260723_115807,Ministral-3-8B-Instruct-2512,jina,simple,jina/simple,38,AfD,5,0.7923,0.7797,0.78904,2.799800000000034e-05,0.012600000000000056,6.8,6.5,0.2999999999999998
eval_20260723_115807,Ministral-3-8B-Instruct-2512,jina,simple,jina/simple,176,AfD,5,0.7152,0.7068,0.71024,1.0672999999999964e-05,0.008399999999999963,7.0,6.5,0.5
eval_20260723_115807,Ministral-3-8B-Instruct-2512,jina,simple,jina/simple,246,BÜNDNIS 90/DIE GRÜNEN,5,0.8139,0.7787,0.7908,0.00020431999999999997,0.03520000000000001,3.2,2.4,0.8000000000000003
eval_20260723_115807,Ministral-3-8B-Instruct-2512,jina,simple,jina/simple,693,SPD,5,0.7026,0.6757,0.68594,0.0001426180000000004,0.026900000000000035,4.2,2.7,1.5
eval_20260723_115807,Ministral-3-8B-Instruct-2512,jina,simple,jina/simple,417,DIE LINKE,5,0.7629,0.7532,0.7571200000000001,1.3877000000000055e-05,0.009700000000000042,2.1,1.3,0.8
eval_20260723_115807,Ministral-3-8B-Instruct-2512,jina,simple,jina/simple,787,SPD,5,0.7865,0.7389,0.75762,0.00038962699999999987,0.047599999999999976,3.2,2.7,0.5
eval_20260723_115807,Ministral-3-8B-Instruct-2512,jina,simple,jina/simple,273,BÜNDNIS 90/DIE GRÜNEN,5,0.7899,0.7793,0.7846200000000001,2.277700000000014e-05,0.010600000000000054,2.8,2.4,0.3999999999999999
eval_20260723_115807,Ministral-3-8B-Instruct-2512,jina,simple,jina/simple,474,DIE LINKE,5,0.6682,0.6353,0.6476200000000001,0.00017623700000000015,0.03290000000000004,2.1,1.3,0.8
eval_20260723_115807,Ministral-3-8B-Instruct-2512,jina,simple,jina/simple,626,SPD,5,0.7708,0.7294,0.74038,0.00029742200000000004,0.04139999999999999,3.2,2.7,0.5
eval_20260723_115807,Ministral-3-8B-Instruct-2512,jina,simple,jina/simple,127,AfD,5,0.815,0.7928,0.8003199999999999,9.011699999999984e-05,0.022199999999999998,,6.5,
eval_20260723_115807,Ministral-3-8B-Instruct-2512,jina,simple,jina/simple,450,DIE LINKE,5,0.767,0.7561,0.7586,2.2150000000000047e-05,0.01090000000000002,6.8,1.3,5.5
eval_20260723_115807,Ministral-3-8B-Instruct-2512,jina,simple,jina/simple,585,DIE LINKE,5,0.757,0.695,0.7270800000000001,0.0008750569999999998,0.062000000000000055,1.2,1.3,0.10000000000000009
eval_20260723_115807,Ministral-3-8B-Instruct-2512,jina,simple,jina/simple,342,CDU,5,0.7264,0.707,0.7132799999999999,5.844700000000053e-05,0.019400000000000084,7.0,4.7,2.3
eval_20260723_115807,Ministral-3-8B-Instruct-2512,jina,simple,jina/simple,288,BÜNDNIS 90/DIE GRÜNEN,5,0.813,0.7973,0.80504,3.811299999999986e-05,0.015699999999999936,3.2,2.4,0.8000000000000003
eval_20260723_115807,Ministral-3-8B-Instruct-2512,jina,simple,jina/simple,114,AfD,5,0.722,0.7164,0.71896,5.332999999999933e-06,0.005599999999999938,7.0,6.5,0.5
eval_20260723_115807,Ministral-3-8B-Instruct-2512,jina,simple,jina/simple,514,DIE LINKE,5,0.7767,0.7321,0.7458600000000001,0.00033369299999999895,0.04459999999999997,4.2,1.3,2.9000000000000004
eval_20260723_115807,Ministral-3-8B-Instruct-2512,jina,simple,jina/simple,174,AfD,5,0.7978,0.7725,0.7792,0.00010964499999999947,0.02529999999999999,6.8,6.5,0.2999999999999998
eval_20260723_115807,Ministral-3-8B-Instruct-2512,jina,simple,jina/simple,360,FDP,5,0.7681,0.7376,0.75074,0.00017962300000000012,0.03049999999999997,,4.3,
eval_20260723_115807,Ministral-3-8B-Instruct-2512,jina,simple,jina/simple,524,DIE LINKE,5,0.8075,0.7792,0.7912600000000001,0.00011683799999999987,0.028299999999999992,1.2,1.3,0.10000000000000009
eval_20260723_115807,Ministral-3-8B-Instruct-2512,jina,simple,jina/simple,58,BÜNDNIS 90/DIE GRÜNEN,5,0.7985,0.7809,0.78782,5.8911999999999805e-05,0.01759999999999995,2.8,2.4,0.3999999999999999
eval_20260723_115807,Ministral-3-8B-Instruct-2512,jina,simple,jina/simple,762,SPD,5,0.686,0.6784,0.6819599999999999,9.133000000000138e-06,0.007600000000000051,4.5,2.7,1.7999999999999998
eval_20260723_115807,Ministral-3-8B-Instruct-2512,jina,simple,jina/simple,223,BÜNDNIS 90/DIE GRÜNEN,5,0.8,0.7716,0.78258,0.00015230700000000107,0.028400000000000092,2.1,2.4,0.2999999999999998
eval_20260723_115807,Ministral-3-8B-Instruct-2512,jina,simple,jina/simple,705,SPD,5,0.7162,0.6153,0.64032,0.0018380469999999985,0.10089999999999999,4.5,2.7,1.7999999999999998
eval_20260723_115807,Ministral-3-8B-Instruct-2512,jina,simple,jina/simple,281,BÜNDNIS 90/DIE GRÜNEN,5,0.6933,0.6744,0.68184,5.714300000000022e-05,0.018900000000000028,3.2,2.4,0.8000000000000003
eval_20260723_115807,Ministral-3-8B-Instruct-2512,jina,simple,jina/simple,17,BÜNDNIS 90/DIE GRÜNEN,5,0.7523,0.7472,0.74962,6.047000000000037e-06,0.005099999999999993,7.0,2.4,4.6
eval_20260723_115807,Ministral-3-8B-Instruct-2512,jina,simple,jina/simple,128,AfD,5,0.7081,0.6912,0.6990000000000001,6.673999999999954e-05,0.016899999999999915,6.8,6.5,0.2999999999999998
eval_20260723_115807,Ministral-3-8B-Instruct-2512,jina,simple,jina/simple,323,CDU,5,0.6792,0.6754,0.67768,1.9970000000000344e-06,0.0038000000000000256,3.2,4.7,1.5
eval_20260723_115807,Ministral-3-8B-Instruct-2512,jina,simple,jina/simple,588,DIE LINKE,5,0.7698,0.6867,0.73658,0.001173797000000002,0.08310000000000006,1.1,1.3,0.19999999999999996
eval_20260723_115807,Ministral-3-8B-Instruct-2512,jina,simple,jina/simple,471,DIE LINKE,5,0.7827,0.7556,0.76442,0.00011464699999999935,0.027099999999999902,3.2,1.3,1.9000000000000001
eval_20260723_115807,Ministral-3-8B-Instruct-2512,jina,simple,jina/simple,612,SPD,5,0.7186,0.704,0.7103400000000001,3.39980000000002e-05,0.014600000000000057,4.5,2.7,1.7999999999999998
eval_20260723_115807,Ministral-3-8B-Instruct-2512,jina,simple,jina/simple,469,DIE LINKE,5,0.8052,0.7755,0.7892600000000001,0.0001729630000000006,0.02970000000000006,1.2,1.3,0.10000000000000009
eval_20260723_115807,Ministral-3-8B-Instruct-2512,jina,simple,jina/simple,789,SPD,5,0.7343,0.7103,0.7197,8.660499999999966e-05,0.02399999999999991,2.3,2.7,0.40000000000000036
eval_20260723_115807,Ministral-3-8B-Instruct-2512,jina,simple,jina/simple,191,AfD,5,0.7686,0.751,0.7594799999999999,7.125699999999977e-05,0.01759999999999995,7.0,6.5,0.5
eval_20260723_115807,Ministral-3-8B-Instruct-2512,jina,simple,jina/simple,116,AfD,5,0.7542,0.7454,0.7501599999999999,1.976800000000022e-05,0.00880000000000003,6.9,6.5,0.40000000000000036
eval_20260723_115807,Ministral-3-8B-Instruct-2512,jina,simple,jina/simple,529,DIE LINKE,5,0.6234,0.6065,0.6159999999999999,4.2114999999999545e-05,0.016899999999999915,3.5,1.3,2.2
eval_20260723_115807,Ministral-3-8B-Instruct-2512,jina,simple,jina/simple,726,SPD,5,0.7366,0.7117,0.72368,0.00011134700000000055,0.024900000000000033,4.2,2.7,1.5
eval_20260723_115807,Ministral-3-8B-Instruct-2512,jina,simple,jina/simple,181,AfD,5,0.728,0.7113,0.7192200000000001,4.4796999999999734e-05,0.016699999999999937,7.0,6.5,0.5
eval_20260723_115807,Ministral-3-8B-Instruct-2512,jina,simple,jina/simple,302,BÜNDNIS 90/DIE GRÜNEN,5,0.8105,0.7896,0.79666,7.594300000000033e-05,0.02090000000000003,3.2,2.4,0.8000000000000003
eval_20260723_115807,Ministral-3-8B-Instruct-2512,jina,simple,jina/simple,631,SPD,5,0.7564,0.7094,0.72272,0.000379316999999999,0.04699999999999993,4.5,2.7,1.7999999999999998
eval_20260723_115807,Ministral-3-8B-Instruct-2512,jina,simple,jina/simple,595,DIE LINKE,5,0.749,0.7381,0.7429,3.1175000000000216e-05,0.01090000000000002,1.2,1.3,0.10000000000000009
eval_20260723_115807,Ministral-3-8B-Instruct-2512,jina,simple,jina/simple,604,SPD,5,0.8076,0.7946,0.7990999999999999,2.6539999999999946e-05,0.013000000000000012,3.2,2.7,0.5
eval_20260723_115807,Ministral-3-8B-Instruct-2512,jina,simple,jina/simple,802,SPD,5,0.7515,0.7335,0.7416600000000001,4.734299999999962e-05,0.017999999999999905,6.8,2.7,4.1
eval_20260723_115807,Ministral-3-8B-Instruct-2512,jina,simple,jina/simple,555,DIE LINKE,5,0.7108,0.7034,0.70662,7.341999999999965e-06,0.007399999999999962,1.2,1.3,0.10000000000000009
eval_20260723_115807,Ministral-3-8B-Instruct-2512,jina,simple,jina/simple,806,SPD,5,0.7293,0.695,0.7110000000000001,0.0001793699999999996,0.0343,4.5,2.7,1.7999999999999998
eval_20260723_115807,Ministral-3-8B-Instruct-2512,jina,simple,jina/simple,46,CDU/CSU,5,0.5952,0.5826,0.5887399999999999,2.8987999999999788e-05,0.012599999999999945,1.2,4.7,3.5
eval_20260723_115807,Ministral-3-8B-Instruct-2512,jina,simple,jina/simple,746,SPD,5,0.7819,0.7639,0.77232,6.539200000000019e-05,0.018000000000000016,4.2,2.7,1.5
eval_20260723_115807,Ministral-3-8B-Instruct-2512,jina,simple,jina/simple,158,AfD,5,0.7742,0.7274,0.7411000000000001,0.00036353999999999987,0.04679999999999995,7.0,6.5,0.5
eval_20260723_115807,Ministral-3-8B-Instruct-2512,jina,simple,jina/simple,619,SPD,5,0.7483,0.7215,0.7331,0.0001147749999999993,0.026799999999999935,4.2,2.7,1.5
eval_20260723_115807,Ministral-3-8B-Instruct-2512,jina,simple,jina/simple,172,AfD,5,0.74,0.7304,0.73512,1.3586999999999926e-05,0.009599999999999942,7.0,6.5,0.5
eval_20260723_115807,Ministral-3-8B-Instruct-2512,jina,simple,jina/simple,16,BÜNDNIS 90/DIE GRÜNEN,5,0.8116,0.8067,0.80822,4.207000000000013e-06,0.0049000000000000155,2.1,2.4,0.2999999999999998
eval_20260723_115807,Ministral-3-8B-Instruct-2512,jina,simple,jina/simple,512,DIE LINKE,5,0.738,0.7266,0.73022,2.2931999999999966e-05,0.011399999999999966,7.0,1.3,5.7
eval_20260723_115807,Ministral-3-8B-Instruct-2512,jina,simple,jina/simple,49,CDU/CSU,5,0.8347,0.8071,0.8153,0.00013100499999999985,0.027599999999999958,5.8,4.7,1.0999999999999996
eval_20260723_115807,Ministral-3-8B-Instruct-2512,jina,simple,jina/simple,795,SPD,5,0.7584,0.7505,0.75362,1.5776999999999846e-05,0.007900000000000018,3.5,2.7,0.7999999999999998
eval_20260723_115807,Ministral-3-8B-Instruct-2512,jina,simple,jina/simple,516,DIE LINKE,5,0.7523,0.722,0.73456,0.0001673529999999999,0.030299999999999994,1.1,1.3,0.19999999999999996
eval_20260723_115807,Ministral-3-8B-Instruct-2512,jina,simple,jina/simple,679,SPD,5,0.7349,0.7104,0.71632,0.00010928199999999996,0.024499999999999966,3.2,2.7,0.5
eval_20260723_115807,Ministral-3-8B-Instruct-2512,jina,simple,jina/simple,481,DIE LINKE,5,0.8222,0.7894,0.8002799999999999,0.00019949200000000055,0.03280000000000005,2.1,1.3,0.8
eval_20260723_115807,Ministral-3-8B-Instruct-2512,jina,simple,jina/simple,284,BÜNDNIS 90/DIE GRÜNEN,5,0.7188,0.676,0.6893600000000001,0.00031250799999999964,0.04279999999999995,4.5,2.4,2.1
eval_20260723_115807,Ministral-3-8B-Instruct-2512,jina,simple,jina/simple,549,DIE LINKE,5,0.7708,0.7397,0.75396,0.00013079300000000017,0.031100000000000017,4.5,1.3,3.2
eval_20260723_115807,Ministral-3-8B-Instruct-2512,jina,simple,jina/simple,226,BÜNDNIS 90/DIE GRÜNEN,5,0.7872,0.7609,0.7716799999999999,0.00010272200000000008,0.02629999999999999,2.8,2.4,0.3999999999999999
eval_20260723_115807,Ministral-3-8B-Instruct-2512,jina,simple,jina/simple,26,AfD,5,0.7251,0.7033,0.71278,6.110699999999964e-05,0.02179999999999993,6.8,6.5,0.2999999999999998
eval_20260723_115807,Ministral-3-8B-Instruct-2512,jina,simple,jina/simple,661,SPD,5,0.7939,0.7565,0.77792,0.0002748720000000013,0.0374000000000001,3.2,2.7,0.5
eval_20260723_115807,Ministral-3-8B-Instruct-2512,jina,simple,jina/simple,438,DIE LINKE,5,0.6356,0.6148,0.6213799999999999,6.759200000000031e-05,0.02080000000000004,5.5,1.3,4.2
eval_20260723_115807,Ministral-3-8B-Instruct-2512,jina,simple,jina/simple,365,FDP,5,0.6644,0.6293,0.64118,0.00019533200000000013,0.03510000000000002,4.5,4.3,0.20000000000000018
eval_20260723_115807,Ministral-3-8B-Instruct-2512,jina,simple,jina/simple,230,BÜNDNIS 90/DIE GRÜNEN,5,0.7554,0.7255,0.7361800000000001,0.00018671699999999974,0.029899999999999927,3.5,2.4,1.1
eval_20260723_115807,Ministral-3-8B-Instruct-2512,jina,simple,jina/simple,37,AfD,5,0.8263,0.8162,0.8209200000000001,1.7586999999999983e-05,0.010099999999999998,6.8,6.5,0.2999999999999998
eval_20260723_115807,Ministral-3-8B-Instruct-2512,jina,simple,jina/simple,790,SPD,5,0.7033,0.6504,0.6676599999999999,0.0004599630000000006,0.05290000000000006,3.2,2.7,0.5
eval_20260723_115807,Ministral-3-8B-Instruct-2512,jina,simple,jina/simple,375,FDP,5,0.8045,0.7592,0.77466,0.0004224530000000007,0.04530000000000001,3.2,4.3,1.0999999999999996
eval_20260723_115807,Ministral-3-8B-Instruct-2512,jina,simple,jina/simple,470,DIE LINKE,5,0.755,0.7383,0.7466199999999998,6.36970000000003e-05,0.016700000000000048,4.5,1.3,3.2
eval_20260723_115807,Ministral-3-8B-Instruct-2512,jina,simple,jina/simple,792,SPD,5,0.7658,0.7331,0.7448,0.00017214500000000058,0.03270000000000006,1.2,2.7,1.5000000000000002
eval_20260723_115807,Ministral-3-8B-Instruct-2512,jina,simple,jina/simple,699,SPD,5,0.7095,0.6993,0.70342,1.9627000000000034e-05,0.010199999999999987,6.8,2.7,4.1
eval_20260723_115807,Ministral-3-8B-Instruct-2512,jina,simple,jina/simple,606,SPD,5,0.6869,0.663,0.6712399999999998,9.875299999999971e-05,0.02389999999999992,1.2,2.7,1.5000000000000002
eval_20260723_115807,Ministral-3-8B-Instruct-2512,jina,simple,jina/simple,195,AfD,5,0.7871,0.7739,0.78026,3.476299999999995e-05,0.01319999999999999,7.0,6.5,0.5
eval_20260723_115807,Ministral-3-8B-Instruct-2512,jina,simple,jina/simple,815,SPD,5,0.7464,0.7238,0.7359600000000001,0.00011116299999999986,0.022599999999999953,2.1,2.7,0.6000000000000001
eval_20260723_115807,Ministral-3-8B-Instruct-2512,jina,simple,jina/simple,710,SPD,5,0.6467,0.6201,0.6277200000000001,0.0001191420000000005,0.026600000000000068,4.5,2.7,1.7999999999999998
eval_20260723_115807,Ministral-3-8B-Instruct-2512,jina,simple,jina/simple,504,DIE LINKE,5,0.6899,0.6867,0.6883,1.4199999999999868e-06,0.0031999999999999806,5.8,1.3,4.5
eval_20260723_115807,Ministral-3-8B-Instruct-2512,jina,simple,jina/simple,794,SPD,5,0.6816,0.6651,0.6689,5.123499999999981e-05,0.01649999999999996,4.2,2.7,1.5
eval_20260723_115807,Ministral-3-8B-Instruct-2512,jina,simple,jina/simple,685,SPD,5,0.7551,0.7422,0.748,2.7320000000000064e-05,0.012900000000000023,5.8,2.7,3.0999999999999996
eval_20260723_115807,Ministral-3-8B-Instruct-2512,jina,simple,jina/simple,793,SPD,5,0.7539,0.7314,0.7379200000000001,9.013199999999971e-05,0.022499999999999964,3.2,2.7,0.5
eval_20260723_115807,Ministral-3-8B-Instruct-2512,jina,simple,jina/simple,163,AfD,5,0.7101,0.6701,0.68464,0.00024285799999999917,0.039999999999999925,7.0,6.5,0.5
eval_20260723_115807,Ministral-3-8B-Instruct-2512,jina,simple,jina/simple,587,DIE LINKE,5,0.6844,0.6598,0.669,9.7105e-05,0.024599999999999955,2.8,1.3,1.4999999999999998
eval_20260723_115807,Ministral-3-8B-Instruct-2512,jina,simple,jina/simple,153,AfD,5,0.8628,0.8248,0.8405999999999999,0.00023708000000000068,0.038000000000000034,7.0,6.5,0.5
eval_20260723_115807,Ministral-3-8B-Instruct-2512,jina,simple,jina/simple,570,DIE LINKE,5,0.7193,0.7151,0.71692,2.452000000000125e-06,0.0042000000000000925,1.2,1.3,0.10000000000000009
eval_20260723_115807,Ministral-3-8B-Instruct-2512,jina,simple,jina/simple,586,DIE LINKE,5,0.7275,0.7135,0.71928,3.0172000000000063e-05,0.014000000000000012,6.8,1.3,5.5
eval_20260723_115807,Ministral-3-8B-Instruct-2512,jina,simple,jina/simple,627,SPD,5,0.7497,0.7185,0.7280200000000001,0.00015354700000000016,0.031200000000000006,3.2,2.7,0.5
eval_20260723_115807,Ministral-3-8B-Instruct-2512,jina,simple,jina/simple,112,BÜNDNIS 90/DIE GRÜNEN,5,0.7626,0.7382,0.74666,0.00011954799999999989,0.024399999999999977,1.2,2.4,1.2
eval_20260723_115807,Ministral-3-8B-Instruct-2512,jina,simple,jina/simple,576,DIE LINKE,5,0.7439,0.7193,0.7309,0.00010597999999999959,0.024599999999999955,4.2,1.3,2.9000000000000004
eval_20260723_115807,Ministral-3-8B-Instruct-2512,jina,simple,jina/simple,104,DIE LINKE,5,0.8128,0.7858,0.79598,0.00011423699999999965,0.026999999999999913,1.2,1.3,0.10000000000000009
eval_20260723_115807,Ministral-3-8B-Instruct-2512,jina,simple,jina/simple,422,DIE LINKE,5,0.7193,0.707,0.71348,3.535700000000032e-05,0.012300000000000089,1.2,1.3,0.10000000000000009
eval_20260723_115807,Ministral-3-8B-Instruct-2512,jina,simple,jina/simple,120,AfD,5,0.7002,0.6712,0.68482,0.00013865700000000063,0.029000000000000026,7.0,6.5,0.5
eval_20260723_115807,Ministral-3-8B-Instruct-2512,jina,simple,jina/simple,54,BÜNDNIS 90/DIE GRÜNEN,5,0.8127,0.799,0.8059200000000001,3.971699999999968e-05,0.013699999999999934,2.1,2.4,0.2999999999999998
eval_20260723_115807,Ministral-3-8B-Instruct-2512,jina,simple,jina/simple,152,AfD,5,0.7366,0.7235,0.72798,3.2406999999999936e-05,0.0131,7.0,6.5,0.5
eval_20260723_115807,Ministral-3-8B-Instruct-2512,jina,simple,jina/simple,404,FDP,5,0.6956,0.6553,0.6721999999999999,0.000319675,0.0403,5.8,4.3,1.5
eval_20260723_115807,Ministral-3-8B-Instruct-2512,jina,simple,jina/simple,774,SPD,5,0.7292,0.6858,0.70426,0.000410488,0.043399999999999994,2.1,2.7,0.6000000000000001
eval_20260723_115807,Ministral-3-8B-Instruct-2512,jina,simple,jina/simple,208,AfD,5,0.7892,0.7641,0.77486,0.00011402800000000023,0.02510000000000001,7.0,6.5,0.5
eval_20260723_115807,Ministral-3-8B-Instruct-2512,jina,simple,jina/simple,694,SPD,5,0.7485,0.7099,0.7289800000000002,0.00030031700000000036,0.03860000000000008,4.5,2.7,1.7999999999999998
eval_20260723_115807,Ministral-3-8B-Instruct-2512,jina,simple,jina/simple,645,SPD,5,0.7558,0.7257,0.7384000000000001,0.00020273499999999995,0.030100000000000016,3.2,2.7,0.5
eval_20260723_115807,Ministral-3-8B-Instruct-2512,jina,simple,jina/simple,8,BÜNDNIS 90/DIE GRÜNEN,5,0.7989,0.7811,0.79086,7.35830000000002e-05,0.017800000000000038,3.2,2.4,0.8000000000000003
eval_20260723_115807,Ministral-3-8B-Instruct-2512,jina,simple,jina/simple,667,SPD,5,0.8155,0.7965,0.80406,6.334799999999988e-05,0.019000000000000017,2.1,2.7,0.6000000000000001
eval_20260723_115807,Ministral-3-8B-Instruct-2512,jina,simple,jina/simple,36,AfD,5,0.7649,0.7451,0.75068,6.705200000000025e-05,0.01980000000000004,6.8,6.5,0.2999999999999998
eval_20260723_115807,Ministral-3-8B-Instruct-2512,jina,simple,jina/simple,453,DIE LINKE,5,0.8085,0.763,0.7746799999999999,0.0003621220000000001,0.045499999999999985,1.2,1.3,0.10000000000000009
eval_20260723_115807,Ministral-3-8B-Instruct-2512,jina,simple,jina/simple,254,BÜNDNIS 90/DIE GRÜNEN,5,0.664,0.6472,0.6597200000000001,4.950700000000017e-05,0.016800000000000037,3.2,2.4,0.8000000000000003
eval_20260723_115807,Ministral-3-8B-Instruct-2512,jina,simple,jina/simple,304,BÜNDNIS 90/DIE GRÜNEN,5,0.7614,0.7396,0.7468999999999999,7.141999999999952e-05,0.02179999999999993,7.0,2.4,4.6
eval_20260723_115807,Ministral-3-8B-Instruct-2512,jina,simple,jina/simple,659,SPD,5,0.7698,0.7423,0.74888,0.00014016700000000075,0.02750000000000008,3.2,2.7,0.5
eval_20260723_115807,Ministral-3-8B-Instruct-2512,jina,simple,jina/simple,572,DIE LINKE,5,0.8121,0.796,0.8024800000000001,7.104199999999993e-05,0.016100000000000003,5.8,1.3,4.5
eval_20260723_115807,Ministral-3-8B-Instruct-2512,jina,simple,jina/simple,711,SPD,5,0.7563,0.7249,0.7422599999999999,0.0001358229999999997,0.031399999999999983,4.5,2.7,1.7999999999999998
eval_20260723_115807,Ministral-3-8B-Instruct-2512,jina,simple,jina/simple,767,SPD,5,0.7674,0.7396,0.74924,0.00012306799999999945,0.027799999999999936,2.1,2.7,0.6000000000000001
eval_20260723_115807,Ministral-3-8B-Instruct-2512,jina,simple,jina/simple,263,BÜNDNIS 90/DIE GRÜNEN,5,0.7749,0.7278,0.74018,0.0003815370000000008,0.04710000000000003,4.5,2.4,2.1
eval_20260723_115807,Ministral-3-8B-Instruct-2512,jina,simple,jina/simple,298,BÜNDNIS 90/DIE GRÜNEN,5,0.7408,0.731,0.73704,1.4348000000000114e-05,0.009800000000000031,1.2,2.4,1.2
eval_20260723_115807,Ministral-3-8B-Instruct-2512,jina,simple,jina/simple,415,DIE LINKE,5,0.8098,0.7763,0.7912399999999999,0.00019061300000000012,0.033499999999999974,1.2,1.3,0.10000000000000009
eval_20260723_115807,Ministral-3-8B-Instruct-2512,jina,simple,jina/simple,151,AfD,5,0.7267,0.7061,0.7122399999999999,7.312800000000047e-05,0.020600000000000063,7.0,6.5,0.5
eval_20260723_115807,Ministral-3-8B-Instruct-2512,jina,simple,jina/simple,652,SPD,5,0.6561,0.6519,0.65358,3.43699999999999e-06,0.0041999999999999815,3.2,2.7,0.5
eval_20260723_115807,Ministral-3-8B-Instruct-2512,jina,simple,jina/simple,729,SPD,5,0.7269,0.7208,0.72372,4.952000000000003e-06,0.006099999999999994,3.2,2.7,0.5
eval_20260723_115807,Ministral-3-8B-Instruct-2512,jina,simple,jina/simple,551,DIE LINKE,5,0.8115,0.7746,0.78766,0.0002242130000000003,0.036900000000000044,1.1,1.3,0.19999999999999996
eval_20260723_115807,Ministral-3-8B-Instruct-2512,jina,simple,jina/simple,489,DIE LINKE,5,0.7602,0.7462,0.75168,3.0097000000000017e-05,0.014000000000000012,2.1,1.3,0.8
eval_20260723_115807,Ministral-3-8B-Instruct-2512,jina,simple,jina/simple,148,AfD,5,0.7548,0.7317,0.7377600000000001,9.300299999999991e-05,0.02310000000000001,7.0,6.5,0.5
eval_20260723_115807,Ministral-3-8B-Instruct-2512,jina,simple,jina/simple,602,SPD,5,0.8014,0.7753,0.7909,9.655500000000024e-05,0.026100000000000012,4.5,2.7,1.7999999999999998
eval_20260723_115807,Ministral-3-8B-Instruct-2512,jina,simple,jina/simple,763,SPD,5,0.7288,0.6967,0.7127800000000001,0.0001504970000000002,0.03210000000000002,7.0,2.7,4.3
eval_20260723_115807,Ministral-3-8B-Instruct-2512,jina,simple,jina/simple,813,SPD,5,0.7471,0.7313,0.7388199999999999,3.2357000000000083e-05,0.015800000000000036,3.2,2.7,0.5
eval_20260723_115807,Ministral-3-8B-Instruct-2512,jina,simple,jina/simple,349,CSU,5,0.6587,0.6433,0.6493800000000001,4.641699999999997e-05,0.01539999999999997,4.5,5.4,0.9000000000000004
eval_20260723_115807,Ministral-3-8B-Instruct-2512,jina,simple,jina/simple,464,DIE LINKE,5,0.8023,0.7679,0.7762399999999999,0.0002142580000000003,0.034399999999999986,1.1,1.3,0.19999999999999996
eval_20260723_115807,Ministral-3-8B-Instruct-2512,jina,simple,jina/simple,326,CDU,5,0.5657,0.556,0.56036,1.3362999999999828e-05,0.009699999999999931,7.0,4.7,2.3
eval_20260723_115807,Ministral-3-8B-Instruct-2512,jina,simple,jina/simple,187,AfD,5,0.7829,0.7622,0.7705400000000001,6.137300000000025e-05,0.02070000000000005,7.0,6.5,0.5
eval_20260723_115807,Ministral-3-8B-Instruct-2512,jina,simple,jina/simple,124,AfD,5,0.6699,0.6482,0.65758,0.0001120270000000004,0.021700000000000053,7.0,6.5,0.5
eval_20260723_115807,Ministral-3-8B-Instruct-2512,jina,simple,jina/simple,781,SPD,5,0.7994,0.776,0.7857200000000001,7.460699999999981e-05,0.023399999999999976,4.2,2.7,1.5
eval_20260723_115807,Ministral-3-8B-Instruct-2512,jina,simple,jina/simple,144,AfD,5,0.7811,0.769,0.77258,2.451200000000007e-05,0.0121,6.5,6.5,0.0
eval_20260723_115807,Ministral-3-8B-Instruct-2512,jina,simple,jina/simple,784,SPD,5,0.6951,0.6826,0.6899599999999999,3.50980000000003e-05,0.012500000000000067,3.2,2.7,0.5
eval_20260723_115807,Ministral-3-8B-Instruct-2512,jina,simple,jina/simple,198,AfD,5,0.7293,0.7187,0.7224,1.8539999999999775e-05,0.010599999999999943,7.0,6.5,0.5
eval_20260723_115807,Ministral-3-8B-Instruct-2512,jina,simple,jina/simple,280,BÜNDNIS 90/DIE GRÜNEN,5,0.7435,0.7331,0.73886,2.338300000000018e-05,0.010400000000000076,5.8,2.4,3.4
eval_20260723_115807,Ministral-3-8B-Instruct-2512,jina,simple,jina/simple,294,BÜNDNIS 90/DIE GRÜNEN,5,0.8053,0.7893,0.7941,4.0755000000000066e-05,0.016000000000000014,2.1,2.4,0.2999999999999998
eval_20260723_115807,Ministral-3-8B-Instruct-2512,jina,simple,jina/simple,401,FDP,5,0.7133,0.699,0.70386,3.183300000000026e-05,0.01430000000000009,2.8,4.3,1.5
eval_20260723_115807,Ministral-3-8B-Instruct-2512,jina,simple,jina/simple,123,AfD,5,0.7372,0.7253,0.7312399999999999,1.885300000000007e-05,0.011900000000000022,6.8,6.5,0.2999999999999998
eval_20260723_115807,Ministral-3-8B-Instruct-2512,jina,simple,jina/simple,184,AfD,5,0.688,0.667,0.6727399999999999,7.496799999999944e-05,0.020999999999999908,7.0,6.5,0.5
eval_20260723_115807,Ministral-3-8B-Instruct-2512,jina,simple,jina/simple,203,AfD,5,0.7327,0.7132,0.72254,5.69830000000003e-05,0.019500000000000073,7.0,6.5,0.5
eval_20260723_115807,Ministral-3-8B-Instruct-2512,jina,simple,jina/simple,439,DIE LINKE,5,0.7922,0.775,0.78166,7.420300000000045e-05,0.017199999999999993,1.2,1.3,0.10000000000000009
eval_20260723_115807,Ministral-3-8B-Instruct-2512,jina,simple,jina/simple,247,BÜNDNIS 90/DIE GRÜNEN,5,0.7714,0.7531,0.75916,5.331799999999989e-05,0.018299999999999983,2.1,2.4,0.2999999999999998
eval_20260723_115807,Ministral-3-8B-Instruct-2512,jina,simple,jina/simple,416,DIE LINKE,5,0.7983,0.779,0.78948,6.594199999999986e-05,0.019299999999999984,2.1,1.3,0.8
eval_20260723_115807,Ministral-3-8B-Instruct-2512,jina,simple,jina/simple,728,SPD,5,0.8019,0.7473,0.76696,0.0004892879999999989,0.05459999999999998,4.5,2.7,1.7999999999999998
eval_20260723_115807,Ministral-3-8B-Instruct-2512,jina,simple,jina/simple,130,AfD,5,0.7267,0.7069,0.7167800000000001,8.995700000000022e-05,0.01980000000000004,7.0,6.5,0.5
eval_20260723_115807,Ministral-3-8B-Instruct-2512,jina,simple,jina/simple,403,FDP,5,0.7411,0.7282,0.7341200000000001,2.857699999999994e-05,0.012900000000000023,4.2,4.3,0.09999999999999964
eval_20260723_115807,Ministral-3-8B-Instruct-2512,jina,simple,jina/simple,716,SPD,5,0.6454,0.6301,0.63716,3.9182999999999764e-05,0.01529999999999998,4.2,2.7,1.5
eval_20260723_115807,Ministral-3-8B-Instruct-2512,jina,simple,jina/simple,638,SPD,5,0.7448,0.7395,0.7420800000000001,4.7769999999999925e-06,0.005299999999999971,3.8,2.7,1.0999999999999996
eval_20260723_115807,Ministral-3-8B-Instruct-2512,jina,simple,jina/simple,788,SPD,5,0.7111,0.6967,0.70154,3.199299999999971e-05,0.014399999999999968,4.2,2.7,1.5
eval_20260723_115807,Ministral-3-8B-Instruct-2512,jina,simple,jina/simple,220,BÜNDNIS 90/DIE GRÜNEN,5,0.7088,0.7043,0.7067,5.029999999999908e-06,0.0044999999999999485,2.1,2.4,0.2999999999999998
eval_20260723_115807,Ministral-3-8B-Instruct-2512,jina,simple,jina/simple,624,SPD,5,0.7768,0.7627,0.7681800000000001,2.926700000000003e-05,0.014100000000000001,7.0,2.7,4.3
eval_20260723_115807,Ministral-3-8B-Instruct-2512,jina,simple,jina/simple,753,SPD,5,0.698,0.6809,0.6868199999999999,5.1526999999999915e-05,0.017100000000000004,,2.7,
eval_20260723_115807,Ministral-3-8B-Instruct-2512,jina,simple,jina/simple,691,SPD,5,0.7288,0.6819,0.6953799999999999,0.0003803270000000009,0.04690000000000005,3.2,2.7,0.5
eval_20260723_115807,Ministral-3-8B-Instruct-2512,jina,simple,jina/simple,632,SPD,5,0.7419,0.7263,0.733,5.457500000000024e-05,0.015600000000000058,2.1,2.7,0.6000000000000001
eval_20260723_115807,Ministral-3-8B-Instruct-2512,jina,simple,jina/simple,387,FDP,5,0.8088,0.7867,0.7951599999999999,9.754799999999997e-05,0.02210000000000001,4.2,4.3,0.09999999999999964
eval_20260723_115807,Ministral-3-8B-Instruct-2512,jina,simple,jina/simple,796,SPD,5,0.7568,0.7512,0.7539399999999999,4.408000000000068e-06,0.005600000000000049,3.2,2.7,0.5
eval_20260723_115807,Ministral-3-8B-Instruct-2512,jina,simple,jina/simple,510,DIE LINKE,5,0.7345,0.7224,0.7288,3.072499999999976e-05,0.0121,6.5,1.3,5.2
eval_20260723_115807,Ministral-3-8B-Instruct-2512,jina,simple,jina/simple,268,BÜNDNIS 90/DIE GRÜNEN,5,0.7326,0.724,0.72836,1.7053000000000153e-05,0.008600000000000052,2.8,2.4,0.3999999999999999
eval_20260723_115807,Ministral-3-8B-Instruct-2512,jina,simple,jina/simple,677,SPD,5,0.7482,0.7179,0.7259399999999999,0.0001589479999999999,0.030299999999999994,4.2,2.7,1.5
eval_20260723_115807,Ministral-3-8B-Instruct-2512,jina,simple,jina/simple,442,DIE LINKE,5,0.7719,0.7455,0.7618199999999999,0.00012499699999999996,0.02639999999999998,4.2,1.3,2.9000000000000004
eval_20260723_115807,Ministral-3-8B-Instruct-2512,jina,simple,jina/simple,497,DIE LINKE,5,0.6999,0.691,0.6937199999999999,1.3177000000000023e-05,0.008900000000000019,7.0,1.3,5.7
eval_20260723_115807,Ministral-3-8B-Instruct-2512,jina,simple,jina/simple,113,BÜNDNIS 90/DIE GRÜNEN,5,0.7791,0.7451,0.75816,0.00018684800000000023,0.03400000000000003,6.8,2.4,4.4
eval_20260723_115807,Ministral-3-8B-Instruct-2512,jina,simple,jina/simple,233,BÜNDNIS 90/DIE GRÜNEN,5,0.807,0.7887,0.79512,6.02570000000006e-05,0.018300000000000094,3.2,2.4,0.8000000000000003
eval_20260723_115807,Ministral-3-8B-Instruct-2512,jina,simple,jina/simple,715,SPD,5,0.7291,0.6857,0.7001,0.0002893549999999996,0.043399999999999994,4.2,2.7,1.5
eval_20260723_115807,Ministral-3-8B-Instruct-2512,jina,simple,jina/simple,608,SPD,5,0.7142,0.6917,0.70136,6.79429999999997e-05,0.022499999999999964,5.8,2.7,3.0999999999999996
eval_20260723_115807,Ministral-3-8B-Instruct-2512,jina,simple,jina/simple,374,FDP,5,0.7713,0.7586,0.76486,3.440299999999957e-05,0.012699999999999934,3.8,4.3,0.5
eval_20260723_115807,Ministral-3-8B-Instruct-2512,jina,simple,jina/simple,234,BÜNDNIS 90/DIE GRÜNEN,5,0.7743,0.7387,0.75024,0.00023867799999999963,0.035599999999999965,1.2,2.4,1.2
eval_20260723_115807,Ministral-3-8B-Instruct-2512,jina,simple,jina/simple,649,SPD,5,0.7366,0.7289,0.7313,9.275000000000071e-06,0.00770000000000004,3.2,2.7,0.5
eval_20260723_115807,Ministral-3-8B-Instruct-2512,jina,simple,jina/simple,318,BÜNDNIS 90/DIE GRÜNEN,5,0.7309,0.7106,0.71734,6.880299999999989e-05,0.020299999999999985,2.8,2.4,0.3999999999999999
eval_20260723_115807,Ministral-3-8B-Instruct-2512,jina,simple,jina/simple,411,FDP,5,0.8148,0.7925,0.79928,8.325699999999995e-05,0.022299999999999986,3.2,4.3,1.0999999999999996
eval_20260723_115807,Ministral-3-8B-Instruct-2512,jina,simple,jina/simple,737,SPD,5,0.7511,0.7224,0.73064,0.00013758299999999974,0.028699999999999948,,2.7,
eval_20260723_115807,Ministral-3-8B-Instruct-2512,jina,simple,jina/simple,359,FDP,5,0.8016,0.7761,0.7893800000000001,0.00012680699999999986,0.025499999999999967,6.5,4.3,2.2
eval_20260723_115807,Ministral-3-8B-Instruct-2512,jina,simple,jina/simple,259,BÜNDNIS 90/DIE GRÜNEN,5,0.6343,0.6212,0.62608,2.5101999999999974e-05,0.0131,1.2,2.4,1.2
eval_20260723_115807,Ministral-3-8B-Instruct-2512,jina,simple,jina/simple,628,SPD,5,0.7834,0.7584,0.7643599999999999,0.00011471299999999988,0.025000000000000022,2.8,2.7,0.09999999999999964
eval_20260723_115807,Ministral-3-8B-Instruct-2512,jina,simple,jina/simple,633,SPD,5,0.8134,0.7923,0.8034800000000001,8.702199999999998e-05,0.021100000000000008,2.1,2.7,0.6000000000000001
eval_20260723_115807,Ministral-3-8B-Instruct-2512,jina,simple,jina/simple,283,BÜNDNIS 90/DIE GRÜNEN,5,0.7298,0.7214,0.7251000000000001,1.1559999999999874e-05,0.008399999999999963,4.5,2.4,2.1
eval_20260723_115807,Ministral-3-8B-Instruct-2512,jina,simple,jina/simple,780,SPD,5,0.7637,0.7237,0.73888,0.0002506870000000003,0.040000000000000036,5.8,2.7,3.0999999999999996
eval_20260723_115807,Ministral-3-8B-Instruct-2512,jina,simple,jina/simple,673,SPD,5,0.7311,0.7144,0.72176,5.687299999999989e-05,0.016699999999999937,6.8,2.7,4.1
eval_20260723_115807,Ministral-3-8B-Instruct-2512,jina,simple,jina/simple,473,DIE LINKE,5,0.8171,0.8017,0.8065199999999999,3.717700000000038e-05,0.01540000000000008,1.2,1.3,0.10000000000000009
eval_20260723_115807,Ministral-3-8B-Instruct-2512,jina,simple,jina/simple,348,CSU,5,0.744,0.7368,0.7403000000000001,9.020000000000039e-06,0.007199999999999984,2.1,5.4,3.3000000000000003
eval_20260723_115807,Ministral-3-8B-Instruct-2512,jina,simple,jina/simple,506,DIE LINKE,5,0.766,0.7291,0.74116,0.0002106330000000003,0.036900000000000044,3.2,1.3,1.9000000000000001
eval_20260723_115807,Ministral-3-8B-Instruct-2512,jina,simple,jina/simple,640,SPD,5,0.7138,0.6807,0.6932599999999999,0.00017686300000000009,0.03310000000000002,1.2,2.7,1.5000000000000002
eval_20260723_115807,Ministral-3-8B-Instruct-2512,jina,simple,jina/simple,809,SPD,5,0.7523,0.7297,0.73796,0.00010399299999999957,0.022599999999999953,2.1,2.7,0.6000000000000001
eval_20260723_115807,Ministral-3-8B-Instruct-2512,jina,simple,jina/simple,761,SPD,5,0.7423,0.7118,0.72524,0.0001496979999999996,0.03049999999999997,7.0,2.7,4.3
eval_20260723_115807,Ministral-3-8B-Instruct-2512,jina,simple,jina/simple,742,SPD,5,0.7491,0.7347,0.74368,2.9066999999999896e-05,0.014399999999999968,1.2,2.7,1.5000000000000002
eval_20260723_115807,Ministral-3-8B-Instruct-2512,jina,simple,jina/simple,620,SPD,5,0.7726,0.7389,0.7534400000000001,0.00026215299999999924,0.03369999999999995,4.2,2.7,1.5
eval_20260723_115807,Ministral-3-8B-Instruct-2512,jina,simple,jina/simple,733,SPD,5,0.7158,0.6954,0.70136,7.63129999999999e-05,0.020399999999999974,6.2,2.7,3.5
eval_20260723_115807,Ministral-3-8B-Instruct-2512,jina,simple,jina/simple,646,SPD,5,0.7359,0.7251,0.72932,2.3242000000000043e-05,0.010800000000000032,4.2,2.7,1.5
eval_20260723_115807,Ministral-3-8B-Instruct-2512,jina,simple,jina/simple,695,SPD,5,0.6427,0.6018,0.6156200000000001,0.0003283720000000006,0.04090000000000005,2.1,2.7,0.6000000000000001
eval_20260723_115807,Ministral-3-8B-Instruct-2512,jina,simple,jina/simple,557,DIE LINKE,5,0.7133,0.6793,0.6948399999999999,0.00021823800000000032,0.03400000000000003,2.8,1.3,1.4999999999999998
eval_20260723_115807,Ministral-3-8B-Instruct-2512,jina,simple,jina/simple,578,DIE LINKE,5,0.7707,0.7327,0.75488,0.0002499069999999999,0.038000000000000034,1.2,1.3,0.10000000000000009
eval_20260723_115807,Ministral-3-8B-Instruct-2512,jina,simple,jina/simple,86,BÜNDNIS 90/DIE GRÜNEN,5,0.7694,0.7455,0.7544599999999999,9.085799999999941e-05,0.02389999999999992,4.5,2.4,2.1
eval_20260723_115807,Ministral-3-8B-Instruct-2512,jina,simple,jina/simple,243,BÜNDNIS 90/DIE GRÜNEN,5,0.7711,0.7548,0.76122,4.626699999999997e-05,0.01629999999999998,1.2,2.4,1.2
eval_20260723_115807,Ministral-3-8B-Instruct-2512,jina,simple,jina/simple,160,AfD,5,0.7674,0.7572,0.76126,2.250799999999998e-05,0.010199999999999987,7.0,6.5,0.5
eval_20260723_115807,Ministral-3-8B-Instruct-2512,jina,simple,jina/simple,525,DIE LINKE,5,0.7605,0.7525,0.75576,9.777999999999951e-06,0.008000000000000007,7.0,1.3,5.7
eval_20260723_115807,Ministral-3-8B-Instruct-2512,jina,simple,jina/simple,35,AfD,5,0.7467,0.7271,0.73446,7.699300000000038e-05,0.019600000000000062,6.9,6.5,0.40000000000000036
eval_20260723_115807,Ministral-3-8B-Instruct-2512,jina,simple,jina/simple,541,DIE LINKE,5,0.7925,0.7754,0.78314,3.770300000000003e-05,0.017100000000000004,2.1,1.3,0.8
eval_20260723_115807,Ministral-3-8B-Instruct-2512,jina,simple,jina/simple,171,AfD,5,0.8284,0.7982,0.8115400000000002,0.00013225800000000012,0.030200000000000005,7.0,6.5,0.5
eval_20260723_115807,Ministral-3-8B-Instruct-2512,jina,simple,jina/simple,655,SPD,5,0.7882,0.7431,0.7551400000000001,0.0003601530000000003,0.04510000000000003,3.2,2.7,0.5
eval_20260723_115807,Ministral-3-8B-Instruct-2512,jina,simple,jina/simple,704,SPD,5,0.7434,0.7227,0.73114,6.252799999999972e-05,0.02069999999999994,5.8,2.7,3.0999999999999996
eval_20260723_115807,Ministral-3-8B-Instruct-2512,jina,simple,jina/simple,696,SPD,5,0.6458,0.6267,0.63126,6.673300000000018e-05,0.019100000000000006,6.8,2.7,4.1
eval_20260723_115807,Ministral-3-8B-Instruct-2512,jina,simple,jina/simple,773,SPD,5,0.809,0.792,0.7986800000000001,5.1237000000000363e-05,0.017000000000000015,3.2,2.7,0.5
eval_20260723_115807,Ministral-3-8B-Instruct-2512,jina,simple,jina/simple,96,CDU/CSU,5,0.8079,0.7724,0.78602,0.00019632699999999967,0.035499999999999976,5.8,4.7,1.0999999999999996
eval_20260723_115807,Ministral-3-8B-Instruct-2512,jina,simple,jina/simple,564,DIE LINKE,5,0.7815,0.7699,0.7736000000000001,2.0739999999999754e-05,0.011599999999999944,3.2,1.3,1.9000000000000001
eval_20260723_115807,Ministral-3-8B-Instruct-2512,jina,simple,jina/simple,241,BÜNDNIS 90/DIE GRÜNEN,5,0.7688,0.7383,0.751,0.00018148000000000087,0.030500000000000083,2.1,2.4,0.2999999999999998
eval_20260723_115807,Ministral-3-8B-Instruct-2512,jina,simple,jina/simple,575,DIE LINKE,5,0.7208,0.7066,0.71158,3.222199999999992e-05,0.01419999999999999,4.2,1.3,2.9000000000000004
eval_20260723_115807,Ministral-3-8B-Instruct-2512,jina,simple,jina/simple,461,DIE LINKE,5,0.7672,0.7485,0.75672,5.881699999999991e-05,0.01869999999999994,1.2,1.3,0.10000000000000009
eval_20260723_115807,Ministral-3-8B-Instruct-2512,jina,simple,jina/simple,554,DIE LINKE,5,0.7736,0.7689,0.77164,3.4479999999999245e-06,0.0046999999999999265,2.1,1.3,0.8
eval_20260723_115807,Ministral-3-8B-Instruct-2512,jina,simple,jina/simple,721,SPD,5,0.7816,0.706,0.73158,0.0008688069999999993,0.0756,2.8,2.7,0.09999999999999964
eval_20260723_115807,Ministral-3-8B-Instruct-2512,jina,simple,jina/simple,207,AfD,5,0.7542,0.75,0.7518,4.1400000000000095e-06,0.0041999999999999815,,6.5,
eval_20260723_115807,Ministral-3-8B-Instruct-2512,jina,simple,jina/simple,393,FDP,5,0.6731,0.6106,0.63726,0.0006619030000000001,0.0625,2.1,4.3,2.1999999999999997
eval_20260723_115807,Ministral-3-8B-Instruct-2512,jina,simple,jina/simple,398,FDP,5,0.7329,0.718,0.72176,3.9142999999999994e-05,0.014900000000000024,4.5,4.3,0.20000000000000018
eval_20260723_115807,Ministral-3-8B-Instruct-2512,jina,simple,jina/simple,697,SPD,5,0.7508,0.6966,0.7127399999999999,0.0005051180000000006,0.054200000000000026,4.5,2.7,1.7999999999999998
eval_20260723_115807,Ministral-3-8B-Instruct-2512,jina,simple,jina/simple,218,BÜNDNIS 90/DIE GRÜNEN,5,0.7753,0.7548,0.76338,8.055699999999976e-05,0.020499999999999963,2.1,2.4,0.2999999999999998
eval_20260723_115807,Ministral-3-8B-Instruct-2512,jina,simple,jina/simple,4,CDU/CSU,5,0.803,0.7733,0.78722,0.00016256700000000056,0.02970000000000006,5.8,4.7,1.0999999999999996
eval_20260723_115807,Ministral-3-8B-Instruct-2512,jina,simple,jina/simple,643,SPD,5,0.7369,0.7224,0.72668,3.6786999999999904e-05,0.014499999999999957,,2.7,
eval_20260723_115807,Ministral-3-8B-Instruct-2512,jina,simple,jina/simple,736,SPD,5,0.747,0.7188,0.72966,0.00011351299999999994,0.028200000000000003,3.2,2.7,0.5
eval_20260723_115807,Ministral-3-8B-Instruct-2512,jina,simple,jina/simple,613,SPD,5,0.7435,0.6801,0.70226,0.0008221630000000014,0.06340000000000001,1.2,2.7,1.5000000000000002
eval_20260723_115807,Ministral-3-8B-Instruct-2512,jina,simple,jina/simple,547,DIE LINKE,5,0.8272,0.7783,0.7915599999999999,0.00043638800000000104,0.048900000000000055,1.2,1.3,0.10000000000000009
eval_20260723_115807,Ministral-3-8B-Instruct-2512,jina,simple,jina/simple,684,SPD,5,0.7175,0.6823,0.69258,0.00021279700000000033,0.03520000000000001,4.2,2.7,1.5
eval_20260723_115807,Ministral-3-8B-Instruct-2512,jina,simple,jina/simple,99,BÜNDNIS 90/DIE GRÜNEN,5,0.7746,0.75,0.76046,8.453799999999975e-05,0.024599999999999955,2.1,2.4,0.2999999999999998
eval_20260723_115807,Ministral-3-8B-Instruct-2512,jina,simple,jina/simple,574,DIE LINKE,5,0.8001,0.7717,0.7821400000000001,0.00012780300000000023,0.02839999999999998,1.2,1.3,0.10000000000000009
eval_20260723_115807,Ministral-3-8B-Instruct-2512,jina,simple,jina/simple,407,FDP,5,0.7535,0.7398,0.74526,3.758299999999974e-05,0.013699999999999934,5.8,4.3,1.5
eval_20260723_115807,Ministral-3-8B-Instruct-2512,jina,simple,jina/simple,503,DIE LINKE,5,0.7553,0.7341,0.7414400000000001,6.708799999999991e-05,0.021199999999999997,6.5,1.3,5.2
eval_20260723_115807,Ministral-3-8B-Instruct-2512,jina,simple,jina/simple,48,CDU/CSU,5,0.79,0.7848,0.7876400000000001,5.442999999999982e-06,0.005199999999999982,5.8,4.7,1.0999999999999996
eval_20260723_115807,Ministral-3-8B-Instruct-2512,jina,simple,jina/simple,32,AfD,5,0.772,0.7463,0.7602399999999999,0.00014587300000000074,0.025700000000000056,7.0,6.5,0.5
eval_20260723_115807,Ministral-3-8B-Instruct-2512,jina,simple,jina/simple,201,AfD,5,0.7948,0.7813,0.7872,3.467499999999969e-05,0.013499999999999956,7.0,6.5,0.5
eval_20260723_115807,Ministral-3-8B-Instruct-2512,jina,simple,jina/simple,135,AfD,5,0.7958,0.7756,0.7845199999999999,8.231700000000021e-05,0.020199999999999996,7.0,6.5,0.5
eval_20260723_115807,Ministral-3-8B-Instruct-2512,jina,simple,jina/simple,27,AfD,5,0.8401,0.8223,0.83094,5.236299999999969e-05,0.017799999999999927,6.8,6.5,0.2999999999999998
eval_20260723_115807,Ministral-3-8B-Instruct-2512,jina,simple,jina/simple,723,SPD,5,0.7098,0.6851,0.6943000000000001,0.00010313499999999953,0.024699999999999944,6.8,2.7,4.1
eval_20260723_115807,Ministral-3-8B-Instruct-2512,jina,simple,jina/simple,231,BÜNDNIS 90/DIE GRÜNEN,5,0.8186,0.7785,0.79732,0.00032052700000000046,0.040100000000000025,3.2,2.4,0.8000000000000003
eval_20260723_115807,Ministral-3-8B-Instruct-2512,jina,simple,jina/simple,490,DIE LINKE,5,0.7463,0.7253,0.73138,7.337699999999989e-05,0.02100000000000002,1.2,1.3,0.10000000000000009
eval_20260723_115807,Ministral-3-8B-Instruct-2512,jina,simple,jina/simple,379,FDP,5,0.7155,0.6928,0.70742,7.455700000000021e-05,0.022700000000000053,3.2,4.3,1.0999999999999996
eval_20260723_115807,Ministral-3-8B-Instruct-2512,jina,simple,jina/simple,289,BÜNDNIS 90/DIE GRÜNEN,5,0.6641,0.6512,0.6569,3.7865e-05,0.012900000000000023,4.5,2.4,2.1
eval_20260723_115807,Ministral-3-8B-Instruct-2512,jina,simple,jina/simple,419,DIE LINKE,5,0.7784,0.7734,0.77498,3.951999999999961e-06,0.0050000000000000044,5.8,1.3,4.5
eval_20260723_115807,Ministral-3-8B-Instruct-2512,jina,simple,jina/simple,675,SPD,5,0.7407,0.7124,0.72726,0.00015515299999999994,0.028299999999999992,7.0,2.7,4.3
eval_20260723_115807,Ministral-3-8B-Instruct-2512,jina,simple,jina/simple,392,FDP,5,0.7441,0.7395,0.7410800000000001,3.216999999999942e-06,0.0045999999999999375,4.5,4.3,0.20000000000000018
eval_20260723_115807,Ministral-3-8B-Instruct-2512,jina,simple,jina/simple,593,DIE LINKE,5,0.7518,0.7395,0.74428,2.4607000000000105e-05,0.012299999999999978,1.1,1.3,0.19999999999999996
eval_20260723_115807,Ministral-3-8B-Instruct-2512,jina,simple,jina/simple,499,DIE LINKE,5,0.7468,0.7164,0.7301,0.00012679000000000005,0.030399999999999983,1.2,1.3,0.10000000000000009
eval_20260723_115807,Ministral-3-8B-Instruct-2512,jina,simple,jina/simple,139,AfD,5,0.7687,0.7496,0.75634,5.6633000000000276e-05,0.019100000000000006,7.0,6.5,0.5
eval_20260723_115807,Ministral-3-8B-Instruct-2512,jina,simple,jina/simple,63,BÜNDNIS 90/DIE GRÜNEN,5,0.6872,0.672,0.67854,3.808799999999998e-05,0.015199999999999991,4.2,2.4,1.8000000000000003
eval_20260723_115807,Ministral-3-8B-Instruct-2512,jina,simple,jina/simple,472,DIE LINKE,5,0.7159,0.6996,0.7067400000000001,4.754799999999987e-05,0.01629999999999998,1.2,1.3,0.10000000000000009
eval_20260723_115807,Ministral-3-8B-Instruct-2512,jina,simple,jina/simple,648,SPD,5,0.7624,0.7236,0.7417400000000001,0.0002183079999999995,0.038799999999999946,5.8,2.7,3.0999999999999996
eval_20260723_115807,Ministral-3-8B-Instruct-2512,jina,simple,jina/simple,129,AfD,5,0.7323,0.7085,0.7185599999999999,0.0001241079999999996,0.023799999999999932,7.0,6.5,0.5
eval_20260723_115807,Ministral-3-8B-Instruct-2512,jina,simple,jina/simple,799,SPD,5,0.6666,0.6545,0.66232,2.1497e-05,0.0121,5.8,2.7,3.0999999999999996
eval_20260723_115807,Ministral-3-8B-Instruct-2512,jina,simple,jina/simple,521,DIE LINKE,5,0.7021,0.6697,0.6790799999999999,0.00017895199999999942,0.032399999999999984,1.2,1.3,0.10000000000000009
eval_20260723_115807,Ministral-3-8B-Instruct-2512,jina,simple,jina/simple,65,BÜNDNIS 90/DIE GRÜNEN,5,0.786,0.771,0.7758,3.7055000000000085e-05,0.015000000000000013,5.8,2.4,3.4
eval_20260723_115807,Ministral-3-8B-Instruct-2512,jina,simple,jina/simple,14,BÜNDNIS 90/DIE GRÜNEN,5,0.8115,0.7461,0.7679600000000001,0.0006723729999999997,0.06540000000000001,6.2,2.4,3.8000000000000003
eval_20260723_115807,Ministral-3-8B-Instruct-2512,jina,simple,jina/simple,157,AfD,5,0.6433,0.6289,0.63634,4.396799999999991e-05,0.014399999999999968,6.8,6.5,0.2999999999999998
eval_20260723_115807,Ministral-3-8B-Instruct-2512,jina,simple,jina/simple,40,AfD,5,0.8557,0.8311,0.84404,9.749800000000063e-05,0.024600000000000066,6.8,6.5,0.2999999999999998
eval_20260723_115807,Ministral-3-8B-Instruct-2512,jina,simple,jina/simple,493,DIE LINKE,5,0.7966,0.7693,0.7869400000000001,0.00010814300000000009,0.02729999999999999,,1.3,
eval_20260723_115807,Ministral-3-8B-Instruct-2512,jina,simple,jina/simple,380,FDP,5,0.7519,0.7155,0.73156,0.0002568979999999998,0.03639999999999999,6.8,4.3,2.5
eval_20260723_115807,Ministral-3-8B-Instruct-2512,jina,simple,jina/simple,188,AfD,5,0.7936,0.7869,0.78972,7.866999999999927e-06,0.006699999999999928,7.0,6.5,0.5
eval_20260723_115807,Ministral-3-8B-Instruct-2512,jina,simple,jina/simple,217,BÜNDNIS 90/DIE GRÜNEN,5,0.6892,0.6613,0.6682599999999999,0.00013967300000000059,0.027900000000000036,3.8,2.4,1.4
eval_20260723_115807,Ministral-3-8B-Instruct-2512,jina,simple,jina/simple,53,BÜNDNIS 90/DIE GRÜNEN,5,0.7282,0.7146,0.72106,3.067799999999988e-05,0.013599999999999945,6.8,2.4,4.4
eval_20260723_115807,Ministral-3-8B-Instruct-2512,jina,simple,jina/simple,338,CDU,5,0.7572,0.7471,0.7508000000000001,2.018500000000003e-05,0.010099999999999998,2.1,4.7,2.6
eval_20260723_115807,Ministral-3-8B-Instruct-2512,jina,simple,jina/simple,720,SPD,5,0.7931,0.7701,0.77866,9.331300000000016e-05,0.02300000000000002,6.5,2.7,3.8
eval_20260723_115807,Ministral-3-8B-Instruct-2512,jina,simple,jina/simple,725,SPD,5,0.782,0.7609,0.77276,9.041299999999992e-05,0.021100000000000008,4.5,2.7,1.7999999999999998
eval_20260723_115807,Ministral-3-8B-Instruct-2512,jina,simple,jina/simple,296,BÜNDNIS 90/DIE GRÜNEN,5,0.8049,0.7714,0.77982,0.00019991699999999954,0.033499999999999974,4.5,2.4,2.1
eval_20260723_115807,Ministral-3-8B-Instruct-2512,jina,simple,jina/simple,702,SPD,5,0.725,0.7223,0.72338,1.516999999999959e-06,0.0026999999999999247,3.2,2.7,0.5
eval_20260723_115807,Ministral-3-8B-Instruct-2512,jina,simple,jina/simple,252,BÜNDNIS 90/DIE GRÜNEN,5,0.7287,0.6971,0.7067399999999999,0.00016730299999999989,0.03159999999999996,3.2,2.4,0.8000000000000003
eval_20260723_115807,Ministral-3-8B-Instruct-2512,jina,simple,jina/simple,727,SPD,5,0.726,0.7102,0.7175,3.894999999999958e-05,0.015799999999999925,3.8,2.7,1.0999999999999996
eval_20260723_115807,Ministral-3-8B-Instruct-2512,jina,simple,jina/simple,462,DIE LINKE,5,0.7876,0.7766,0.7829599999999999,2.0653000000000095e-05,0.01100000000000001,6.5,1.3,5.2
eval_20260723_115807,Ministral-3-8B-Instruct-2512,jina,simple,jina/simple,456,DIE LINKE,5,0.7233,0.7119,0.7180200000000001,1.9517000000000223e-05,0.011400000000000077,6.8,1.3,5.5
eval_20260723_115807,Ministral-3-8B-Instruct-2512,jina,simple,jina/simple,270,BÜNDNIS 90/DIE GRÜNEN,5,0.727,0.7069,0.71512,8.093700000000012e-05,0.020100000000000007,3.2,2.4,0.8000000000000003
eval_20260723_115807,Ministral-3-8B-Instruct-2512,jina,simple,jina/simple,202,AfD,5,0.6383,0.6304,0.63442,9.346999999999994e-06,0.007900000000000018,1.2,6.5,5.3
eval_20260723_115807,Ministral-3-8B-Instruct-2512,jina,simple,jina/simple,556,DIE LINKE,5,0.7581,0.7447,0.7494,2.8759999999999996e-05,0.013399999999999967,1.2,1.3,0.10000000000000009
eval_20260723_115807,Ministral-3-8B-Instruct-2512,jina,simple,jina/simple,730,SPD,5,0.7666,0.751,0.7583799999999999,4.8581999999999814e-05,0.015599999999999947,4.2,2.7,1.5
eval_20260723_115807,Ministral-3-8B-Instruct-2512,jina,simple,jina/simple,402,FDP,5,0.7942,0.7579,0.7698600000000001,0.00021074799999999978,0.0363,3.2,4.3,1.0999999999999996
eval_20260723_115807,Ministral-3-8B-Instruct-2512,jina,simple,jina/simple,703,SPD,5,0.6731,0.6561,0.66504,3.997300000000014e-05,0.017000000000000015,5.8,2.7,3.0999999999999996
eval_20260723_115807,Ministral-3-8B-Instruct-2512,jina,simple,jina/simple,477,DIE LINKE,5,0.7562,0.7377,0.7448599999999999,4.814799999999992e-05,0.01849999999999996,2.1,1.3,0.8
eval_20260723_115807,Ministral-3-8B-Instruct-2512,jina,simple,jina/simple,106,BÜNDNIS 90/DIE GRÜNEN,5,0.7359,0.7303,0.7336199999999999,5.752000000000068e-06,0.005600000000000049,4.5,2.4,2.1
eval_20260723_115807,Ministral-3-8B-Instruct-2512,jina,simple,jina/simple,566,DIE LINKE,5,0.7715,0.7508,0.76084,9.060299999999978e-05,0.02069999999999994,1.2,1.3,0.10000000000000009
eval_20260723_115807,Ministral-3-8B-Instruct-2512,jina,simple,jina/simple,390,FDP,5,0.7275,0.7215,0.72468,7.647000000000047e-06,0.006000000000000005,1.5,4.3,2.8
eval_20260723_115807,Ministral-3-8B-Instruct-2512,jina,simple,jina/simple,1,CDU/CSU,5,0.8201,0.7985,0.8070400000000001,7.574300000000035e-05,0.021600000000000064,4.2,4.7,0.5
eval_20260723_115807,Ministral-3-8B-Instruct-2512,jina,simple,jina/simple,768,SPD,5,0.792,0.7574,0.76914,0.00020168800000000086,0.034600000000000075,4.2,2.7,1.5
eval_20260723_115807,Ministral-3-8B-Instruct-2512,jina,simple,jina/simple,562,DIE LINKE,5,0.73,0.7194,0.7238200000000001,2.1141999999999843e-05,0.010599999999999943,1.1,1.3,0.19999999999999996
eval_20260723_115807,Ministral-3-8B-Instruct-2512,jina,simple,jina/simple,81,BÜNDNIS 90/DIE GRÜNEN,5,0.7914,0.7543,0.7738400000000001,0.0002689030000000003,0.03710000000000002,4.5,2.4,2.1
eval_20260723_115807,Ministral-3-8B-Instruct-2512,jina,simple,jina/simple,206,AfD,5,0.7557,0.7492,0.7517400000000001,5.733000000000118e-06,0.006500000000000061,7.0,6.5,0.5
eval_20260723_115807,Ministral-3-8B-Instruct-2512,jina,simple,jina/simple,34,AfD,5,0.7713,0.7617,0.7650600000000001,1.716799999999984e-05,0.009599999999999942,6.8,6.5,0.2999999999999998
eval_20260723_115807,Ministral-3-8B-Instruct-2512,jina,simple,jina/simple,509,DIE LINKE,5,0.7725,0.7564,0.7617200000000001,4.57269999999998e-05,0.016100000000000003,5.8,1.3,4.5
eval_20260723_115807,Ministral-3-8B-Instruct-2512,jina,simple,jina/simple,428,DIE LINKE,5,0.7983,0.774,0.7808400000000001,0.00010076300000000007,0.02429999999999999,1.2,1.3,0.10000000000000009
eval_20260723_115807,Ministral-3-8B-Instruct-2512,jina,simple,jina/simple,455,DIE LINKE,5,0.7428,0.7297,0.73506,3.425299999999995e-05,0.0131,3.2,1.3,1.9000000000000001
eval_20260723_115807,Ministral-3-8B-Instruct-2512,jina,simple,jina/simple,367,FDP,5,0.6685,0.6185,0.6373599999999999,0.0003487429999999992,0.04999999999999993,6.8,4.3,2.5
eval_20260723_115807,Ministral-3-8B-Instruct-2512,jina,simple,jina/simple,92,AfD,5,0.7884,0.7691,0.7753599999999998,6.172299999999999e-05,0.019299999999999984,6.8,6.5,0.2999999999999998
eval_20260723_115807,Ministral-3-8B-Instruct-2512,jina,simple,jina/simple,340,CDU,5,0.7652,0.7624,0.76362,1.2020000000000107e-06,0.0028000000000000247,4.5,4.7,0.20000000000000018
eval_20260723_115807,Ministral-3-8B-Instruct-2512,jina,simple,jina/simple,565,DIE LINKE,5,0.7971,0.7557,0.7706799999999999,0.00027099200000000017,0.04139999999999999,1.2,1.3,0.10000000000000009
eval_20260723_115807,Ministral-3-8B-Instruct-2512,jina,simple,jina/simple,346,CSU,5,0.7542,0.6978,0.7156800000000001,0.0005494669999999996,0.056400000000000006,3.2,5.4,2.2
eval_20260723_115807,Ministral-3-8B-Instruct-2512,jina,simple,jina/simple,242,BÜNDNIS 90/DIE GRÜNEN,5,0.7236,0.6812,0.6955600000000001,0.0002973430000000005,0.04239999999999999,3.5,2.4,1.1
eval_20260723_115807,Ministral-3-8B-Instruct-2512,jina,simple,jina/simple,13,BÜNDNIS 90/DIE GRÜNEN,5,0.7608,0.7414,0.74926,6.233800000000038e-05,0.019400000000000084,3.2,2.4,0.8000000000000003
eval_20260723_115807,Ministral-3-8B-Instruct-2512,jina,simple,jina/simple,316,BÜNDNIS 90/DIE GRÜNEN,5,0.6941,0.658,0.67884,0.00027365300000000017,0.03610000000000002,3.5,2.4,1.1
eval_20260723_115807,Ministral-3-8B-Instruct-2512,jina,simple,jina/simple,388,FDP,5,0.7746,0.7684,0.77088,5.6269999999999726e-06,0.006199999999999983,7.0,4.3,2.7
eval_20260723_115807,Ministral-3-8B-Instruct-2512,jina,simple,jina/simple,274,BÜNDNIS 90/DIE GRÜNEN,5,0.7927,0.7608,0.77388,0.00021163699999999927,0.03189999999999993,2.1,2.4,0.2999999999999998
eval_20260723_115807,Ministral-3-8B-Instruct-2512,jina,simple,jina/simple,167,AfD,5,0.6928,0.6808,0.6855999999999999,2.700500000000009e-05,0.01200000000000001,7.0,6.5,0.5
eval_20260723_115807,Ministral-3-8B-Instruct-2512,jina,simple,jina/simple,814,SPD,5,0.6818,0.6668,0.67106,3.84929999999998e-05,0.015000000000000013,6.8,2.7,4.1
eval_20260723_115807,Ministral-3-8B-Instruct-2512,jina,simple,jina/simple,647,SPD,5,0.6995,0.6837,0.6920599999999999,4.758300000000021e-05,0.015800000000000036,6.8,2.7,4.1
eval_20260723_115807,Ministral-3-8B-Instruct-2512,jina,simple,jina/simple,485,DIE LINKE,5,0.6857,0.6627,0.6701,8.845999999999984e-05,0.02300000000000002,4.2,1.3,2.9000000000000004
eval_20260723_115807,Ministral-3-8B-Instruct-2512,jina,simple,jina/simple,803,SPD,5,0.7894,0.7608,0.7709600000000001,0.00013530799999999978,0.02859999999999996,4.2,2.7,1.5
eval_20260723_115807,Ministral-3-8B-Instruct-2512,jina,simple,jina/simple,505,DIE LINKE,5,0.7518,0.7452,0.7473400000000001,7.238000000000061e-06,0.00660000000000005,6.5,1.3,5.2
eval_20260723_115807,Ministral-3-8B-Instruct-2512,jina,simple,jina/simple,244,BÜNDNIS 90/DIE GRÜNEN,5,0.8401,0.816,0.82606,9.18729999999998e-05,0.02410000000000001,1.2,2.4,1.2
eval_20260723_115807,Ministral-3-8B-Instruct-2512,jina,simple,jina/simple,567,DIE LINKE,5,0.7965,0.7872,0.7905,1.2874999999999944e-05,0.009299999999999975,1.2,1.3,0.10000000000000009
eval_20260723_115807,Ministral-3-8B-Instruct-2512,jina,simple,jina/simple,563,DIE LINKE,5,0.6748,0.6404,0.6508800000000001,0.00020511699999999932,0.034399999999999986,1.2,1.3,0.10000000000000009
eval_20260723_115807,Ministral-3-8B-Instruct-2512,jina,simple,jina/simple,687,SPD,5,0.6934,0.6688,0.67694,0.00011063800000000043,0.024600000000000066,4.5,2.7,1.7999999999999998
eval_20260723_115807,Ministral-3-8B-Instruct-2512,jina,simple,jina/simple,190,AfD,5,0.72,0.7062,0.7120200000000001,4.129199999999962e-05,0.013799999999999923,6.8,6.5,0.2999999999999998
eval_20260723_115807,Ministral-3-8B-Instruct-2512,jina,simple,jina/simple,700,SPD,5,0.6892,0.6835,0.6860999999999999,5.565000000000017e-06,0.005700000000000038,4.5,2.7,1.7999999999999998
eval_20260723_115807,Ministral-3-8B-Instruct-2512,jina,simple,jina/simple,476,DIE LINKE,5,0.6988,0.6879,0.6931799999999999,1.55470000000001e-05,0.01090000000000002,7.0,1.3,5.7
eval_20260723_115807,Ministral-3-8B-Instruct-2512,jina,simple,jina/simple,682,SPD,5,0.6741,0.6645,0.6693999999999999,1.619500000000013e-05,0.009600000000000053,4.5,2.7,1.7999999999999998
eval_20260723_115807,Ministral-3-8B-Instruct-2512,jina,simple,jina/simple,511,DIE LINKE,5,0.8018,0.776,0.78858,0.00013203699999999964,0.025799999999999934,1.2,1.3,0.10000000000000009
eval_20260723_115807,Ministral-3-8B-Instruct-2512,jina,simple,jina/simple,59,BÜNDNIS 90/DIE GRÜNEN,5,0.8365,0.8137,0.8263200000000002,0.00011875200000000053,0.022800000000000042,4.2,2.4,1.8000000000000003
eval_20260723_115807,Ministral-3-8B-Instruct-2512,jina,simple,jina/simple,475,DIE LINKE,5,0.6981,0.6673,0.6787799999999999,0.00020960700000000057,0.03080000000000005,6.8,1.3,5.5
eval_20260723_115807,Ministral-3-8B-Instruct-2512,jina,simple,jina/simple,561,DIE LINKE,5,0.7809,0.7559,0.7647,9.964000000000034e-05,0.025000000000000022,1.2,1.3,0.10000000000000009
eval_20260723_115807,Ministral-3-8B-Instruct-2512,jina,simple,jina/simple,748,SPD,5,0.7452,0.6955,0.71448,0.00038199699999999975,0.049699999999999966,2.1,2.7,0.6000000000000001
eval_20260723_115807,Ministral-3-8B-Instruct-2512,jina,simple,jina/simple,253,BÜNDNIS 90/DIE GRÜNEN,5,0.7468,0.7263,0.7340399999999999,7.116300000000028e-05,0.020500000000000074,2.8,2.4,0.3999999999999999
eval_20260723_115807,Ministral-3-8B-Instruct-2512,jina,simple,jina/simple,21,BÜNDNIS 90/DIE GRÜNEN,5,0.679,0.6632,0.67118,4.155700000000017e-05,0.015800000000000036,7.0,2.4,4.6
eval_20260723_115807,Ministral-3-8B-Instruct-2512,jina,simple,jina/simple,314,BÜNDNIS 90/DIE GRÜNEN,5,0.81,0.7818,0.7913,0.00013661000000000025,0.028200000000000003,3.2,2.4,0.8000000000000003
eval_20260723_115807,Ministral-3-8B-Instruct-2512,jina,simple,jina/simple,460,DIE LINKE,5,0.7964,0.776,0.78366,7.537799999999972e-05,0.020399999999999974,2.1,1.3,0.8
eval_20260723_115807,Ministral-3-8B-Instruct-2512,jina,simple,jina/simple,161,AfD,5,0.8243,0.785,0.79908,0.00035763700000000006,0.0393,4.5,6.5,2.0
eval_20260723_115807,Ministral-3-8B-Instruct-2512,jina,simple,jina/simple,277,BÜNDNIS 90/DIE GRÜNEN,5,0.7468,0.7398,0.7422600000000001,7.308000000000005e-06,0.007000000000000006,4.5,2.4,2.1
eval_20260723_115807,Ministral-3-8B-Instruct-2512,jina,simple,jina/simple,192,AfD,5,0.7853,0.758,0.76814,0.00010661299999999995,0.02729999999999999,7.0,6.5,0.5
eval_20260723_115807,Ministral-3-8B-Instruct-2512,jina,simple,jina/simple,386,FDP,5,0.7222,0.6884,0.7022,0.0001877999999999997,0.03379999999999994,6.5,4.3,2.2
eval_20260723_115807,Ministral-3-8B-Instruct-2512,jina,simple,jina/simple,414,FDP,5,0.7642,0.7468,0.75322,5.607199999999978e-05,0.01739999999999997,4.2,4.3,0.09999999999999964
eval_20260723_115807,Ministral-3-8B-Instruct-2512,jina,simple,jina/simple,492,DIE LINKE,5,0.7306,0.7083,0.7132400000000001,9.454300000000018e-05,0.022299999999999986,,1.3,
eval_20260723_115807,Ministral-3-8B-Instruct-2512,jina,simple,jina/simple,344,CSU,5,0.7716,0.7595,0.76634,2.1293000000000055e-05,0.0121,4.5,5.4,0.9000000000000004
eval_20260723_115807,Ministral-3-8B-Instruct-2512,jina,simple,jina/simple,770,SPD,5,0.7615,0.7338,0.74258,0.00014047699999999956,0.027699999999999947,3.2,2.7,0.5
eval_20260723_115807,Ministral-3-8B-Instruct-2512,jina,simple,jina/simple,309,BÜNDNIS 90/DIE GRÜNEN,5,0.7076,0.6839,0.6948200000000001,7.193700000000026e-05,0.023700000000000054,4.5,2.4,2.1
eval_20260723_115807,Ministral-3-8B-Instruct-2512,jina,simple,jina/simple,662,SPD,5,0.6922,0.6711,0.6790800000000001,7.017700000000029e-05,0.021100000000000008,1.2,2.7,1.5000000000000002
eval_20260723_115807,Ministral-3-8B-Instruct-2512,jina,simple,jina/simple,131,AfD,5,0.7483,0.6994,0.71746,0.00038100799999999887,0.048899999999999944,6.8,6.5,0.2999999999999998
eval_20260723_115807,Ministral-3-8B-Instruct-2512,jina,simple,jina/simple,664,SPD,5,0.775,0.7583,0.7668800000000001,4.345700000000021e-05,0.016700000000000048,1.2,2.7,1.5000000000000002
eval_20260723_115807,Ministral-3-8B-Instruct-2512,jina,simple,jina/simple,373,FDP,5,0.7213,0.7026,0.7093,5.0575000000000315e-05,0.01870000000000005,5.8,4.3,1.5
eval_20260723_115807,Ministral-3-8B-Instruct-2512,jina,simple,jina/simple,88,BÜNDNIS 90/DIE GRÜNEN,5,0.7545,0.7345,0.74048,6.518199999999944e-05,0.019999999999999907,2.1,2.4,0.2999999999999998
eval_20260723_115807,Ministral-3-8B-Instruct-2512,jina,simple,jina/simple,459,DIE LINKE,5,0.7118,0.7046,0.70704,9.048000000000034e-06,0.007199999999999984,6.8,1.3,5.5
eval_20260723_115807,Ministral-3-8B-Instruct-2512,jina,simple,jina/simple,331,CDU,5,0.7698,0.7479,0.75834,9.27530000000001e-05,0.02190000000000003,6.8,4.7,2.0999999999999996
eval_20260723_115807,Ministral-3-8B-Instruct-2512,jina,simple,jina/simple,467,DIE LINKE,5,0.7707,0.7485,0.76016,8.262799999999968e-05,0.022199999999999998,1.1,1.3,0.19999999999999996
eval_20260723_115807,Ministral-3-8B-Instruct-2512,jina,simple,jina/simple,122,AfD,5,0.7736,0.7091,0.7282799999999999,0.0006740069999999997,0.0645,7.0,6.5,0.5
eval_20260723_115807,Ministral-3-8B-Instruct-2512,jina,simple,jina/simple,615,SPD,5,0.7571,0.7343,0.7437400000000001,0.0001063630000000001,0.022800000000000042,4.2,2.7,1.5
eval_20260723_115807,Ministral-3-8B-Instruct-2512,jina,simple,jina/simple,20,BÜNDNIS 90/DIE GRÜNEN,5,0.7926,0.7824,0.78558,1.7161999999999867e-05,0.010199999999999987,5.8,2.4,3.4
eval_20260723_115807,Ministral-3-8B-Instruct-2512,jina,simple,jina/simple,701,SPD,5,0.7973,0.7796,0.78428,5.431700000000025e-05,0.01770000000000005,4.5,2.7,1.7999999999999998
eval_20260723_115807,Ministral-3-8B-Instruct-2512,jina,simple,jina/simple,107,CDU/CSU,5,0.779,0.755,0.7634799999999999,0.00010225700000000041,0.02400000000000002,6.8,4.7,2.0999999999999996
eval_20260723_115807,Ministral-3-8B-Instruct-2512,jina,simple,jina/simple,271,BÜNDNIS 90/DIE GRÜNEN,5,0.7862,0.7634,0.77326,0.0001252179999999999,0.022800000000000042,2.1,2.4,0.2999999999999998
eval_20260723_115807,Ministral-3-8B-Instruct-2512,jina,simple,jina/simple,436,DIE LINKE,5,0.6415,0.6128,0.62298,0.0001318869999999996,0.028699999999999948,3.8,1.3,2.5
eval_20260723_115807,Ministral-3-8B-Instruct-2512,jina,simple,jina/simple,103,BÜNDNIS 90/DIE GRÜNEN,5,0.8031,0.7912,0.79688,2.565699999999988e-05,0.011900000000000022,6.8,2.4,4.4
eval_20260723_115807,Ministral-3-8B-Instruct-2512,jina,twostage,jina/twostage,334,CDU,5,3.7548,3.231,3.5138999999999996,0.04019384000000001,0.5238,6.5,4.7,1.7999999999999998
eval_20260723_115807,Ministral-3-8B-Instruct-2512,jina,twostage,jina/twostage,68,BÜNDNIS 90/DIE GRÜNEN,5,0.5846,-2.0207,-0.98888,1.3463528370000002,2.6053,7.0,2.4,4.6
eval_20260723_115807,Ministral-3-8B-Instruct-2512,jina,twostage,jina/twostage,683,SPD,5,-0.9918,-2.8533,-2.1801000000000004,0.50434119,1.8615,4.5,2.7,1.7999999999999998
eval_20260723_115807,Ministral-3-8B-Instruct-2512,jina,twostage,jina/twostage,399,FDP,5,0.0081,-1.8881,-0.65072,0.687310192,1.8961999999999999,6.5,4.3,2.2
eval_20260723_115807,Ministral-3-8B-Instruct-2512,jina,twostage,jina/twostage,216,BÜNDNIS 90/DIE GRÜNEN,5,6.3752,4.8215,5.2248399999999995,0.4253056830000003,1.5537,2.1,2.4,0.2999999999999998
eval_20260723_115807,Ministral-3-8B-Instruct-2512,jina,twostage,jina/twostage,807,SPD,5,4.5096,3.6433,4.1249,0.13363957000000004,0.8662999999999998,4.2,2.7,1.5
eval_20260723_115807,Ministral-3-8B-Instruct-2512,jina,twostage,jina/twostage,87,BÜNDNIS 90/DIE GRÜNEN,5,1.6919,-1.2436,-0.5201399999999999,1.539577973,2.9355,3.2,2.4,0.8000000000000003
eval_20260723_115807,Ministral-3-8B-Instruct-2512,jina,twostage,jina/twostage,539,DIE LINKE,5,0.6454,-0.1256,0.11230000000000002,0.09720622999999996,0.7709999999999999,4.5,1.3,3.2
eval_20260723_115807,Ministral-3-8B-Instruct-2512,jina,twostage,jina/twostage,713,SPD,5,-1.0196,-3.0514,-2.53804,0.7453477629999999,2.0318,4.2,2.7,1.5
eval_20260723_115807,Ministral-3-8B-Instruct-2512,jina,twostage,jina/twostage,522,DIE LINKE,5,-0.7928,-2.8159,-2.12136,0.6079325230000001,2.0231000000000003,1.2,1.3,0.10000000000000009
eval_20260723_115807,Ministral-3-8B-Instruct-2512,jina,twostage,jina/twostage,772,SPD,5,1.9034,-1.4077,-0.34199999999999997,1.755210825,3.3110999999999997,4.5,2.7,1.7999999999999998
eval_20260723_115807,Ministral-3-8B-Instruct-2512,jina,twostage,jina/twostage,435,DIE LINKE,5,-1.1994,-2.2053,-1.77748,0.18662789699999993,1.0058999999999998,1.2,1.3,0.10000000000000009
eval_20260723_115807,Ministral-3-8B-Instruct-2512,jina,twostage,jina/twostage,30,AfD,5,2.5688,-0.002,1.3409600000000002,1.047603813,2.5707999999999998,7.0,6.5,0.5
eval_20260723_115807,Ministral-3-8B-Instruct-2512,jina,twostage,jina/twostage,776,SPD,5,-1.7495,-4.4204,-3.1438200000000003,1.032316487,2.6708999999999996,4.5,2.7,1.7999999999999998
eval_20260723_115807,Ministral-3-8B-Instruct-2512,jina,twostage,jina/twostage,434,DIE LINKE,5,5.088,-1.6279,0.3794400000000002,7.695971173000001,6.7158999999999995,1.2,1.3,0.10000000000000009
eval_20260723_115807,Ministral-3-8B-Instruct-2512,jina,twostage,jina/twostage,39,AfD,5,4.8383,0.9228,2.2509000000000006,2.3563648550000003,3.9155,6.8,6.5,0.2999999999999998
eval_20260723_115807,Ministral-3-8B-Instruct-2512,jina,twostage,jina/twostage,213,BÜNDNIS 90/DIE GRÜNEN,5,-2.0204,-4.0755,-2.91242,0.578556757,2.0551,3.2,2.4,0.8000000000000003
eval_20260723_115807,Ministral-3-8B-Instruct-2512,jina,twostage,jina/twostage,292,BÜNDNIS 90/DIE GRÜNEN,5,1.1519,0.1217,0.6591400000000001,0.16219953299999998,1.0302,1.1,2.4,1.2999999999999998
eval_20260723_115807,Ministral-3-8B-Instruct-2512,jina,twostage,jina/twostage,782,SPD,5,1.7577,-0.4766,0.4542,1.093729095,2.2343,,2.7,
eval_20260723_115807,Ministral-3-8B-Instruct-2512,jina,twostage,jina/twostage,451,DIE LINKE,5,0.1858,-0.7741,-0.29664,0.179121793,0.9599,1.2,1.3,0.10000000000000009
eval_20260723_115807,Ministral-3-8B-Instruct-2512,jina,twostage,jina/twostage,205,AfD,5,-1.1723,-2.6155,-2.08082,0.32787153700000005,1.4432,,6.5,
eval_20260723_115807,Ministral-3-8B-Instruct-2512,jina,twostage,jina/twostage,327,CDU,5,-0.537,-3.5072,-2.5675600000000003,1.3537863430000001,2.9702,,4.7,
eval_20260723_115807,Ministral-3-8B-Instruct-2512,jina,twostage,jina/twostage,708,SPD,5,1.0475,-1.9156,-0.9216599999999999,1.386585113,2.9631,2.3,2.7,0.40000000000000036
eval_20260723_115807,Ministral-3-8B-Instruct-2512,jina,twostage,jina/twostage,251,BÜNDNIS 90/DIE GRÜNEN,5,5.8379,1.3836,3.86336,3.3688418330000003,4.4543,3.2,2.4,0.8000000000000003
eval_20260723_115807,Ministral-3-8B-Instruct-2512,jina,twostage,jina/twostage,577,DIE LINKE,5,4.4562,-3.4987,-0.30262,9.102491187,7.9549,1.1,1.3,0.19999999999999996
eval_20260723_115807,Ministral-3-8B-Instruct-2512,jina,twostage,jina/twostage,197,AfD,5,-0.5904,-2.2193,-1.7517200000000002,0.48694213700000005,1.6289,7.0,6.5,0.5
eval_20260723_115807,Ministral-3-8B-Instruct-2512,jina,twostage,jina/twostage,345,CSU,5,-1.7172,-2.285,-2.0134800000000004,0.07090193199999997,0.5678000000000001,4.5,5.4,0.9000000000000004
eval_20260723_115807,Ministral-3-8B-Instruct-2512,jina,twostage,jina/twostage,741,SPD,5,5.1585,1.5288,3.1483600000000003,1.6978523930000002,3.6297,4.2,2.7,1.5
eval_20260723_115807,Ministral-3-8B-Instruct-2512,jina,twostage,jina/twostage,339,CDU,5,-1.4176,-2.874,-2.11992,0.45614075200000004,1.4564000000000001,7.0,4.7,2.3
eval_20260723_115807,Ministral-3-8B-Instruct-2512,jina,twostage,jina/twostage,706,SPD,5,-1.201,-4.1087,-2.8639200000000002,1.2648065769999997,2.9076999999999997,3.2,2.7,0.5
eval_20260723_115807,Ministral-3-8B-Instruct-2512,jina,twostage,jina/twostage,528,DIE LINKE,5,1.694,-0.92,0.12811999999999996,1.087348247,2.614,1.2,1.3,0.10000000000000009
eval_20260723_115807,Ministral-3-8B-Instruct-2512,jina,twostage,jina/twostage,138,AfD,5,-2.5212,-4.6001,-3.97766,0.7553031530000003,2.0789000000000004,7.0,6.5,0.5
eval_20260723_115807,Ministral-3-8B-Instruct-2512,jina,twostage,jina/twostage,353,FDP,5,-5.2959,-6.9359,-6.0662199999999995,0.3815042920000002,1.6400000000000006,7.0,4.3,2.7
eval_20260723_115807,Ministral-3-8B-Instruct-2512,jina,twostage,jina/twostage,617,SPD,5,-1.2545,-4.3868,-3.69854,1.8702940230000005,3.1323,3.2,2.7,0.5
eval_20260723_115807,Ministral-3-8B-Instruct-2512,jina,twostage,jina/twostage,66,BÜNDNIS 90/DIE GRÜNEN,5,0.9774,-1.5788,-0.8848,1.112573515,2.5562,4.2,2.4,1.8000000000000003
eval_20260723_115807,Ministral-3-8B-Instruct-2512,jina,twostage,jina/twostage,64,BÜNDNIS 90/DIE GRÜNEN,5,3.0541,-2.2333,-0.2888399999999999,6.0824700080000005,5.2874,5.8,2.4,3.4
eval_20260723_115807,Ministral-3-8B-Instruct-2512,jina,twostage,jina/twostage,671,SPD,5,1.4988,-0.9066,-0.30866,1.028035638,2.4053999999999998,4.2,2.7,1.5
eval_20260723_115807,Ministral-3-8B-Instruct-2512,jina,twostage,jina/twostage,140,AfD,5,-2.5887,-4.3867,-3.67524,0.5759657380000001,1.7980000000000005,7.0,6.5,0.5
eval_20260723_115807,Ministral-3-8B-Instruct-2512,jina,twostage,jina/twostage,23,BÜNDNIS 90/DIE GRÜNEN,5,-1.2434,-2.8703,-2.26968,0.4432927469999999,1.6268999999999998,3.2,2.4,0.8000000000000003
eval_20260723_115807,Ministral-3-8B-Instruct-2512,jina,twostage,jina/twostage,110,BÜNDNIS 90/DIE GRÜNEN,5,-1.6908,-3.3131,-2.4956199999999997,0.414623207,1.6222999999999999,4.5,2.4,2.1
eval_20260723_115807,Ministral-3-8B-Instruct-2512,jina,twostage,jina/twostage,212,AfD,5,-2.4962,-3.6796,-3.15332,0.290274297,1.1834000000000002,6.8,6.5,0.2999999999999998
eval_20260723_115807,Ministral-3-8B-Instruct-2512,jina,twostage,jina/twostage,558,DIE LINKE,5,4.046,-0.8621,0.9114800000000001,3.672524412,4.9081,1.2,1.3,0.10000000000000009
eval_20260723_115807,Ministral-3-8B-Instruct-2512,jina,twostage,jina/twostage,240,BÜNDNIS 90/DIE GRÜNEN,5,0.5269,-0.9567,-0.40484,0.308709088,1.4836,1.2,2.4,1.2
eval_20260723_115807,Ministral-3-8B-Instruct-2512,jina,twostage,jina/twostage,478,DIE LINKE,5,0.4338,-2.3929,-1.1082800000000002,1.3000336419999998,2.8267,3.2,1.3,1.9000000000000001
eval_20260723_115807,Ministral-3-8B-Instruct-2512,jina,twostage,jina/twostage,214,BÜNDNIS 90/DIE GRÜNEN,5,6.1161,0.1698,2.51626,7.003704353000001,5.9463,1.2,2.4,1.2
eval_20260723_115807,Ministral-3-8B-Instruct-2512,jina,twostage,jina/twostage,406,FDP,5,2.083,-1.6703,-0.31442,2.0514289670000005,3.7533000000000003,6.8,4.3,2.5
eval_20260723_115807,Ministral-3-8B-Instruct-2512,jina,twostage,jina/twostage,67,BÜNDNIS 90/DIE GRÜNEN,5,1.7154,-1.0305,0.01499999999999999,1.441211525,2.7459,1.2,2.4,1.2
eval_20260723_115807,Ministral-3-8B-Instruct-2512,jina,twostage,jina/twostage,680,SPD,5,-4.2942,-6.4538,-5.17282,0.934457707,2.1596,5.8,2.7,3.0999999999999996
eval_20260723_115807,Ministral-3-8B-Instruct-2512,jina,twostage,jina/twostage,530,DIE LINKE,5,2.6485,-0.5957,0.65574,1.6735400729999999,3.2441999999999998,3.2,1.3,1.9000000000000001
eval_20260723_115807,Ministral-3-8B-Instruct-2512,jina,twostage,jina/twostage,538,DIE LINKE,5,1.2967,-3.8992,-2.2295000000000003,4.472967685,5.1959,1.2,1.3,0.10000000000000009
eval_20260723_115807,Ministral-3-8B-Instruct-2512,jina,twostage,jina/twostage,653,SPD,5,-2.9882,-3.8151,-3.42424,0.14074654300000006,0.8269000000000002,4.5,2.7,1.7999999999999998
eval_20260723_115807,Ministral-3-8B-Instruct-2512,jina,twostage,jina/twostage,335,CDU,5,4.6621,-1.128,0.41191999999999995,5.8948530969999995,5.7901,4.2,4.7,0.5
eval_20260723_115807,Ministral-3-8B-Instruct-2512,jina,twostage,jina/twostage,496,DIE LINKE,5,-2.6766,-4.0278,-3.3048200000000003,0.31334972699999997,1.3512,1.2,1.3,0.10000000000000009
eval_20260723_115807,Ministral-3-8B-Instruct-2512,jina,twostage,jina/twostage,804,SPD,5,1.2687,0.1073,0.7144000000000001,0.17374009,1.1614,5.8,2.7,3.0999999999999996
eval_20260723_115807,Ministral-3-8B-Instruct-2512,jina,twostage,jina/twostage,432,DIE LINKE,5,-2.3435,-3.5125,-2.86562,0.31793185200000007,1.169,1.5,1.3,0.19999999999999996
eval_20260723_115807,Ministral-3-8B-Instruct-2512,jina,twostage,jina/twostage,569,DIE LINKE,5,-1.6362,-3.5698,-2.60314,0.4963824979999999,1.9335999999999998,3.2,1.3,1.9000000000000001
eval_20260723_115807,Ministral-3-8B-Instruct-2512,jina,twostage,jina/twostage,801,SPD,5,-0.442,-1.5657,-0.9189,0.19012282500000002,1.1237000000000001,2.1,2.7,0.6000000000000001
eval_20260723_115807,Ministral-3-8B-Instruct-2512,jina,twostage,jina/twostage,783,SPD,5,9.2778,6.246,7.788819999999999,1.1496332619999992,3.0317999999999987,2.1,2.7,0.6000000000000001
eval_20260723_115807,Ministral-3-8B-Instruct-2512,jina,twostage,jina/twostage,817,SPD,5,-2.6021,-3.8561,-3.1814999999999998,0.255970115,1.254,2.1,2.7,0.6000000000000001
eval_20260723_115807,Ministral-3-8B-Instruct-2512,jina,twostage,jina/twostage,546,DIE LINKE,5,-1.2444,-3.2305,-2.53682,0.8361131270000001,1.9861000000000002,1.2,1.3,0.10000000000000009
eval_20260723_115807,Ministral-3-8B-Instruct-2512,jina,twostage,jina/twostage,381,FDP,5,7.8195,0.8389,3.0030200000000002,7.954677907,6.9806,5.8,4.3,1.5
eval_20260723_115807,Ministral-3-8B-Instruct-2512,jina,twostage,jina/twostage,775,SPD,5,0.2236,-2.6776,-1.7490199999999998,1.6905975119999999,2.9012,4.2,2.7,1.5
eval_20260723_115807,Ministral-3-8B-Instruct-2512,jina,twostage,jina/twostage,261,BÜNDNIS 90/DIE GRÜNEN,5,-1.957,-3.9192,-2.91662,0.493711862,1.9622,2.1,2.4,0.2999999999999998
eval_20260723_115807,Ministral-3-8B-Instruct-2512,jina,twostage,jina/twostage,507,DIE LINKE,5,-3.783,-5.1934,-4.71066,0.3080016279999999,1.4103999999999997,1.2,1.3,0.10000000000000009
eval_20260723_115807,Ministral-3-8B-Instruct-2512,jina,twostage,jina/twostage,666,SPD,5,-3.0872,-5.0025,-3.8373800000000005,0.6343847270000001,1.9153000000000002,3.2,2.7,0.5
eval_20260723_115807,Ministral-3-8B-Instruct-2512,jina,twostage,jina/twostage,369,FDP,5,-2.1421,-3.0054,-2.4772600000000002,0.13392086299999995,0.8632999999999997,3.2,4.3,1.0999999999999996
eval_20260723_115807,Ministral-3-8B-Instruct-2512,jina,twostage,jina/twostage,50,CDU/CSU,5,0.5436,-1.1148,-0.22549999999999998,0.42409377499999995,1.6583999999999999,4.2,4.7,0.5
eval_20260723_115807,Ministral-3-8B-Instruct-2512,jina,twostage,jina/twostage,97,AfD,5,1.0243,-0.0829,0.42016,0.230020758,1.1072,7.0,6.5,0.5
eval_20260723_115807,Ministral-3-8B-Instruct-2512,jina,twostage,jina/twostage,777,SPD,5,1.1198,-0.7514,-0.09738000000000004,0.5061447819999999,1.8712,5.8,2.7,3.0999999999999996
eval_20260723_115807,Ministral-3-8B-Instruct-2512,jina,twostage,jina/twostage,651,SPD,5,-0.7988,-4.7856,-3.3483199999999997,2.5233059869999996,3.9867999999999997,1.2,2.7,1.5000000000000002
eval_20260723_115807,Ministral-3-8B-Instruct-2512,jina,twostage,jina/twostage,483,DIE LINKE,5,-0.0394,-1.5279,-0.85056,0.33636807300000005,1.4885,1.3,1.3,0.0
eval_20260723_115807,Ministral-3-8B-Instruct-2512,jina,twostage,jina/twostage,600,SPD,5,-2.3557,-3.1995,-2.84164,0.10585741299999998,0.8437999999999999,3.2,2.7,0.5
eval_20260723_115807,Ministral-3-8B-Instruct-2512,jina,twostage,jina/twostage,816,SPD,5,-0.3631,-3.5086,-2.1463799999999997,1.9017210269999998,3.1455,3.2,2.7,0.5
eval_20260723_115807,Ministral-3-8B-Instruct-2512,jina,twostage,jina/twostage,33,AfD,5,1.4581,-0.3957,0.22593999999999997,0.6413077679999999,1.8538,6.8,6.5,0.2999999999999998
eval_20260723_115807,Ministral-3-8B-Instruct-2512,jina,twostage,jina/twostage,31,AfD,5,-3.1026,-4.2211,-3.65428,0.2138017170000001,1.1185,6.8,6.5,0.2999999999999998
eval_20260723_115807,Ministral-3-8B-Instruct-2512,jina,twostage,jina/twostage,819,SPD,5,1.0714,-3.5004,-1.7568800000000002,3.507234397,4.5718,,2.7,
eval_20260723_115807,Ministral-3-8B-Instruct-2512,jina,twostage,jina/twostage,494,DIE LINKE,5,0.9815,-1.3003,-0.05581999999999998,0.994058417,2.2818,1.5,1.3,0.19999999999999996
eval_20260723_115807,Ministral-3-8B-Instruct-2512,jina,twostage,jina/twostage,337,CDU,5,0.578,-2.7441,-1.3556000000000001,2.108350175,3.3221,4.2,4.7,0.5
eval_20260723_115807,Ministral-3-8B-Instruct-2512,jina,twostage,jina/twostage,297,BÜNDNIS 90/DIE GRÜNEN,5,1.1688,-1.6487,-0.66484,1.238153543,2.8175,1.2,2.4,1.2
eval_20260723_115807,Ministral-3-8B-Instruct-2512,jina,twostage,jina/twostage,300,BÜNDNIS 90/DIE GRÜNEN,5,1.1136,-0.6767,0.37737999999999994,0.6052868619999999,1.7902999999999998,3.2,2.4,0.8000000000000003
eval_20260723_115807,Ministral-3-8B-Instruct-2512,jina,twostage,jina/twostage,441,DIE LINKE,5,-2.8313,-3.7916,-3.4940799999999994,0.14315974699999995,0.9602999999999997,5.8,1.3,4.5
eval_20260723_115807,Ministral-3-8B-Instruct-2512,jina,twostage,jina/twostage,405,FDP,5,-2.328,-3.7268,-2.8820799999999998,0.5081694370000001,1.3988,4.2,4.3,0.09999999999999964
eval_20260723_115807,Ministral-3-8B-Instruct-2512,jina,twostage,jina/twostage,73,BÜNDNIS 90/DIE GRÜNEN,5,-1.0406,-3.1328,-2.29188,0.948340587,2.0922,2.1,2.4,0.2999999999999998
eval_20260723_115807,Ministral-3-8B-Instruct-2512,jina,twostage,jina/twostage,78,BÜNDNIS 90/DIE GRÜNEN,5,2.3961,1.4304,1.7721399999999998,0.13831068300000005,0.9657000000000002,2.1,2.4,0.2999999999999998
eval_20260723_115807,Ministral-3-8B-Instruct-2512,jina,twostage,jina/twostage,749,SPD,5,2.8555,1.2048,1.8788200000000004,0.37682249200000006,1.6507,3.5,2.7,0.7999999999999998
eval_20260723_115807,Ministral-3-8B-Instruct-2512,jina,twostage,jina/twostage,523,DIE LINKE,5,2.6011,-0.2547,1.13574,1.640724603,2.8558000000000003,1.2,1.3,0.10000000000000009
eval_20260723_115807,Ministral-3-8B-Instruct-2512,jina,twostage,jina/twostage,352,FDP,5,2.0686,-1.1714,0.35256000000000004,1.562473723,3.24,4.2,4.3,0.09999999999999964
eval_20260723_115807,Ministral-3-8B-Instruct-2512,jina,twostage,jina/twostage,582,DIE LINKE,5,-0.434,-2.2079,-1.41512,0.6798806370000001,1.7739,5.8,1.3,4.5
eval_20260723_115807,Ministral-3-8B-Instruct-2512,jina,twostage,jina/twostage,366,FDP,5,1.1721,0.3475,0.66664,0.11377401799999998,0.8246,4.5,4.3,0.20000000000000018
eval_20260723_115807,Ministral-3-8B-Instruct-2512,jina,twostage,jina/twostage,444,DIE LINKE,5,0.0915,-1.1557,-0.56156,0.219394058,1.2471999999999999,1.2,1.3,0.10000000000000009
eval_20260723_115807,Ministral-3-8B-Instruct-2512,jina,twostage,jina/twostage,607,SPD,5,-1.5618,-4.3771,-3.35702,1.2733708970000002,2.8153000000000006,5.8,2.7,3.0999999999999996
eval_20260723_115807,Ministral-3-8B-Instruct-2512,jina,twostage,jina/twostage,351,FDP,5,1.3929,0.3048,0.95198,0.17738121700000004,1.0881,4.2,4.3,0.09999999999999964
eval_20260723_115807,Ministral-3-8B-Instruct-2512,jina,twostage,jina/twostage,156,AfD,5,-2.0067,-4.6102,-3.4395199999999995,1.341845432,2.6035,7.0,6.5,0.5
eval_20260723_115807,Ministral-3-8B-Instruct-2512,jina,twostage,jina/twostage,614,SPD,5,-1.4143,-2.8877,-2.4012800000000003,0.3433457920000001,1.4734000000000003,3.2,2.7,0.5
eval_20260723_115807,Ministral-3-8B-Instruct-2512,jina,twostage,jina/twostage,317,BÜNDNIS 90/DIE GRÜNEN,5,2.5872,-1.0577,0.5009399999999999,2.2093828030000005,3.6449000000000003,3.2,2.4,0.8000000000000003
eval_20260723_115807,Ministral-3-8B-Instruct-2512,jina,twostage,jina/twostage,622,SPD,5,9.4332,4.6785,7.2863,4.527239784999999,4.7547,6.5,2.7,3.8
eval_20260723_115807,Ministral-3-8B-Instruct-2512,jina,twostage,jina/twostage,769,SPD,5,-0.398,-2.4982,-1.81324,0.683254943,2.1002,3.2,2.7,0.5
eval_20260723_115807,Ministral-3-8B-Instruct-2512,jina,twostage,jina/twostage,55,BÜNDNIS 90/DIE GRÜNEN,5,3.0471,1.7558,2.3525400000000003,0.3822387629999999,1.2913,1.2,2.4,1.2
eval_20260723_115807,Ministral-3-8B-Instruct-2512,jina,twostage,jina/twostage,771,SPD,5,0.5673,-0.4647,0.00786,0.167047473,1.032,6.8,2.7,4.1
eval_20260723_115807,Ministral-3-8B-Instruct-2512,jina,twostage,jina/twostage,502,DIE LINKE,5,-0.3777,-4.6511,-2.56612,2.7943918119999998,4.2734,3.2,1.3,1.9000000000000001
eval_20260723_115807,Ministral-3-8B-Instruct-2512,jina,twostage,jina/twostage,266,BÜNDNIS 90/DIE GRÜNEN,5,-3.7408,-4.9429,-4.4339200000000005,0.32490683699999995,1.2020999999999997,3.2,2.4,0.8000000000000003
eval_20260723_115807,Ministral-3-8B-Instruct-2512,jina,twostage,jina/twostage,548,DIE LINKE,5,-1.9639,-2.7665,-2.52758,0.11184499700000002,0.8026000000000002,1.1,1.3,0.19999999999999996
eval_20260723_115807,Ministral-3-8B-Instruct-2512,jina,twostage,jina/twostage,98,AfD,5,-3.9998,-5.1022,-4.747680000000001,0.21582316699999998,1.1023999999999998,1.2,6.5,5.3
eval_20260723_115807,Ministral-3-8B-Instruct-2512,jina,twostage,jina/twostage,583,DIE LINKE,5,3.8117,0.9229,2.0177400000000003,1.2063780880000001,2.8888,,1.3,
eval_20260723_115807,Ministral-3-8B-Instruct-2512,jina,twostage,jina/twostage,77,CDU/CSU,5,7.8205,6.8063,7.17316,0.16641271799999996,1.0141999999999998,3.8,4.7,0.9000000000000004
eval_20260723_115807,Ministral-3-8B-Instruct-2512,jina,twostage,jina/twostage,121,AfD,5,-0.4685,-2.2844,-1.45444,0.613302633,1.8159,1.2,6.5,5.3
eval_20260723_115807,Ministral-3-8B-Instruct-2512,jina,twostage,jina/twostage,395,FDP,5,-3.0685,-3.8348,-3.42686,0.08923863300000001,0.7663000000000002,7.0,4.3,2.7
eval_20260723_115807,Ministral-3-8B-Instruct-2512,jina,twostage,jina/twostage,785,SPD,5,0.9576,-1.4725,-0.6204599999999999,0.9212074229999998,2.4301,3.2,2.7,0.5
eval_20260723_115807,Ministral-3-8B-Instruct-2512,jina,twostage,jina/twostage,358,FDP,5,0.0282,-2.2477,-1.06582,1.026554157,2.2759,4.2,4.3,0.09999999999999964
eval_20260723_115807,Ministral-3-8B-Instruct-2512,jina,twostage,jina/twostage,731,SPD,5,3.4358,-0.9852,0.5247399999999999,3.128061313,4.421,4.2,2.7,1.5
eval_20260723_115807,Ministral-3-8B-Instruct-2512,jina,twostage,jina/twostage,535,DIE LINKE,5,-0.0603,-0.9938,-0.45176,0.12642084800000003,0.9335,1.2,1.3,0.10000000000000009
eval_20260723_115807,Ministral-3-8B-Instruct-2512,jina,twostage,jina/twostage,465,DIE LINKE,5,0.1624,-1.33,-0.6929000000000001,0.524094075,1.4924,1.2,1.3,0.10000000000000009
eval_20260723_115807,Ministral-3-8B-Instruct-2512,jina,twostage,jina/twostage,85,BÜNDNIS 90/DIE GRÜNEN,5,0.5495,-1.3678,-0.17958,0.583699357,1.9173,6.8,2.4,4.4
eval_20260723_115807,Ministral-3-8B-Instruct-2512,jina,twostage,jina/twostage,10,BÜNDNIS 90/DIE GRÜNEN,5,0.0024,-1.2556,-0.77558,0.257425547,1.258,3.8,2.4,1.4
eval_20260723_115807,Ministral-3-8B-Instruct-2512,jina,twostage,jina/twostage,169,AfD,5,0.8598,-1.6233,-0.61782,1.443643367,2.4831,6.8,6.5,0.2999999999999998
eval_20260723_115807,Ministral-3-8B-Instruct-2512,jina,twostage,jina/twostage,111,BÜNDNIS 90/DIE GRÜNEN,5,0.6209,-0.8894,-0.35744,0.39143482300000004,1.5103,5.8,2.4,3.4
eval_20260723_115807,Ministral-3-8B-Instruct-2512,jina,twostage,jina/twostage,293,BÜNDNIS 90/DIE GRÜNEN,5,3.831,-0.0757,1.7171800000000002,2.662859702,3.9067,1.2,2.4,1.2
eval_20260723_115807,Ministral-3-8B-Instruct-2512,jina,twostage,jina/twostage,495,DIE LINKE,5,-0.3673,-1.8608,-1.18124,0.39370856299999996,1.4935,3.2,1.3,1.9000000000000001
eval_20260723_115807,Ministral-3-8B-Instruct-2512,jina,twostage,jina/twostage,219,BÜNDNIS 90/DIE GRÜNEN,5,-0.989,-3.6868,-2.3880399999999997,1.515060748,2.6978,2.3,2.4,0.10000000000000009
eval_20260723_115807,Ministral-3-8B-Instruct-2512,jina,twostage,jina/twostage,722,SPD,5,2.6556,-2.8088,-1.08584,5.266172523,5.4644,4.2,2.7,1.5
eval_20260723_115807,Ministral-3-8B-Instruct-2512,jina,twostage,jina/twostage,328,CDU,5,1.1946,-1.0818,-0.019640000000000036,0.9245391730000002,2.2764,2.1,4.7,2.6
eval_20260723_115807,Ministral-3-8B-Instruct-2512,jina,twostage,jina/twostage,544,DIE LINKE,5,-1.0492,-2.1952,-1.63726,0.235882058,1.146,1.2,1.3,0.10000000000000009
eval_20260723_115807,Ministral-3-8B-Instruct-2512,jina,twostage,jina/twostage,119,AfD,5,1.2439,-1.728,-0.18489999999999998,1.793949415,2.9718999999999998,7.0,6.5,0.5
eval_20260723_115807,Ministral-3-8B-Instruct-2512,jina,twostage,jina/twostage,532,DIE LINKE,5,0.3067,-3.1159,-1.6750599999999998,1.6541534529999997,3.4226,2.1,1.3,0.8
eval_20260723_115807,Ministral-3-8B-Instruct-2512,jina,twostage,jina/twostage,364,FDP,5,2.1209,-1.3345,-0.17604000000000006,1.8613411979999999,3.4554,3.8,4.3,0.5
eval_20260723_115807,Ministral-3-8B-Instruct-2512,jina,twostage,jina/twostage,29,AfD,5,-3.3553,-4.9389,-3.96716,0.3697301830000001,1.5836000000000001,6.8,6.5,0.2999999999999998
eval_20260723_115807,Ministral-3-8B-Instruct-2512,jina,twostage,jina/twostage,635,SPD,5,-2.3536,-4.2641,-3.2983,0.5390360399999999,1.9104999999999999,2.1,2.7,0.6000000000000001
eval_20260723_115807,Ministral-3-8B-Instruct-2512,jina,twostage,jina/twostage,584,DIE LINKE,5,-1.5409,-2.7274,-1.9684199999999996,0.19931350699999995,1.1864999999999999,1.2,1.3,0.10000000000000009
eval_20260723_115807,Ministral-3-8B-Instruct-2512,jina,twostage,jina/twostage,446,DIE LINKE,5,-2.621,-5.2473,-4.44644,1.141877818,2.6263,1.1,1.3,0.19999999999999996
eval_20260723_115807,Ministral-3-8B-Instruct-2512,jina,twostage,jina/twostage,307,BÜNDNIS 90/DIE GRÜNEN,5,-3.8874,-5.2383,-4.49304,0.36895614299999996,1.3508999999999998,,2.4,
eval_20260723_115807,Ministral-3-8B-Instruct-2512,jina,twostage,jina/twostage,82,BÜNDNIS 90/DIE GRÜNEN,5,-0.9884,-3.0095,-2.3505199999999995,0.660760527,2.0211,3.5,2.4,1.1
eval_20260723_115807,Ministral-3-8B-Instruct-2512,jina,twostage,jina/twostage,718,SPD,5,1.926,-0.0029,1.2601999999999998,0.5611169349999999,1.9288999999999998,3.2,2.7,0.5
eval_20260723_115807,Ministral-3-8B-Instruct-2512,jina,twostage,jina/twostage,457,DIE LINKE,5,4.5064,3.2764,3.77194,0.22736276300000002,1.23,7.0,1.3,5.7
eval_20260723_115807,Ministral-3-8B-Instruct-2512,jina,twostage,jina/twostage,518,DIE LINKE,5,-1.2386,-3.1496,-2.4128999999999996,0.72479152,1.911,1.2,1.3,0.10000000000000009
eval_20260723_115807,Ministral-3-8B-Instruct-2512,jina,twostage,jina/twostage,745,SPD,5,-2.0539,-3.2104,-2.77114,0.254643683,1.1564999999999999,5.8,2.7,3.0999999999999996
eval_20260723_115807,Ministral-3-8B-Instruct-2512,jina,twostage,jina/twostage,757,SPD,5,-0.1754,-1.7316,-0.92074,0.5217431180000001,1.5562,2.1,2.7,0.6000000000000001
eval_20260723_115807,Ministral-3-8B-Instruct-2512,jina,twostage,jina/twostage,660,SPD,5,1.7982,-0.4866,0.46069999999999994,0.896437895,2.2848,4.2,2.7,1.5
eval_20260723_115807,Ministral-3-8B-Instruct-2512,jina,twostage,jina/twostage,752,SPD,5,-4.9744,-5.7342,-5.292800000000001,0.09622654000000003,0.7598000000000003,3.2,2.7,0.5
eval_20260723_115807,Ministral-3-8B-Instruct-2512,jina,twostage,jina/twostage,248,BÜNDNIS 90/DIE GRÜNEN,5,-1.9227,-3.0308,-2.7409399999999997,0.21641900300000003,1.1081,3.2,2.4,0.8000000000000003
eval_20260723_115807,Ministral-3-8B-Instruct-2512,jina,twostage,jina/twostage,609,SPD,5,1.6286,-1.4696,-0.27046000000000003,1.448674313,3.0982000000000003,4.2,2.7,1.5
eval_20260723_115807,Ministral-3-8B-Instruct-2512,jina,twostage,jina/twostage,7,BÜNDNIS 90/DIE GRÜNEN,5,4.1482,2.19,2.9508199999999998,0.675611402,1.9582000000000002,2.1,2.4,0.2999999999999998
eval_20260723_115807,Ministral-3-8B-Instruct-2512,jina,twostage,jina/twostage,286,BÜNDNIS 90/DIE GRÜNEN,5,2.0069,-2.2768,-0.70662,2.8100262669999996,4.2837,2.8,2.4,0.3999999999999999
eval_20260723_115807,Ministral-3-8B-Instruct-2512,jina,twostage,jina/twostage,102,AfD,5,-2.1741,-3.679,-2.98504,0.4791107629999999,1.5048999999999997,6.8,6.5,0.2999999999999998
eval_20260723_115807,Ministral-3-8B-Instruct-2512,jina,twostage,jina/twostage,336,CDU,5,-1.6225,-2.8913,-2.37416,0.37457464800000007,1.2688000000000001,5.2,4.7,0.5
eval_20260723_115807,Ministral-3-8B-Instruct-2512,jina,twostage,jina/twostage,678,SPD,5,-2.0358,-3.217,-2.57092,0.19777965199999997,1.1812,5.8,2.7,3.0999999999999996
eval_20260723_115807,Ministral-3-8B-Instruct-2512,jina,twostage,jina/twostage,634,SPD,5,3.9542,1.8078,2.60774,0.7676868880000001,2.1464,3.2,2.7,0.5
eval_20260723_115807,Ministral-3-8B-Instruct-2512,jina,twostage,jina/twostage,658,SPD,5,2.3113,-0.5958,0.57168,1.372679737,2.9071000000000002,4.5,2.7,1.7999999999999998
eval_20260723_115807,Ministral-3-8B-Instruct-2512,jina,twostage,jina/twostage,2,CDU/CSU,5,2.1662,0.8721,1.36096,0.27771188299999994,1.2940999999999998,4.5,4.7,0.20000000000000018
eval_20260723_115807,Ministral-3-8B-Instruct-2512,jina,twostage,jina/twostage,232,BÜNDNIS 90/DIE GRÜNEN,5,1.926,-1.2911,0.60512,1.9284420070000001,3.2171,2.1,2.4,0.2999999999999998
eval_20260723_115807,Ministral-3-8B-Instruct-2512,jina,twostage,jina/twostage,426,DIE LINKE,5,3.8108,2.269,3.04136,0.403978843,1.5417999999999998,1.2,1.3,0.10000000000000009
eval_20260723_115807,Ministral-3-8B-Instruct-2512,jina,twostage,jina/twostage,333,CDU,5,-1.0437,-2.5834,-2.0891,0.385517545,1.5397,4.2,4.7,0.5
eval_20260723_115807,Ministral-3-8B-Instruct-2512,jina,twostage,jina/twostage,209,AfD,5,-1.0115,-1.695,-1.4113000000000002,0.10151940499999998,0.6835,5.8,6.5,0.7000000000000002
eval_20260723_115807,Ministral-3-8B-Instruct-2512,jina,twostage,jina/twostage,211,AfD,5,0.7149,-2.7192,-1.10744,1.6917236829999998,3.4341,7.0,6.5,0.5
eval_20260723_115807,Ministral-3-8B-Instruct-2512,jina,twostage,jina/twostage,448,DIE LINKE,5,1.365,-2.2026,-0.9522400000000001,2.131811208,3.5675999999999997,3.2,1.3,1.9000000000000001
eval_20260723_115807,Ministral-3-8B-Instruct-2512,jina,twostage,jina/twostage,765,SPD,5,7.2008,6.0851,6.518479999999999,0.21816127700000001,1.1157000000000004,3.5,2.7,0.7999999999999998
eval_20260723_115807,Ministral-3-8B-Instruct-2512,jina,twostage,jina/twostage,668,SPD,5,-0.2822,-2.2556,-1.38492,0.683183652,1.9733999999999998,4.5,2.7,1.7999999999999998
eval_20260723_115807,Ministral-3-8B-Instruct-2512,jina,twostage,jina/twostage,175,AfD,5,-4.021,-5.5837,-4.8452399999999995,0.4315913530000003,1.5627000000000004,3.2,6.5,3.3
eval_20260723_115807,Ministral-3-8B-Instruct-2512,jina,twostage,jina/twostage,245,BÜNDNIS 90/DIE GRÜNEN,5,2.1035,0.459,1.09754,0.482031273,1.6444999999999999,2.8,2.4,0.3999999999999999
eval_20260723_115807,Ministral-3-8B-Instruct-2512,jina,twostage,jina/twostage,454,DIE LINKE,5,0.6628,-5.3949,-3.62166,5.957518708,6.0577,2.8,1.3,1.4999999999999998
eval_20260723_115807,Ministral-3-8B-Instruct-2512,jina,twostage,jina/twostage,357,FDP,5,2.6305,0.0711,1.1824400000000002,1.018282693,2.5594,1.2,4.3,3.0999999999999996
eval_20260723_115807,Ministral-3-8B-Instruct-2512,jina,twostage,jina/twostage,500,DIE LINKE,5,-1.1734,-2.9609,-2.36008,0.516186712,1.7875,1.1,1.3,0.19999999999999996
eval_20260723_115807,Ministral-3-8B-Instruct-2512,jina,twostage,jina/twostage,382,FDP,5,-4.0922,-5.1109,-4.75202,0.16422219699999993,1.0187,5.8,4.3,1.5
eval_20260723_115807,Ministral-3-8B-Instruct-2512,jina,twostage,jina/twostage,80,BÜNDNIS 90/DIE GRÜNEN,5,-0.7153,-3.9434,-2.6883,2.1219554799999996,3.2281,3.2,2.4,0.8000000000000003
eval_20260723_115807,Ministral-3-8B-Instruct-2512,jina,twostage,jina/twostage,149,AfD,5,-1.8024,-2.9906,-2.37616,0.20315065300000004,1.1882000000000001,7.0,6.5,0.5
eval_20260723_115807,Ministral-3-8B-Instruct-2512,jina,twostage,jina/twostage,362,FDP,5,4.5362,2.2181,2.91164,0.8829124230000001,2.3181,3.2,4.3,1.0999999999999996
eval_20260723_115807,Ministral-3-8B-Instruct-2512,jina,twostage,jina/twostage,193,AfD,5,-1.7533,-3.5413,-2.88448,0.49423867199999993,1.788,6.8,6.5,0.2999999999999998
eval_20260723_115807,Ministral-3-8B-Instruct-2512,jina,twostage,jina/twostage,276,BÜNDNIS 90/DIE GRÜNEN,5,2.261,-0.3973,0.43722000000000005,1.1852859120000003,2.6583,3.2,2.4,0.8000000000000003
eval_20260723_115807,Ministral-3-8B-Instruct-2512,jina,twostage,jina/twostage,332,CDU,5,-1.2307,-1.6235,-1.4159599999999999,0.030606898000000007,0.39280000000000004,6.5,4.7,1.7999999999999998
eval_20260723_115807,Ministral-3-8B-Instruct-2512,jina,twostage,jina/twostage,603,SPD,5,6.552,-3.4591,-1.22906,19.038332023000002,10.011099999999999,3.2,2.7,0.5
eval_20260723_115807,Ministral-3-8B-Instruct-2512,jina,twostage,jina/twostage,320,CDU,5,-1.1275,-2.3447,-1.6018599999999998,0.230110233,1.2172,4.5,4.7,0.20000000000000018
eval_20260723_115807,Ministral-3-8B-Instruct-2512,jina,twostage,jina/twostage,199,AfD,5,-2.5388,-4.6263,-3.6739400000000004,0.6717390029999998,2.0874999999999995,7.0,6.5,0.5
eval_20260723_115807,Ministral-3-8B-Instruct-2512,jina,twostage,jina/twostage,134,AfD,5,-2.1023,-4.2699,-3.55602,0.7803646569999998,2.1675999999999997,6.8,6.5,0.2999999999999998
eval_20260723_115807,Ministral-3-8B-Instruct-2512,jina,twostage,jina/twostage,394,FDP,5,-1.1635,-2.9111,-2.4153399999999996,0.511717003,1.7475999999999998,3.2,4.3,1.0999999999999996
eval_20260723_115807,Ministral-3-8B-Instruct-2512,jina,twostage,jina/twostage,315,BÜNDNIS 90/DIE GRÜNEN,5,0.2766,-0.7619,-0.23037999999999997,0.249713902,1.0385,3.2,2.4,0.8000000000000003
eval_20260723_115807,Ministral-3-8B-Instruct-2512,jina,twostage,jina/twostage,712,SPD,5,-0.4893,-1.8204,-1.0955400000000002,0.321625643,1.3311,5.8,2.7,3.0999999999999996
eval_20260723_115807,Ministral-3-8B-Instruct-2512,jina,twostage,jina/twostage,56,CDU/CSU,5,5.523,2.8118,3.8105999999999995,1.1148982349999996,2.7112,2.1,4.7,2.6
eval_20260723_115807,Ministral-3-8B-Instruct-2512,jina,twostage,jina/twostage,440,DIE LINKE,5,1.7893,-2.1029,-1.00426,2.6097810029999997,3.8922,1.2,1.3,0.10000000000000009
eval_20260723_115807,Ministral-3-8B-Instruct-2512,jina,twostage,jina/twostage,621,SPD,5,1.0567,-2.6053,-0.61694,2.077904823,3.662,3.2,2.7,0.5
eval_20260723_115807,Ministral-3-8B-Instruct-2512,jina,twostage,jina/twostage,550,DIE LINKE,5,0.0834,-2.6002,-1.66734,1.162108418,2.6836,1.3,1.3,0.0
eval_20260723_115807,Ministral-3-8B-Instruct-2512,jina,twostage,jina/twostage,568,DIE LINKE,5,-1.6122,-2.593,-2.07634,0.18339365799999996,0.9807999999999999,1.2,1.3,0.10000000000000009
eval_20260723_115807,Ministral-3-8B-Instruct-2512,jina,twostage,jina/twostage,625,SPD,5,-0.79,-3.8113,-2.63022,1.495490212,3.0213,4.5,2.7,1.7999999999999998
eval_20260723_115807,Ministral-3-8B-Instruct-2512,jina,twostage,jina/twostage,427,DIE LINKE,5,0.548,-1.0275,-0.35066,0.381637973,1.5755000000000001,1.2,1.3,0.10000000000000009
eval_20260723_115807,Ministral-3-8B-Instruct-2512,jina,twostage,jina/twostage,463,DIE LINKE,5,0.7069,-2.233,-1.01242,1.225117977,2.9399,4.2,1.3,2.9000000000000004
eval_20260723_115807,Ministral-3-8B-Instruct-2512,jina,twostage,jina/twostage,458,DIE LINKE,5,-3.9164,-6.6251,-5.642860000000001,1.180401303,2.7087,4.5,1.3,3.2
eval_20260723_115807,Ministral-3-8B-Instruct-2512,jina,twostage,jina/twostage,61,BÜNDNIS 90/DIE GRÜNEN,5,-0.3192,-1.6708,-0.9527800000000001,0.323888067,1.3516000000000001,4.2,2.4,1.8000000000000003
eval_20260723_115807,Ministral-3-8B-Instruct-2512,jina,twostage,jina/twostage,590,DIE LINKE,5,-0.2827,-0.8823,-0.5896399999999999,0.05461379799999999,0.5995999999999999,6.5,1.3,5.2
eval_20260723_115807,Ministral-3-8B-Instruct-2512,jina,twostage,jina/twostage,389,FDP,5,0.3338,-4.4114,-2.213,4.613344565,4.7452000000000005,4.5,4.3,0.20000000000000018
eval_20260723_115807,Ministral-3-8B-Instruct-2512,jina,twostage,jina/twostage,200,AfD,5,-1.4292,-2.9421,-2.3416799999999998,0.3905403569999999,1.5129,7.0,6.5,0.5
eval_20260723_115807,Ministral-3-8B-Instruct-2512,jina,twostage,jina/twostage,637,SPD,5,1.5613,-2.6827,-1.3575400000000002,2.856129128,4.244,6.8,2.7,4.1
eval_20260723_115807,Ministral-3-8B-Instruct-2512,jina,twostage,jina/twostage,758,SPD,5,1.922,-3.1146,-0.8291999999999999,3.825521684999999,5.0366,4.2,2.7,1.5
eval_20260723_115807,Ministral-3-8B-Instruct-2512,jina,twostage,jina/twostage,545,DIE LINKE,5,-1.2507,-3.3358,-2.4763399999999995,0.613692563,2.0850999999999997,2.1,1.3,0.8
eval_20260723_115807,Ministral-3-8B-Instruct-2512,jina,twostage,jina/twostage,383,FDP,5,-2.3607,-3.7417,-3.0307399999999998,0.396819013,1.3809999999999998,2.1,4.3,2.1999999999999997
eval_20260723_115807,Ministral-3-8B-Instruct-2512,jina,twostage,jina/twostage,260,BÜNDNIS 90/DIE GRÜNEN,5,0.2027,-2.224,-0.90868,0.9836738720000001,2.4267000000000003,3.5,2.4,1.1
eval_20260723_115807,Ministral-3-8B-Instruct-2512,jina,twostage,jina/twostage,210,AfD,5,0.4697,-0.8722,-0.43616,0.282612903,1.3418999999999999,7.0,6.5,0.5
eval_20260723_115807,Ministral-3-8B-Instruct-2512,jina,twostage,jina/twostage,410,FDP,5,0.1178,-3.1434,-2.00352,1.904051657,3.2612,6.5,4.3,2.2
eval_20260723_115807,Ministral-3-8B-Instruct-2512,jina,twostage,jina/twostage,740,SPD,5,-2.3797,-3.5044,-3.03202,0.2603456269999999,1.1246999999999998,4.5,2.7,1.7999999999999998
eval_20260723_115807,Ministral-3-8B-Instruct-2512,jina,twostage,jina/twostage,91,BÜNDNIS 90/DIE GRÜNEN,5,-1.0029,-2.324,-1.8182399999999999,0.3502244929999999,1.3211,2.1,2.4,0.2999999999999998
eval_20260723_115807,Ministral-3-8B-Instruct-2512,jina,twostage,jina/twostage,255,BÜNDNIS 90/DIE GRÜNEN,5,-0.794,-2.1402,-1.37742,0.36564699200000006,1.3462,3.2,2.4,0.8000000000000003
eval_20260723_115807,Ministral-3-8B-Instruct-2512,jina,twostage,jina/twostage,421,DIE LINKE,5,3.0848,-0.2074,0.9019999999999998,1.78414266,3.2922,1.1,1.3,0.19999999999999996
eval_20260723_115807,Ministral-3-8B-Instruct-2512,jina,twostage,jina/twostage,376,FDP,5,3.5524,0.7272,1.81844,1.3834921029999998,2.8252,3.2,4.3,1.0999999999999996
eval_20260723_115807,Ministral-3-8B-Instruct-2512,jina,twostage,jina/twostage,301,BÜNDNIS 90/DIE GRÜNEN,5,1.425,-0.6338,-0.050940000000000006,0.737009083,2.0588,2.1,2.4,0.2999999999999998
eval_20260723_115807,Ministral-3-8B-Instruct-2512,jina,twostage,jina/twostage,159,AfD,5,0.4023,-2.3497,-1.15716,1.1164517280000001,2.752,6.8,6.5,0.2999999999999998
eval_20260723_115807,Ministral-3-8B-Instruct-2512,jina,twostage,jina/twostage,70,BÜNDNIS 90/DIE GRÜNEN,5,1.5436,-1.6937,-0.56456,1.647957743,3.2373000000000003,3.2,2.4,0.8000000000000003
eval_20260723_115807,Ministral-3-8B-Instruct-2512,jina,twostage,jina/twostage,605,SPD,5,-2.2952,-3.3855,-2.9801200000000003,0.17857008700000004,1.0903,6.5,2.7,3.8
eval_20260723_115807,Ministral-3-8B-Instruct-2512,jina,twostage,jina/twostage,132,AfD,5,0.6875,-0.1208,0.11909999999999998,0.10721670999999999,0.8083,1.2,6.5,5.3
eval_20260723_115807,Ministral-3-8B-Instruct-2512,jina,twostage,jina/twostage,45,CDU/CSU,5,-1.7703,-2.5927,-2.30086,0.12544554800000002,0.8223999999999998,7.0,4.7,2.3
eval_20260723_115807,Ministral-3-8B-Instruct-2512,jina,twostage,jina/twostage,71,BÜNDNIS 90/DIE GRÜNEN,5,-0.6879,-3.2639,-1.9904,1.2333311900000001,2.576,,2.4,
eval_20260723_115807,Ministral-3-8B-Instruct-2512,jina,twostage,jina/twostage,488,DIE LINKE,5,-0.8018,-3.0451,-1.9956399999999999,1.205710893,2.2433,1.1,1.3,0.19999999999999996
eval_20260723_115807,Ministral-3-8B-Instruct-2512,jina,twostage,jina/twostage,759,SPD,5,2.1382,-0.3801,0.4244199999999999,1.062581957,2.5183,3.2,2.7,0.5
eval_20260723_115807,Ministral-3-8B-Instruct-2512,jina,twostage,jina/twostage,324,CDU,5,7.1787,3.1956,5.27792,2.7155136669999997,3.9831,6.8,4.7,2.0999999999999996
eval_20260723_115807,Ministral-3-8B-Instruct-2512,jina,twostage,jina/twostage,689,SPD,5,-2.6123,-3.2042,-2.9687799999999998,0.06347680700000002,0.5919000000000003,4.5,2.7,1.7999999999999998
eval_20260723_115807,Ministral-3-8B-Instruct-2512,jina,twostage,jina/twostage,136,AfD,5,2.1382,-2.5325,-0.6518400000000001,2.9310251230000004,4.6707,7.0,6.5,0.5
eval_20260723_115807,Ministral-3-8B-Instruct-2512,jina,twostage,jina/twostage,83,BÜNDNIS 90/DIE GRÜNEN,5,-2.1149,-3.6227,-3.0513000000000003,0.421467335,1.5078,6.8,2.4,4.4
eval_20260723_115807,Ministral-3-8B-Instruct-2512,jina,twostage,jina/twostage,166,AfD,5,3.1297,-2.0532,-0.71078,4.713463607,5.1829,6.8,6.5,0.2999999999999998
eval_20260723_115807,Ministral-3-8B-Instruct-2512,jina,twostage,jina/twostage,165,AfD,5,-0.3197,-2.9278,-1.8160599999999998,1.1223271329999998,2.6081,6.8,6.5,0.2999999999999998
eval_20260723_115807,Ministral-3-8B-Instruct-2512,jina,twostage,jina/twostage,28,AfD,5,0.9536,-1.7825,-0.5829,1.27900801,2.7361,6.8,6.5,0.2999999999999998
eval_20260723_115807,Ministral-3-8B-Instruct-2512,jina,twostage,jina/twostage,778,SPD,5,1.6531,-1.018,0.05225999999999997,1.2081321280000001,2.6711,2.1,2.7,0.6000000000000001
eval_20260723_115807,Ministral-3-8B-Instruct-2512,jina,twostage,jina/twostage,194,AfD,5,0.8011,-1.3122,-0.4084,0.666831535,2.1133,1.3,6.5,5.2
eval_20260723_115807,Ministral-3-8B-Instruct-2512,jina,twostage,jina/twostage,734,SPD,5,1.0936,-1.3456,-0.5545,0.9466928399999999,2.4391999999999996,2.8,2.7,0.09999999999999964
eval_20260723_115807,Ministral-3-8B-Instruct-2512,jina,twostage,jina/twostage,533,DIE LINKE,5,3.6449,0.6089,1.3428,1.6664281149999998,3.0359999999999996,2.1,1.3,0.8
eval_20260723_115807,Ministral-3-8B-Instruct-2512,jina,twostage,jina/twostage,330,CDU,5,1.6522,-0.1567,0.64856,0.431253808,1.8089,4.5,4.7,0.20000000000000018
eval_20260723_115807,Ministral-3-8B-Instruct-2512,jina,twostage,jina/twostage,137,AfD,5,-2.065,-2.7946,-2.6056399999999997,0.09481114800000003,0.7296,7.0,6.5,0.5
eval_20260723_115807,Ministral-3-8B-Instruct-2512,jina,twostage,jina/twostage,429,DIE LINKE,5,-0.8561,-2.3893,-1.8916,0.38972204999999993,1.5332,4.2,1.3,2.9000000000000004
eval_20260723_115807,Ministral-3-8B-Instruct-2512,jina,twostage,jina/twostage,445,DIE LINKE,5,0.2152,-1.8303,-1.29448,0.7237611070000001,2.0455,1.2,1.3,0.10000000000000009
eval_20260723_115807,Ministral-3-8B-Instruct-2512,jina,twostage,jina/twostage,141,AfD,5,-2.173,-2.5998,-2.37426,0.031789608,0.42680000000000007,7.0,6.5,0.5
eval_20260723_115807,Ministral-3-8B-Instruct-2512,jina,twostage,jina/twostage,487,DIE LINKE,5,-4.2501,-7.0318,-6.25098,1.2992866970000003,2.7817,4.5,1.3,3.2
eval_20260723_115807,Ministral-3-8B-Instruct-2512,jina,twostage,jina/twostage,6,CDU/CSU,5,-1.9884,-2.6895,-2.23548,0.09696364699999996,0.7010999999999998,4.2,4.7,0.5
eval_20260723_115807,Ministral-3-8B-Instruct-2512,jina,twostage,jina/twostage,537,DIE LINKE,5,7.2837,0.3118,3.6576,7.340706465,6.9719,1.1,1.3,0.19999999999999996
eval_20260723_115807,Ministral-3-8B-Instruct-2512,jina,twostage,jina/twostage,744,SPD,5,0.9574,-2.5857,-0.85802,2.286839637,3.5431,4.5,2.7,1.7999999999999998
eval_20260723_115807,Ministral-3-8B-Instruct-2512,jina,twostage,jina/twostage,236,BÜNDNIS 90/DIE GRÜNEN,5,2.6615,1.5065,2.1452,0.18015786500000008,1.1550000000000002,3.2,2.4,0.8000000000000003
eval_20260723_115807,Ministral-3-8B-Instruct-2512,jina,twostage,jina/twostage,498,DIE LINKE,5,2.3588,0.5041,1.25964,0.599778868,1.8547,6.8,1.3,5.5
eval_20260723_115807,Ministral-3-8B-Instruct-2512,jina,twostage,jina/twostage,579,DIE LINKE,5,0.5698,-1.0451,-0.21542,0.44354339700000006,1.6149,6.5,1.3,5.2
eval_20260723_115807,Ministral-3-8B-Instruct-2512,jina,twostage,jina/twostage,282,BÜNDNIS 90/DIE GRÜNEN,5,0.5414,-3.4684,-1.8035600000000003,2.209604948,4.0098,2.1,2.4,0.2999999999999998
eval_20260723_115807,Ministral-3-8B-Instruct-2512,jina,twostage,jina/twostage,519,DIE LINKE,5,-1.355,-4.9595,-3.91054,2.2227093430000004,3.6045000000000003,2.1,1.3,0.8
eval_20260723_115807,Ministral-3-8B-Instruct-2512,jina,twostage,jina/twostage,146,AfD,5,-1.6464,-2.9246,-2.3544799999999997,0.2598484669999999,1.2781999999999998,7.0,6.5,0.5
eval_20260723_115807,Ministral-3-8B-Instruct-2512,jina,twostage,jina/twostage,303,BÜNDNIS 90/DIE GRÜNEN,5,3.9129,1.402,2.3142799999999997,0.9754799570000002,2.5109000000000004,4.2,2.4,1.8000000000000003
eval_20260723_115807,Ministral-3-8B-Instruct-2512,jina,twostage,jina/twostage,221,BÜNDNIS 90/DIE GRÜNEN,5,-0.2215,-3.6893,-1.9929,2.77307426,3.4678,4.5,2.4,2.1
eval_20260723_115807,Ministral-3-8B-Instruct-2512,jina,twostage,jina/twostage,312,BÜNDNIS 90/DIE GRÜNEN,5,-4.2904,-5.1666,-4.76806,0.12626117799999992,0.8761999999999999,4.5,2.4,2.1
eval_20260723_115807,Ministral-3-8B-Instruct-2512,jina,twostage,jina/twostage,329,CDU,5,-1.3142,-2.1527,-1.9031399999999998,0.11398416299999996,0.8384999999999998,5.8,4.7,1.0999999999999996
eval_20260723_115807,Ministral-3-8B-Instruct-2512,jina,twostage,jina/twostage,133,AfD,5,2.9136,2.4794,2.7206200000000003,0.04392387700000003,0.43420000000000014,7.0,6.5,0.5
eval_20260723_115807,Ministral-3-8B-Instruct-2512,jina,twostage,jina/twostage,751,SPD,5,1.0603,-2.7058,-1.20852,2.246830447,3.7661,3.8,2.7,1.0999999999999996
eval_20260723_115807,Ministral-3-8B-Instruct-2512,jina,twostage,jina/twostage,739,SPD,5,-0.7563,-2.8257,-1.86644,0.882540978,2.0694,4.2,2.7,1.5
eval_20260723_115807,Ministral-3-8B-Instruct-2512,jina,twostage,jina/twostage,800,SPD,5,-1.2412,-3.4835,-2.2310399999999997,1.0256697529999999,2.2422999999999997,4.5,2.7,1.7999999999999998
eval_20260723_115807,Ministral-3-8B-Instruct-2512,jina,twostage,jina/twostage,610,SPD,5,-2.9911,-4.0038,-3.5833799999999996,0.18468386700000003,1.0127000000000002,3.2,2.7,0.5
eval_20260723_115807,Ministral-3-8B-Instruct-2512,jina,twostage,jina/twostage,41,CDU/CSU,5,0.2591,-1.948,-1.1332,0.714990185,2.2071,4.2,4.7,0.5
eval_20260723_115807,Ministral-3-8B-Instruct-2512,jina,twostage,jina/twostage,663,SPD,5,1.8496,-0.6256,0.47479999999999994,1.0802527450000001,2.4752,4.2,2.7,1.5
eval_20260723_115807,Ministral-3-8B-Instruct-2512,jina,twostage,jina/twostage,109,BÜNDNIS 90/DIE GRÜNEN,5,3.8383,0.2621,1.9182199999999998,2.2370219469999997,3.5762,3.2,2.4,0.8000000000000003
eval_20260723_115807,Ministral-3-8B-Instruct-2512,jina,twostage,jina/twostage,356,FDP,5,1.1521,-1.7248,-0.16328000000000006,1.163220982,2.8769,2.8,4.3,1.5
eval_20260723_115807,Ministral-3-8B-Instruct-2512,jina,twostage,jina/twostage,57,CDU/CSU,5,-2.5157,-5.0626,-4.1450000000000005,0.997711265,2.5469,3.2,4.7,1.5
eval_20260723_115807,Ministral-3-8B-Instruct-2512,jina,twostage,jina/twostage,287,BÜNDNIS 90/DIE GRÜNEN,5,5.2638,2.4467,3.8777,1.0317805649999998,2.8171,1.1,2.4,1.2999999999999998
eval_20260723_115807,Ministral-3-8B-Instruct-2512,jina,twostage,jina/twostage,291,BÜNDNIS 90/DIE GRÜNEN,5,0.9179,-1.3542,-0.16016,0.938165188,2.2721,7.0,2.4,4.6
eval_20260723_115807,Ministral-3-8B-Instruct-2512,jina,twostage,jina/twostage,423,DIE LINKE,5,-5.0734,-5.4229,-5.26056,0.016503767999999988,0.3494999999999999,1.2,1.3,0.10000000000000009
eval_20260723_115807,Ministral-3-8B-Instruct-2512,jina,twostage,jina/twostage,24,BÜNDNIS 90/DIE GRÜNEN,5,-2.9318,-5.5478,-4.4675199999999995,1.0033801919999998,2.6159999999999997,3.2,2.4,0.8000000000000003
eval_20260723_115807,Ministral-3-8B-Instruct-2512,jina,twostage,jina/twostage,295,BÜNDNIS 90/DIE GRÜNEN,5,1.164,-0.3605,0.26961999999999997,0.43852752700000003,1.5245,1.2,2.4,1.2
eval_20260723_115807,Ministral-3-8B-Instruct-2512,jina,twostage,jina/twostage,363,FDP,5,1.2519,-2.52,-1.24574,2.2419945130000003,3.7719,4.2,4.3,0.09999999999999964
eval_20260723_115807,Ministral-3-8B-Instruct-2512,jina,twostage,jina/twostage,52,BÜNDNIS 90/DIE GRÜNEN,5,0.7194,-0.7718,-0.2813,0.3376373900000001,1.4912,1.3,2.4,1.0999999999999999
eval_20260723_115807,Ministral-3-8B-Instruct-2512,jina,twostage,jina/twostage,343,CSU,5,4.3197,-3.3209,-1.20892,10.388027252,7.6406,6.5,5.4,1.0999999999999996
eval_20260723_115807,Ministral-3-8B-Instruct-2512,jina,twostage,jina/twostage,754,SPD,5,3.2415,-0.301,0.7778599999999999,1.9796629879999994,3.5425,5.2,2.7,2.5
eval_20260723_115807,Ministral-3-8B-Instruct-2512,jina,twostage,jina/twostage,265,BÜNDNIS 90/DIE GRÜNEN,5,1.4356,-0.4263,0.79368,0.508412467,1.8618999999999999,2.1,2.4,0.2999999999999998
eval_20260723_115807,Ministral-3-8B-Instruct-2512,jina,twostage,jina/twostage,674,SPD,5,-2.2714,-3.1791,-2.5495200000000002,0.133364627,0.9077000000000002,2.1,2.7,0.6000000000000001
eval_20260723_115807,Ministral-3-8B-Instruct-2512,jina,twostage,jina/twostage,571,DIE LINKE,5,-0.4188,-3.8327,-1.8007199999999997,1.9629818869999998,3.4139,6.5,1.3,5.2
eval_20260723_115807,Ministral-3-8B-Instruct-2512,jina,twostage,jina/twostage,396,FDP,5,3.5179,-1.3272,0.5491,3.9981479899999997,4.8451,4.2,4.3,0.09999999999999964
eval_20260723_115807,Ministral-3-8B-Instruct-2512,jina,twostage,jina/twostage,732,SPD,5,0.0767,-1.6998,-0.8622,0.490539895,1.7765,3.2,2.7,0.5
eval_20260723_115807,Ministral-3-8B-Instruct-2512,jina,twostage,jina/twostage,598,SPD,5,-0.7689,-2.79,-2.2303599999999997,0.7176159880000001,2.0211,4.5,2.7,1.7999999999999998
eval_20260723_115807,Ministral-3-8B-Instruct-2512,jina,twostage,jina/twostage,534,DIE LINKE,5,2.5541,0.4953,1.6629999999999998,0.7861854099999999,2.0588,1.2,1.3,0.10000000000000009
eval_20260723_115807,Ministral-3-8B-Instruct-2512,jina,twostage,jina/twostage,84,BÜNDNIS 90/DIE GRÜNEN,5,-2.3392,-3.802,-3.11042,0.2790975520000001,1.4628,,2.4,
eval_20260723_115807,Ministral-3-8B-Instruct-2512,jina,twostage,jina/twostage,62,BÜNDNIS 90/DIE GRÜNEN,5,4.6702,2.2868,3.6930799999999997,0.9582785270000004,2.3834000000000004,2.8,2.4,0.3999999999999999
eval_20260723_115807,Ministral-3-8B-Instruct-2512,jina,twostage,jina/twostage,786,SPD,5,-0.9796,-2.5803,-1.95566,0.6889514529999998,1.6006999999999998,5.8,2.7,3.0999999999999996
eval_20260723_115807,Ministral-3-8B-Instruct-2512,jina,twostage,jina/twostage,808,SPD,5,0.4864,-0.7347,-0.13104000000000002,0.286078258,1.2211,4.2,2.7,1.5
eval_20260723_115807,Ministral-3-8B-Instruct-2512,jina,twostage,jina/twostage,692,SPD,5,-1.8724,-4.7481,-4.03054,1.4732366280000002,2.8757,6.8,2.7,4.1
eval_20260723_115807,Ministral-3-8B-Instruct-2512,jina,twostage,jina/twostage,542,DIE LINKE,5,-1.1427,-2.0241,-1.6567599999999998,0.1407253879999999,0.8813999999999997,1.2,1.3,0.10000000000000009
eval_20260723_115807,Ministral-3-8B-Instruct-2512,jina,twostage,jina/twostage,183,AfD,5,-0.893,-4.0669,-2.29174,2.114555453,3.1739000000000006,6.8,6.5,0.2999999999999998
eval_20260723_115807,Ministral-3-8B-Instruct-2512,jina,twostage,jina/twostage,553,DIE LINKE,5,0.4288,-3.7186,-2.5814200000000005,3.1896862769999994,4.1474,1.2,1.3,0.10000000000000009
eval_20260723_115807,Ministral-3-8B-Instruct-2512,jina,twostage,jina/twostage,515,DIE LINKE,5,-1.1091,-2.2265,-1.77118,0.19036146700000006,1.1174000000000002,7.0,1.3,5.7
eval_20260723_115807,Ministral-3-8B-Instruct-2512,jina,twostage,jina/twostage,224,BÜNDNIS 90/DIE GRÜNEN,5,-3.3701,-4.7868,-4.2972399999999995,0.2967119530000001,1.4167000000000005,1.2,2.4,1.2
eval_20260723_115807,Ministral-3-8B-Instruct-2512,jina,twostage,jina/twostage,437,DIE LINKE,5,0.3921,-3.0482,-2.26726,2.215592143,3.4403,1.2,1.3,0.10000000000000009
eval_20260723_115807,Ministral-3-8B-Instruct-2512,jina,twostage,jina/twostage,654,SPD,5,1.0495,-0.8678,0.21798,0.698706002,1.9173,3.2,2.7,0.5
eval_20260723_115807,Ministral-3-8B-Instruct-2512,jina,twostage,jina/twostage,656,SPD,5,2.3199,0.4239,1.2206800000000002,0.6255497720000001,1.8960000000000001,4.5,2.7,1.7999999999999998
eval_20260723_115807,Ministral-3-8B-Instruct-2512,jina,twostage,jina/twostage,657,SPD,5,2.0561,-0.7704,0.08275999999999999,1.372590128,2.8265,6.8,2.7,4.1
eval_20260723_115807,Ministral-3-8B-Instruct-2512,jina,twostage,jina/twostage,641,SPD,5,-1.7228,-4.3906,-3.08092,0.948511807,2.6677999999999997,5.8,2.7,3.0999999999999996
eval_20260723_115807,Ministral-3-8B-Instruct-2512,jina,twostage,jina/twostage,508,DIE LINKE,5,-1.2672,-2.4679,-1.7903000000000002,0.23175953500000007,1.2007,3.2,1.3,1.9000000000000001
eval_20260723_115807,Ministral-3-8B-Instruct-2512,jina,twostage,jina/twostage,177,AfD,5,0.9531,-2.3867,-1.3477799999999998,1.7709015969999997,3.3398,6.8,6.5,0.2999999999999998
eval_20260723_115807,Ministral-3-8B-Instruct-2512,jina,twostage,jina/twostage,559,DIE LINKE,5,2.4455,1.2033,1.69884,0.254497518,1.2422,3.2,1.3,1.9000000000000001
eval_20260723_115807,Ministral-3-8B-Instruct-2512,jina,twostage,jina/twostage,540,DIE LINKE,5,-1.9033,-2.618,-2.2534400000000003,0.06432369299999999,0.7146999999999999,3.2,1.3,1.9000000000000001
eval_20260723_115807,Ministral-3-8B-Instruct-2512,jina,twostage,jina/twostage,164,AfD,5,1.0344,-1.25,-0.44268,0.8049279469999999,2.2843999999999998,7.0,6.5,0.5
eval_20260723_115807,Ministral-3-8B-Instruct-2512,jina,twostage,jina/twostage,249,BÜNDNIS 90/DIE GRÜNEN,5,1.1326,-0.8928,-0.10409999999999997,0.57229194,2.0254000000000003,6.8,2.4,4.4
eval_20260723_115807,Ministral-3-8B-Instruct-2512,jina,twostage,jina/twostage,531,DIE LINKE,5,0.1436,-2.0581,-0.8768,1.026701765,2.2017,6.5,1.3,5.2
eval_20260723_115807,Ministral-3-8B-Instruct-2512,jina,twostage,jina/twostage,735,SPD,5,1.7457,-1.7426,-0.45956,1.9906774329999999,3.4882999999999997,4.2,2.7,1.5
eval_20260723_115807,Ministral-3-8B-Instruct-2512,jina,twostage,jina/twostage,709,SPD,5,-1.991,-3.3278,-2.5207,0.33647721999999985,1.3367999999999998,4.2,2.7,1.5
eval_20260723_115807,Ministral-3-8B-Instruct-2512,jina,twostage,jina/twostage,418,DIE LINKE,5,0.0198,-3.8702,-2.57196,2.410190503,3.89,1.2,1.3,0.10000000000000009
eval_20260723_115807,Ministral-3-8B-Instruct-2512,jina,twostage,jina/twostage,105,CDU/CSU,5,-1.7906,-4.1304,-3.07062,0.9802888519999999,2.3398,6.8,4.7,2.0999999999999996
eval_20260723_115807,Ministral-3-8B-Instruct-2512,jina,twostage,jina/twostage,115,AfD,5,-1.2643,-2.7221,-2.08446,0.315395923,1.4578000000000002,7.0,6.5,0.5
eval_20260723_115807,Ministral-3-8B-Instruct-2512,jina,twostage,jina/twostage,672,SPD,5,-1.1688,-4.7484,-3.36546,2.0701531880000004,3.5796,4.5,2.7,1.7999999999999998
eval_20260723_115807,Ministral-3-8B-Instruct-2512,jina,twostage,jina/twostage,93,DIE LINKE,5,-2.6583,-3.7004,-3.04176,0.17599527799999998,1.0421,,1.3,
eval_20260723_115807,Ministral-3-8B-Instruct-2512,jina,twostage,jina/twostage,424,DIE LINKE,5,5.5216,-0.6319,1.51436,6.314626288,6.1535,3.2,1.3,1.9000000000000001
eval_20260723_115807,Ministral-3-8B-Instruct-2512,jina,twostage,jina/twostage,90,DIE LINKE,5,-1.1413,-6.0614,-4.18338,3.614832586999999,4.9201,1.2,1.3,0.10000000000000009
eval_20260723_115807,Ministral-3-8B-Instruct-2512,jina,twostage,jina/twostage,443,DIE LINKE,5,-2.3499,-4.2463,-3.4732600000000007,0.590877323,1.8963999999999999,7.0,1.3,5.7
eval_20260723_115807,Ministral-3-8B-Instruct-2512,jina,twostage,jina/twostage,755,SPD,5,2.2821,1.4002,1.99708,0.11908707700000001,0.8818999999999999,3.2,2.7,0.5
eval_20260723_115807,Ministral-3-8B-Instruct-2512,jina,twostage,jina/twostage,764,SPD,5,-2.6142,-4.2085,-3.6221400000000004,0.357627488,1.5943,2.1,2.7,0.6000000000000001
eval_20260723_115807,Ministral-3-8B-Instruct-2512,jina,twostage,jina/twostage,686,SPD,5,-0.7782,-1.649,-1.3502999999999998,0.1120277,0.8708,1.2,2.7,1.5000000000000002
eval_20260723_115807,Ministral-3-8B-Instruct-2512,jina,twostage,jina/twostage,592,DIE LINKE,5,-1.7113,-3.2152,-2.76028,0.397001897,1.5038999999999998,,1.3,
eval_20260723_115807,Ministral-3-8B-Instruct-2512,jina,twostage,jina/twostage,756,SPD,5,0.0928,-2.4873,-1.5723599999999998,0.9837893830000001,2.5801,3.2,2.7,0.5
eval_20260723_115807,Ministral-3-8B-Instruct-2512,jina,twostage,jina/twostage,11,BÜNDNIS 90/DIE GRÜNEN,5,4.5725,0.2467,1.6543400000000001,4.025603733,4.3258,5.8,2.4,3.4
eval_20260723_115807,Ministral-3-8B-Instruct-2512,jina,twostage,jina/twostage,501,DIE LINKE,5,-2.9301,-6.3349,-5.2454,1.9757906149999998,3.4048000000000003,1.5,1.3,0.19999999999999996
eval_20260723_115807,Ministral-3-8B-Instruct-2512,jina,twostage,jina/twostage,43,CDU/CSU,5,4.7413,-0.9077,0.7308399999999999,5.408802533,5.649,5.8,4.7,1.0999999999999996
eval_20260723_115807,Ministral-3-8B-Instruct-2512,jina,twostage,jina/twostage,42,CDU/CSU,5,-2.2901,-3.3715,-2.9757,0.17158350500000008,1.0814000000000004,4.2,4.7,0.5
eval_20260723_115807,Ministral-3-8B-Instruct-2512,jina,twostage,jina/twostage,168,AfD,5,5.1407,1.0898,2.15756,2.8281122029999994,4.0508999999999995,6.8,6.5,0.2999999999999998
eval_20260723_115807,Ministral-3-8B-Instruct-2512,jina,twostage,jina/twostage,589,DIE LINKE,5,8.1482,-0.9435,1.8115599999999996,14.470707457999994,9.0917,1.2,1.3,0.10000000000000009
eval_20260723_115807,Ministral-3-8B-Instruct-2512,jina,twostage,jina/twostage,644,SPD,5,-1.7799,-3.5529,-2.571,0.47945057,1.7730000000000001,3.5,2.7,0.7999999999999998
eval_20260723_115807,Ministral-3-8B-Instruct-2512,jina,twostage,jina/twostage,179,AfD,5,0.3372,-1.2189,-0.8721,0.45862163,1.5561,7.0,6.5,0.5
eval_20260723_115807,Ministral-3-8B-Instruct-2512,jina,twostage,jina/twostage,552,DIE LINKE,5,-0.4186,-2.4947,-1.38564,0.7092035379999999,2.0761,1.2,1.3,0.10000000000000009
eval_20260723_115807,Ministral-3-8B-Instruct-2512,jina,twostage,jina/twostage,178,AfD,5,-3.9381,-4.7689,-4.323620000000001,0.15444537700000005,0.8308000000000004,7.0,6.5,0.5
eval_20260723_115807,Ministral-3-8B-Instruct-2512,jina,twostage,jina/twostage,573,DIE LINKE,5,4.7296,2.9684,3.8078799999999995,0.5579144269999998,1.7611999999999997,3.2,1.3,1.9000000000000001
eval_20260723_115807,Ministral-3-8B-Instruct-2512,jina,twostage,jina/twostage,258,BÜNDNIS 90/DIE GRÜNEN,5,4.5044,1.658,2.88856,1.8073988630000004,2.8464000000000005,1.1,2.4,1.2999999999999998
eval_20260723_115807,Ministral-3-8B-Instruct-2512,jina,twostage,jina/twostage,449,DIE LINKE,5,2.3211,-3.7492,-1.86692,6.017401357,6.0703,2.1,1.3,0.8
eval_20260723_115807,Ministral-3-8B-Instruct-2512,jina,twostage,jina/twostage,486,DIE LINKE,5,4.3257,-1.8158,0.42024000000000006,6.458716713000001,6.141500000000001,1.2,1.3,0.10000000000000009
eval_20260723_115807,Ministral-3-8B-Instruct-2512,jina,twostage,jina/twostage,15,BÜNDNIS 90/DIE GRÜNEN,5,2.1828,-1.6694,-0.16676000000000002,2.3527965129999995,3.8522,2.8,2.4,0.3999999999999999
eval_20260723_115807,Ministral-3-8B-Instruct-2512,jina,twostage,jina/twostage,3,CDU/CSU,5,3.7106,2.3395,2.75692,0.3117366169999999,1.3710999999999998,5.8,4.7,1.0999999999999996
eval_20260723_115807,Ministral-3-8B-Instruct-2512,jina,twostage,jina/twostage,347,CSU,5,3.9847,-2.3594,0.146,6.942493434999999,6.3441,3.2,5.4,2.2
eval_20260723_115807,Ministral-3-8B-Instruct-2512,jina,twostage,jina/twostage,257,BÜNDNIS 90/DIE GRÜNEN,5,0.0439,-2.0569,-0.99604,0.6978218680000001,2.1008,6.5,2.4,4.1
eval_20260723_115807,Ministral-3-8B-Instruct-2512,jina,twostage,jina/twostage,384,FDP,5,0.1807,-2.1258,-0.7481199999999999,0.8792590669999999,2.3064999999999998,1.2,4.3,3.0999999999999996
eval_20260723_115807,Ministral-3-8B-Instruct-2512,jina,twostage,jina/twostage,594,DIE LINKE,5,1.9543,0.3618,0.9525399999999999,0.43552107799999995,1.5924999999999998,3.8,1.3,2.5
eval_20260723_115807,Ministral-3-8B-Instruct-2512,jina,twostage,jina/twostage,797,SPD,5,-2.0898,-4.0748,-3.0928199999999997,0.5631621419999999,1.9849999999999999,4.5,2.7,1.7999999999999998
eval_20260723_115807,Ministral-3-8B-Instruct-2512,jina,twostage,jina/twostage,798,SPD,5,2.7463,0.2751,1.58598,1.2198170520000002,2.4712,4.5,2.7,1.7999999999999998
eval_20260723_115807,Ministral-3-8B-Instruct-2512,jina,twostage,jina/twostage,430,DIE LINKE,5,-1.1991,-2.1785,-1.6703,0.14837552500000004,0.9794,3.2,1.3,1.9000000000000001
eval_20260723_115807,Ministral-3-8B-Instruct-2512,jina,twostage,jina/twostage,616,SPD,5,0.1605,-1.027,-0.52552,0.388619957,1.1875,2.8,2.7,0.09999999999999964
eval_20260723_115807,Ministral-3-8B-Instruct-2512,jina,twostage,jina/twostage,412,FDP,5,1.0092,-1.094,-0.22656,0.7477217730000001,2.1032,4.5,4.3,0.20000000000000018
eval_20260723_115807,Ministral-3-8B-Instruct-2512,jina,twostage,jina/twostage,325,CDU,5,1.1193,-0.8241,-0.06308000000000005,0.5493026919999999,1.9434,3.8,4.7,0.9000000000000004
eval_20260723_115807,Ministral-3-8B-Instruct-2512,jina,twostage,jina/twostage,670,SPD,5,-1.2016,-2.995,-2.28554,0.557432958,1.7934,4.2,2.7,1.5
eval_20260723_115807,Ministral-3-8B-Instruct-2512,jina,twostage,jina/twostage,9,BÜNDNIS 90/DIE GRÜNEN,5,2.7325,1.0128,1.64798,0.42238881699999986,1.7197,3.2,2.4,0.8000000000000003
eval_20260723_115807,Ministral-3-8B-Instruct-2512,jina,twostage,jina/twostage,250,BÜNDNIS 90/DIE GRÜNEN,5,-0.4776,-3.7667,-2.4587,2.237878975,3.2891000000000004,3.5,2.4,1.1
eval_20260723_115807,Ministral-3-8B-Instruct-2512,jina,twostage,jina/twostage,22,BÜNDNIS 90/DIE GRÜNEN,5,0.8171,-0.4944,-0.060139999999999985,0.31685842300000006,1.3115,,2.4,
eval_20260723_115807,Ministral-3-8B-Instruct-2512,jina,twostage,jina/twostage,222,BÜNDNIS 90/DIE GRÜNEN,5,0.1958,-0.7193,-0.32436000000000004,0.110952413,0.9151,1.2,2.4,1.2
eval_20260723_115807,Ministral-3-8B-Instruct-2512,jina,twostage,jina/twostage,560,DIE LINKE,5,-2.4086,-3.3658,-3.02134,0.16015729800000003,0.9572000000000003,1.2,1.3,0.10000000000000009
eval_20260723_115807,Ministral-3-8B-Instruct-2512,jina,twostage,jina/twostage,707,SPD,5,1.7538,-2.1075,-1.01986,2.474979483,3.8613,,2.7,
eval_20260723_115807,Ministral-3-8B-Instruct-2512,jina,twostage,jina/twostage,805,SPD,5,0.7618,-1.968,-1.15354,1.409680913,2.7298,3.2,2.7,0.5
eval_20260723_115807,Ministral-3-8B-Instruct-2512,jina,twostage,jina/twostage,468,DIE LINKE,5,2.5267,-1.6619,0.5843400000000001,3.4587134830000004,4.1886,1.1,1.3,0.19999999999999996
eval_20260723_115807,Ministral-3-8B-Instruct-2512,jina,twostage,jina/twostage,341,CDU,5,5.1655,0.2584,2.10254,3.919409063,4.9071,6.2,4.7,1.5
eval_20260723_115807,Ministral-3-8B-Instruct-2512,jina,twostage,jina/twostage,238,BÜNDNIS 90/DIE GRÜNEN,5,-0.3678,-6.4622,-4.31992,6.064959937,6.0944,2.1,2.4,0.2999999999999998
eval_20260723_115807,Ministral-3-8B-Instruct-2512,jina,twostage,jina/twostage,94,AfD,5,2.4289,-2.4208,-0.1355999999999999,3.3634762699999996,4.8497,7.0,6.5,0.5
eval_20260723_115807,Ministral-3-8B-Instruct-2512,jina,twostage,jina/twostage,413,FDP,5,0.0341,-2.3824,-1.10382,1.031979682,2.4165,3.2,4.3,1.0999999999999996
eval_20260723_115807,Ministral-3-8B-Instruct-2512,jina,twostage,jina/twostage,636,SPD,5,-1.763,-3.7552,-2.76482,0.601884852,1.9922,4.2,2.7,1.5
eval_20260723_115807,Ministral-3-8B-Instruct-2512,jina,twostage,jina/twostage,719,SPD,5,0.5958,-1.9469,-0.76434,1.5839433630000002,2.5427,3.2,2.7,0.5
eval_20260723_115807,Ministral-3-8B-Instruct-2512,jina,twostage,jina/twostage,285,BÜNDNIS 90/DIE GRÜNEN,5,-1.123,-2.0855,-1.5241399999999998,0.151749813,0.9625000000000001,5.8,2.4,3.4
eval_20260723_115807,Ministral-3-8B-Instruct-2512,jina,twostage,jina/twostage,185,AfD,5,3.3762,-0.7126,0.5138,2.7672095150000002,4.0888,7.0,6.5,0.5
eval_20260723_115807,Ministral-3-8B-Instruct-2512,jina,twostage,jina/twostage,665,SPD,5,0.441,-3.5823,-1.81816,3.540457343,4.0233,3.2,2.7,0.5
eval_20260723_115807,Ministral-3-8B-Instruct-2512,jina,twostage,jina/twostage,690,SPD,5,-0.4023,-2.4329,-1.02966,0.672991588,2.0306,,2.7,
eval_20260723_115807,Ministral-3-8B-Instruct-2512,jina,twostage,jina/twostage,154,AfD,5,-3.8368,-5.3538,-4.40582,0.4965559969999997,1.5169999999999995,7.0,6.5,0.5
eval_20260723_115807,Ministral-3-8B-Instruct-2512,jina,twostage,jina/twostage,76,SPD,5,0.5185,-3.0904,-1.1285399999999999,1.7020166929999998,3.6088999999999998,5.5,2.7,2.8
eval_20260723_115807,Ministral-3-8B-Instruct-2512,jina,twostage,jina/twostage,466,DIE LINKE,5,-3.074,-4.2679,-3.7341,0.235552075,1.1939000000000002,3.2,1.3,1.9000000000000001
eval_20260723_115807,Ministral-3-8B-Instruct-2512,jina,twostage,jina/twostage,513,DIE LINKE,5,5.2333,-0.5356,0.9092600000000001,5.980315773,5.7688999999999995,2.1,1.3,0.8
eval_20260723_115807,Ministral-3-8B-Instruct-2512,jina,twostage,jina/twostage,278,BÜNDNIS 90/DIE GRÜNEN,5,3.3119,-1.1131,0.8877599999999999,3.0103519480000003,4.425,2.1,2.4,0.2999999999999998
eval_20260723_115807,Ministral-3-8B-Instruct-2512,jina,twostage,jina/twostage,69,BÜNDNIS 90/DIE GRÜNEN,5,-1.802,-2.9819,-2.50068,0.187640717,1.1799,2.1,2.4,0.2999999999999998
eval_20260723_115807,Ministral-3-8B-Instruct-2512,jina,twostage,jina/twostage,526,DIE LINKE,5,-3.1348,-5.1436,-4.702,0.769550765,2.0088000000000004,3.2,1.3,1.9000000000000001
eval_20260723_115807,Ministral-3-8B-Instruct-2512,jina,twostage,jina/twostage,189,AfD,5,2.9119,-0.8132,0.84806,1.7965706529999999,3.7251000000000003,6.8,6.5,0.2999999999999998
eval_20260723_115807,Ministral-3-8B-Instruct-2512,jina,twostage,jina/twostage,272,BÜNDNIS 90/DIE GRÜNEN,5,0.2763,-1.9466,-1.28434,0.869889613,2.2229,4.2,2.4,1.8000000000000003
eval_20260723_115807,Ministral-3-8B-Instruct-2512,jina,twostage,jina/twostage,517,DIE LINKE,5,1.4969,-1.863,-0.22090000000000004,1.708764415,3.3598999999999997,1.2,1.3,0.10000000000000009
eval_20260723_115807,Ministral-3-8B-Instruct-2512,jina,twostage,jina/twostage,237,BÜNDNIS 90/DIE GRÜNEN,5,-0.1452,-1.7491,-1.32492,0.441570797,1.6039,2.8,2.4,0.3999999999999999
eval_20260723_115807,Ministral-3-8B-Instruct-2512,jina,twostage,jina/twostage,89,BÜNDNIS 90/DIE GRÜNEN,5,0.2116,-2.4953,-0.9645800000000001,1.3142668069999996,2.7069,1.2,2.4,1.2
eval_20260723_115807,Ministral-3-8B-Instruct-2512,jina,twostage,jina/twostage,698,SPD,5,-0.1887,-1.8292,-1.06294,0.373602653,1.6404999999999998,3.2,2.7,0.5
eval_20260723_115807,Ministral-3-8B-Instruct-2512,jina,twostage,jina/twostage,118,AfD,5,1.4122,-2.4563,-0.59376,2.737134903,3.8685,6.8,6.5,0.2999999999999998
eval_20260723_115807,Ministral-3-8B-Instruct-2512,jina,twostage,jina/twostage,126,AfD,5,-2.1751,-3.7338,-2.89528,0.43322526699999997,1.5587,7.0,6.5,0.5
eval_20260723_115807,Ministral-3-8B-Instruct-2512,jina,twostage,jina/twostage,676,SPD,5,0.5092,-4.6178,-2.9887,4.294574679999999,5.127,2.1,2.7,0.6000000000000001
eval_20260723_115807,Ministral-3-8B-Instruct-2512,jina,twostage,jina/twostage,290,BÜNDNIS 90/DIE GRÜNEN,5,0.1698,-1.3433,-0.62734,0.36385828299999995,1.5131,2.1,2.4,0.2999999999999998
eval_20260723_115807,Ministral-3-8B-Instruct-2512,jina,twostage,jina/twostage,239,BÜNDNIS 90/DIE GRÜNEN,5,-2.4291,-3.5896,-2.9205799999999997,0.17727678699999994,1.1604999999999999,2.3,2.4,0.10000000000000009
eval_20260723_115807,Ministral-3-8B-Instruct-2512,jina,twostage,jina/twostage,0,BÜNDNIS 90/DIE GRÜNEN,5,2.5367,0.9366,1.7131,0.3382341100000001,1.6001000000000003,2.3,2.4,0.10000000000000009
eval_20260723_115807,Ministral-3-8B-Instruct-2512,jina,twostage,jina/twostage,812,SPD,5,0.5729,-0.1668,0.18728000000000003,0.098974127,0.7397,4.5,2.7,1.7999999999999998
eval_20260723_115807,Ministral-3-8B-Instruct-2512,jina,twostage,jina/twostage,397,FDP,5,-1.942,-4.4167,-3.0638599999999996,1.3169567129999997,2.4746999999999995,2.1,4.3,2.1999999999999997
eval_20260723_115807,Ministral-3-8B-Instruct-2512,jina,twostage,jina/twostage,717,SPD,5,5.9406,0.323,1.9902000000000002,5.134282939999999,5.6175999999999995,3.2,2.7,0.5
eval_20260723_115807,Ministral-3-8B-Instruct-2512,jina,twostage,jina/twostage,479,DIE LINKE,5,0.6424,-0.6843,-0.17756,0.273065563,1.3267,3.2,1.3,1.9000000000000001
eval_20260723_115807,Ministral-3-8B-Instruct-2512,jina,twostage,jina/twostage,279,BÜNDNIS 90/DIE GRÜNEN,5,5.8326,4.214,4.9002799999999995,0.4321982269999999,1.6185999999999998,3.2,2.4,0.8000000000000003
eval_20260723_115807,Ministral-3-8B-Instruct-2512,jina,twostage,jina/twostage,639,SPD,5,-3.0107,-3.5984,-3.3555400000000004,0.058100587999999974,0.5876999999999999,3.2,2.7,0.5
eval_20260723_115807,Ministral-3-8B-Instruct-2512,jina,twostage,jina/twostage,117,AfD,5,-2.9228,-4.5684,-3.96346,0.3816314229999999,1.6455999999999995,7.0,6.5,0.5
eval_20260723_115807,Ministral-3-8B-Instruct-2512,jina,twostage,jina/twostage,229,BÜNDNIS 90/DIE GRÜNEN,5,3.6846,-0.3456,1.65156,2.814067943,4.0302,2.1,2.4,0.2999999999999998
eval_20260723_115807,Ministral-3-8B-Instruct-2512,jina,twostage,jina/twostage,580,DIE LINKE,5,1.2202,-1.3813,-0.045619999999999994,1.146011037,2.6014999999999997,,1.3,
eval_20260723_115807,Ministral-3-8B-Instruct-2512,jina,twostage,jina/twostage,433,DIE LINKE,5,1.4139,0.0727,0.80802,0.275525547,1.3412,1.3,1.3,0.0
eval_20260723_115807,Ministral-3-8B-Instruct-2512,jina,twostage,jina/twostage,447,DIE LINKE,5,1.5485,0.5474,0.9762999999999998,0.16372415499999998,1.0011,1.2,1.3,0.10000000000000009
eval_20260723_115807,Ministral-3-8B-Instruct-2512,jina,twostage,jina/twostage,275,BÜNDNIS 90/DIE GRÜNEN,5,0.1075,-1.0564,-0.38914,0.29455283299999996,1.1639,3.2,2.4,0.8000000000000003
eval_20260723_115807,Ministral-3-8B-Instruct-2512,jina,twostage,jina/twostage,629,SPD,5,0.3127,-1.5118,-0.74824,0.626814253,1.8245,3.2,2.7,0.5
eval_20260723_115807,Ministral-3-8B-Instruct-2512,jina,twostage,jina/twostage,145,AfD,5,-0.3657,-3.7158,-2.88022,2.0092074870000003,3.3501000000000003,,6.5,
eval_20260723_115807,Ministral-3-8B-Instruct-2512,jina,twostage,jina/twostage,591,DIE LINKE,5,2.8608,-2.4755,-0.6956399999999999,4.472081083,5.3363,2.1,1.3,0.8
eval_20260723_115807,Ministral-3-8B-Instruct-2512,jina,twostage,jina/twostage,520,DIE LINKE,5,0.6809,-0.6091,-0.06589999999999999,0.251635195,1.29,4.5,1.3,3.2
eval_20260723_115807,Ministral-3-8B-Instruct-2512,jina,twostage,jina/twostage,747,SPD,5,4.5749,0.3877,2.08818,2.695161187,4.187200000000001,3.2,2.7,0.5
eval_20260723_115807,Ministral-3-8B-Instruct-2512,jina,twostage,jina/twostage,599,SPD,5,0.0927,-1.3526,-0.7283,0.299879615,1.4453,4.2,2.7,1.5
eval_20260723_115807,Ministral-3-8B-Instruct-2512,jina,twostage,jina/twostage,370,FDP,5,-2.0684,-4.1534,-3.2287200000000005,0.863500947,2.0850000000000004,2.1,4.3,2.1999999999999997
eval_20260723_115807,Ministral-3-8B-Instruct-2512,jina,twostage,jina/twostage,269,BÜNDNIS 90/DIE GRÜNEN,5,0.426,-2.9282,-1.6336400000000002,2.6868530330000002,3.3542,3.2,2.4,0.8000000000000003
eval_20260723_115807,Ministral-3-8B-Instruct-2512,jina,twostage,jina/twostage,581,DIE LINKE,5,-0.1744,-1.2013,-0.53288,0.17586093700000002,1.0269,1.2,1.3,0.10000000000000009
eval_20260723_115807,Ministral-3-8B-Instruct-2512,jina,twostage,jina/twostage,311,BÜNDNIS 90/DIE GRÜNEN,5,3.0013,-1.6398,-0.47495999999999994,3.8570245029999994,4.6411,3.2,2.4,0.8000000000000003
eval_20260723_115807,Ministral-3-8B-Instruct-2512,jina,twostage,jina/twostage,596,DIE LINKE,5,0.0701,-2.3749,-0.7463599999999999,0.9101556879999999,2.445,1.2,1.3,0.10000000000000009
eval_20260723_115807,Ministral-3-8B-Instruct-2512,jina,twostage,jina/twostage,47,CDU/CSU,5,2.9391,1.9091,2.2581599999999997,0.15632238799999995,1.0299999999999998,4.5,4.7,0.20000000000000018
eval_20260723_115807,Ministral-3-8B-Instruct-2512,jina,twostage,jina/twostage,350,FDP,5,-2.1229,-4.2269,-3.19958,0.8189413719999998,2.1039999999999996,5.8,4.3,1.5
eval_20260723_115807,Ministral-3-8B-Instruct-2512,jina,twostage,jina/twostage,536,DIE LINKE,5,0.1588,-1.2748,-0.5286,0.333651955,1.4336,1.2,1.3,0.10000000000000009
eval_20260723_115807,Ministral-3-8B-Instruct-2512,jina,twostage,jina/twostage,262,BÜNDNIS 90/DIE GRÜNEN,5,1.3969,-0.2354,0.33453999999999995,0.39542320799999997,1.6323,3.2,2.4,0.8000000000000003
eval_20260723_115807,Ministral-3-8B-Instruct-2512,jina,twostage,jina/twostage,196,AfD,5,1.2145,-1.9326,-0.63126,1.542597453,3.1471,7.0,6.5,0.5
eval_20260723_115807,Ministral-3-8B-Instruct-2512,jina,twostage,jina/twostage,820,SPD,5,0.7968,-2.5009,-1.49182,1.880435537,3.2977,5.8,2.7,3.0999999999999996
eval_20260723_115807,Ministral-3-8B-Instruct-2512,jina,twostage,jina/twostage,688,SPD,5,4.3514,0.9803,2.6251599999999997,1.722726813,3.3711,3.2,2.7,0.5
eval_20260723_115807,Ministral-3-8B-Instruct-2512,jina,twostage,jina/twostage,108,AfD,5,1.0189,-1.0227,-0.33198,0.6130979369999999,2.0416,,6.5,
eval_20260723_115807,Ministral-3-8B-Instruct-2512,jina,twostage,jina/twostage,60,BÜNDNIS 90/DIE GRÜNEN,5,-1.2858,-2.4815,-1.71814,0.225707983,1.1957,3.2,2.4,0.8000000000000003
eval_20260723_115807,Ministral-3-8B-Instruct-2512,jina,twostage,jina/twostage,623,SPD,5,3.9267,-3.6672,-1.7474399999999999,10.198742078,7.5939,5.8,2.7,3.0999999999999996
eval_20260723_115807,Ministral-3-8B-Instruct-2512,jina,twostage,jina/twostage,452,DIE LINKE,5,-1.2179,-3.1891,-2.14236,0.4944805029999999,1.9711999999999998,5.8,1.3,4.5
eval_20260723_115807,Ministral-3-8B-Instruct-2512,jina,twostage,jina/twostage,101,BÜNDNIS 90/DIE GRÜNEN,5,3.6927,2.3044,2.9350199999999997,0.27553621699999997,1.3883,1.1,2.4,1.2999999999999998
eval_20260723_115807,Ministral-3-8B-Instruct-2512,jina,twostage,jina/twostage,491,DIE LINKE,5,0.0738,-0.78,-0.41758000000000006,0.10119082200000001,0.8538,1.2,1.3,0.10000000000000009
eval_20260723_115807,Ministral-3-8B-Instruct-2512,jina,twostage,jina/twostage,738,SPD,5,2.4732,0.9613,1.6743400000000002,0.43638170299999995,1.5118999999999998,3.2,2.7,0.5
eval_20260723_115807,Ministral-3-8B-Instruct-2512,jina,twostage,jina/twostage,597,SPD,5,-2.6381,-3.7794,-3.13774,0.22834837299999997,1.1412999999999998,5.8,2.7,3.0999999999999996
eval_20260723_115807,Ministral-3-8B-Instruct-2512,jina,twostage,jina/twostage,811,SPD,5,0.7513,-2.3539,-0.7548,2.3582238799999997,3.1052,3.8,2.7,1.0999999999999996
eval_20260723_115807,Ministral-3-8B-Instruct-2512,jina,twostage,jina/twostage,180,AfD,5,-1.5406,-3.7869,-3.03692,1.025037082,2.2463,7.0,6.5,0.5
eval_20260723_115807,Ministral-3-8B-Instruct-2512,jina,twostage,jina/twostage,305,BÜNDNIS 90/DIE GRÜNEN,5,2.5042,0.5732,1.4888800000000002,0.49490195699999995,1.931,,2.4,
eval_20260723_115807,Ministral-3-8B-Instruct-2512,jina,twostage,jina/twostage,630,SPD,5,-0.3207,-2.0915,-1.19962,0.698675677,1.7708,4.5,2.7,1.7999999999999998
eval_20260723_115807,Ministral-3-8B-Instruct-2512,jina,twostage,jina/twostage,724,SPD,5,-2.3778,-3.1801,-2.72116,0.08430089299999996,0.8022999999999998,4.2,2.7,1.5
eval_20260723_115807,Ministral-3-8B-Instruct-2512,jina,twostage,jina/twostage,791,SPD,5,-0.6767,-3.3749,-2.45852,1.2531312419999998,2.6982,6.8,2.7,4.1
eval_20260723_115807,Ministral-3-8B-Instruct-2512,jina,twostage,jina/twostage,150,AfD,5,7.3074,0.5328,3.1734999999999998,8.162691570000002,6.7746,7.0,6.5,0.5
eval_20260723_115807,Ministral-3-8B-Instruct-2512,jina,twostage,jina/twostage,650,SPD,5,-1.9934,-3.3926,-2.8499399999999997,0.29268431799999994,1.3991999999999998,3.8,2.7,1.0999999999999996
eval_20260723_115807,Ministral-3-8B-Instruct-2512,jina,twostage,jina/twostage,714,SPD,5,-3.0194,-4.391,-3.8988799999999997,0.3015209870000001,1.3716,3.2,2.7,0.5
eval_20260723_115807,Ministral-3-8B-Instruct-2512,jina,twostage,jina/twostage,186,AfD,5,2.2624,-0.7072,0.05841999999999994,1.5460541019999998,2.9696,7.0,6.5,0.5
eval_20260723_115807,Ministral-3-8B-Instruct-2512,jina,twostage,jina/twostage,681,SPD,5,5.9002,-0.636,1.66754,7.776109618,6.5362,4.5,2.7,1.7999999999999998
eval_20260723_115807,Ministral-3-8B-Instruct-2512,jina,twostage,jina/twostage,51,BÜNDNIS 90/DIE GRÜNEN,5,-0.6464,-2.6508,-2.06678,0.6533788820000002,2.0044,7.0,2.4,4.6
eval_20260723_115807,Ministral-3-8B-Instruct-2512,jina,twostage,jina/twostage,482,DIE LINKE,5,2.2711,-0.7293,0.44362,1.215690397,3.0004,2.1,1.3,0.8
eval_20260723_115807,Ministral-3-8B-Instruct-2512,jina,twostage,jina/twostage,810,SPD,5,0.3175,-0.912,-0.3378,0.21143768500000004,1.2295,6.8,2.7,4.1
eval_20260723_115807,Ministral-3-8B-Instruct-2512,jina,twostage,jina/twostage,484,DIE LINKE,5,7.2162,2.9038,4.2537199999999995,2.981412157,4.3124,3.2,1.3,1.9000000000000001
eval_20260723_115807,Ministral-3-8B-Instruct-2512,jina,twostage,jina/twostage,322,CDU,5,1.6838,-2.2991,-0.7713800000000001,2.2893685269999997,3.9829,6.5,4.7,1.7999999999999998
eval_20260723_115807,Ministral-3-8B-Instruct-2512,jina,twostage,jina/twostage,354,FDP,5,0.0767,-1.4066,-0.8501,0.43698747499999996,1.4833,4.5,4.3,0.20000000000000018
eval_20260723_115807,Ministral-3-8B-Instruct-2512,jina,twostage,jina/twostage,760,SPD,5,1.3835,-1.8547,-0.62172,1.8169270020000003,3.2382,4.5,2.7,1.7999999999999998
eval_20260723_115807,Ministral-3-8B-Instruct-2512,jina,twostage,jina/twostage,143,AfD,5,4.6726,1.9547,2.72662,1.260107117,2.7179,7.0,6.5,0.5
eval_20260723_115807,Ministral-3-8B-Instruct-2512,jina,twostage,jina/twostage,371,FDP,5,0.0147,-1.4636,-0.83804,0.35503101300000006,1.4783,3.2,4.3,1.0999999999999996
eval_20260723_115807,Ministral-3-8B-Instruct-2512,jina,twostage,jina/twostage,142,AfD,5,5.0691,0.7752,2.04682,3.103705887,4.2939,1.0,6.5,5.5
eval_20260723_115807,Ministral-3-8B-Instruct-2512,jina,twostage,jina/twostage,400,FDP,5,-1.531,-2.9226,-2.3167400000000002,0.295479518,1.3916000000000002,3.2,4.3,1.0999999999999996
eval_20260723_115807,Ministral-3-8B-Instruct-2512,jina,twostage,jina/twostage,264,BÜNDNIS 90/DIE GRÜNEN,5,-1.8222,-3.3179,-2.7589599999999996,0.330296683,1.4956999999999998,2.1,2.4,0.2999999999999998
eval_20260723_115807,Ministral-3-8B-Instruct-2512,jina,twostage,jina/twostage,321,CDU,5,-1.0387,-2.4111,-1.7055799999999999,0.399639007,1.3723999999999998,3.8,4.7,0.9000000000000004
eval_20260723_115807,Ministral-3-8B-Instruct-2512,jina,twostage,jina/twostage,19,BÜNDNIS 90/DIE GRÜNEN,5,0.3919,-2.9977,-1.84184,1.7336204980000005,3.3896,4.2,2.4,1.8000000000000003
eval_20260723_115807,Ministral-3-8B-Instruct-2512,jina,twostage,jina/twostage,173,AfD,5,0.8847,-2.5301,-1.02698,1.917118567,3.4148,6.8,6.5,0.2999999999999998
eval_20260723_115807,Ministral-3-8B-Instruct-2512,jina,twostage,jina/twostage,669,SPD,5,0.901,-1.7182,-0.86704,1.089161193,2.6192,4.5,2.7,1.7999999999999998
eval_20260723_115807,Ministral-3-8B-Instruct-2512,jina,twostage,jina/twostage,313,BÜNDNIS 90/DIE GRÜNEN,5,6.4216,2.7499,4.36444,2.758532303,3.6717,2.1,2.4,0.2999999999999998
eval_20260723_115807,Ministral-3-8B-Instruct-2512,jina,twostage,jina/twostage,766,SPD,5,-0.799,-2.0752,-1.56946,0.33052949300000006,1.2762000000000002,2.1,2.7,0.6000000000000001
eval_20260723_115807,Ministral-3-8B-Instruct-2512,jina,twostage,jina/twostage,12,BÜNDNIS 90/DIE GRÜNEN,5,-1.6037,-3.2917,-2.3962,0.5475179200000001,1.6880000000000002,2.1,2.4,0.2999999999999998
eval_20260723_115807,Ministral-3-8B-Instruct-2512,jina,twostage,jina/twostage,408,FDP,5,2.0086,-2.2665,-0.11844000000000006,3.626118473,4.2751,2.1,4.3,2.1999999999999997
eval_20260723_115807,Ministral-3-8B-Instruct-2512,jina,twostage,jina/twostage,409,FDP,5,-0.3629,-1.3985,-1.0451000000000001,0.179544965,1.0356,3.2,4.3,1.0999999999999996
eval_20260723_115807,Ministral-3-8B-Instruct-2512,jina,twostage,jina/twostage,306,BÜNDNIS 90/DIE GRÜNEN,5,-0.4515,-2.3397,-1.54966,0.691835003,1.8882,1.2,2.4,1.2
eval_20260723_115807,Ministral-3-8B-Instruct-2512,jina,twostage,jina/twostage,355,FDP,5,-4.6776,-5.7378,-5.32482,0.2194826219999999,1.0602,4.5,4.3,0.20000000000000018
eval_20260723_115807,Ministral-3-8B-Instruct-2512,jina,twostage,jina/twostage,170,AfD,5,6.0,2.4499,3.4829999999999997,2.064350975,3.5501,6.8,6.5,0.2999999999999998
eval_20260723_115807,Ministral-3-8B-Instruct-2512,jina,twostage,jina/twostage,38,AfD,5,2.8249,0.1257,1.22954,1.857026308,2.6992,6.8,6.5,0.2999999999999998
eval_20260723_115807,Ministral-3-8B-Instruct-2512,jina,twostage,jina/twostage,176,AfD,5,-3.812,-5.2335,-4.654159999999999,0.3238278330000003,1.4215000000000004,6.8,6.5,0.2999999999999998
eval_20260723_115807,Ministral-3-8B-Instruct-2512,jina,twostage,jina/twostage,246,BÜNDNIS 90/DIE GRÜNEN,5,3.5863,0.5097,1.6140599999999998,1.813482013,3.0766,2.8,2.4,0.3999999999999999
eval_20260723_115807,Ministral-3-8B-Instruct-2512,jina,twostage,jina/twostage,693,SPD,5,-1.3343,-3.8806,-3.0532,1.0231303449999998,2.5462999999999996,3.2,2.7,0.5
eval_20260723_115807,Ministral-3-8B-Instruct-2512,jina,twostage,jina/twostage,417,DIE LINKE,5,2.2417,-0.9228,0.40337999999999996,1.741337667,3.1645,1.2,1.3,0.10000000000000009
eval_20260723_115807,Ministral-3-8B-Instruct-2512,jina,twostage,jina/twostage,787,SPD,5,6.8433,-1.5392,2.22398,9.220868612,8.3825,4.5,2.7,1.7999999999999998
eval_20260723_115807,Ministral-3-8B-Instruct-2512,jina,twostage,jina/twostage,273,BÜNDNIS 90/DIE GRÜNEN,5,2.0389,0.6245,1.25962,0.4046980069999999,1.4143999999999999,3.2,2.4,0.8000000000000003
eval_20260723_115807,Ministral-3-8B-Instruct-2512,jina,twostage,jina/twostage,474,DIE LINKE,5,-4.5612,-5.8467,-5.30598,0.4501829369999997,1.2854999999999999,2.1,1.3,0.8
eval_20260723_115807,Ministral-3-8B-Instruct-2512,jina,twostage,jina/twostage,626,SPD,5,1.0577,-1.1499,-0.09507999999999997,1.006586752,2.2076000000000002,3.2,2.7,0.5
eval_20260723_115807,Ministral-3-8B-Instruct-2512,jina,twostage,jina/twostage,127,AfD,5,1.3698,-0.2633,0.22163999999999992,0.45727887300000003,1.6330999999999998,7.0,6.5,0.5
eval_20260723_115807,Ministral-3-8B-Instruct-2512,jina,twostage,jina/twostage,450,DIE LINKE,5,0.6421,-1.6309,-0.92766,0.8500595830000001,2.273,6.5,1.3,5.2
eval_20260723_115807,Ministral-3-8B-Instruct-2512,jina,twostage,jina/twostage,585,DIE LINKE,5,3.0853,0.9618,1.8558600000000003,0.8204125930000001,2.1235,1.2,1.3,0.10000000000000009
eval_20260723_115807,Ministral-3-8B-Instruct-2512,jina,twostage,jina/twostage,342,CDU,5,-2.4039,-3.1637,-2.9135400000000002,0.09106319299999997,0.7597999999999998,3.2,4.7,1.5
eval_20260723_115807,Ministral-3-8B-Instruct-2512,jina,twostage,jina/twostage,288,BÜNDNIS 90/DIE GRÜNEN,5,1.8961,0.7331,1.48036,0.27124099299999993,1.1629999999999998,2.1,2.4,0.2999999999999998
eval_20260723_115807,Ministral-3-8B-Instruct-2512,jina,twostage,jina/twostage,114,AfD,5,-1.6703,-2.7641,-2.15948,0.20431231700000002,1.0938,7.0,6.5,0.5
eval_20260723_115807,Ministral-3-8B-Instruct-2512,jina,twostage,jina/twostage,514,DIE LINKE,5,1.5557,-2.9509,-1.11292,3.4799090119999994,4.5066,4.5,1.3,3.2
eval_20260723_115807,Ministral-3-8B-Instruct-2512,jina,twostage,jina/twostage,174,AfD,5,-1.03,-3.6761,-2.4245,1.5460168299999997,2.6460999999999997,7.0,6.5,0.5
eval_20260723_115807,Ministral-3-8B-Instruct-2512,jina,twostage,jina/twostage,360,FDP,5,-5.4847,-8.4946,-7.4815,1.7217351149999998,3.0099,6.5,4.3,2.2
eval_20260723_115807,Ministral-3-8B-Instruct-2512,jina,twostage,jina/twostage,524,DIE LINKE,5,2.6081,-1.1476,0.26772000000000007,3.314091492,3.7557,1.2,1.3,0.10000000000000009
eval_20260723_115807,Ministral-3-8B-Instruct-2512,jina,twostage,jina/twostage,58,BÜNDNIS 90/DIE GRÜNEN,5,4.05,3.123,3.54352,0.17660092699999996,0.9269999999999996,3.2,2.4,0.8000000000000003
eval_20260723_115807,Ministral-3-8B-Instruct-2512,jina,twostage,jina/twostage,762,SPD,5,1.4729,0.628,0.90754,0.10833160300000003,0.8449000000000001,5.8,2.7,3.0999999999999996
eval_20260723_115807,Ministral-3-8B-Instruct-2512,jina,twostage,jina/twostage,223,BÜNDNIS 90/DIE GRÜNEN,5,3.8564,0.0594,2.09592,2.5311157069999997,3.7969999999999997,2.1,2.4,0.2999999999999998
eval_20260723_115807,Ministral-3-8B-Instruct-2512,jina,twostage,jina/twostage,705,SPD,5,0.0903,-2.7792,-1.6239999999999999,1.364413095,2.8695,4.2,2.7,1.5
eval_20260723_115807,Ministral-3-8B-Instruct-2512,jina,twostage,jina/twostage,281,BÜNDNIS 90/DIE GRÜNEN,5,-0.7927,-1.684,-1.29522,0.11582654700000002,0.8913,3.2,2.4,0.8000000000000003
eval_20260723_115807,Ministral-3-8B-Instruct-2512,jina,twostage,jina/twostage,17,BÜNDNIS 90/DIE GRÜNEN,5,-2.6472,-4.3255,-3.5598,0.43187917499999984,1.6782999999999997,7.0,2.4,4.6
eval_20260723_115807,Ministral-3-8B-Instruct-2512,jina,twostage,jina/twostage,128,AfD,5,4.9069,3.498,3.96192,0.39323514700000006,1.4089,6.8,6.5,0.2999999999999998
eval_20260723_115807,Ministral-3-8B-Instruct-2512,jina,twostage,jina/twostage,323,CDU,5,-0.0954,-2.8184,-1.7502600000000001,1.290785078,2.723,3.2,4.7,1.5
eval_20260723_115807,Ministral-3-8B-Instruct-2512,jina,twostage,jina/twostage,588,DIE LINKE,5,7.0169,-4.6219,0.2397199999999998,21.431409302,11.6388,1.1,1.3,0.19999999999999996
eval_20260723_115807,Ministral-3-8B-Instruct-2512,jina,twostage,jina/twostage,471,DIE LINKE,5,-1.7116,-3.1192,-2.3684600000000002,0.396188963,1.4076000000000002,1.3,1.3,0.0
eval_20260723_115807,Ministral-3-8B-Instruct-2512,jina,twostage,jina/twostage,612,SPD,5,-0.5282,-1.9406,-1.40856,0.33215805300000006,1.4124,4.5,2.7,1.7999999999999998
eval_20260723_115807,Ministral-3-8B-Instruct-2512,jina,twostage,jina/twostage,469,DIE LINKE,5,1.662,-2.4048,-0.58316,3.1132407329999996,4.0668,2.1,1.3,0.8
eval_20260723_115807,Ministral-3-8B-Instruct-2512,jina,twostage,jina/twostage,789,SPD,5,6.7559,1.4529,3.4997,5.123089444999999,5.302999999999999,3.2,2.7,0.5
eval_20260723_115807,Ministral-3-8B-Instruct-2512,jina,twostage,jina/twostage,191,AfD,5,-1.8864,-5.0956,-3.63342,2.137787532,3.2092,7.0,6.5,0.5
eval_20260723_115807,Ministral-3-8B-Instruct-2512,jina,twostage,jina/twostage,116,AfD,5,-2.8756,-3.5519,-3.1877,0.08881966499999998,0.6762999999999999,6.8,6.5,0.2999999999999998
eval_20260723_115807,Ministral-3-8B-Instruct-2512,jina,twostage,jina/twostage,529,DIE LINKE,5,-4.0918,-4.6904,-4.43164,0.08176934300000008,0.5986000000000002,3.5,1.3,2.2
eval_20260723_115807,Ministral-3-8B-Instruct-2512,jina,twostage,jina/twostage,726,SPD,5,2.1298,-1.325,-0.28576,2.018798388,3.4547999999999996,4.5,2.7,1.7999999999999998
eval_20260723_115807,Ministral-3-8B-Instruct-2512,jina,twostage,jina/twostage,181,AfD,5,0.6243,-0.4685,0.26232,0.195496772,1.0928,7.0,6.5,0.5
eval_20260723_115807,Ministral-3-8B-Instruct-2512,jina,twostage,jina/twostage,302,BÜNDNIS 90/DIE GRÜNEN,5,3.8156,-0.2047,1.28386,2.6596736330000006,4.0203,3.5,2.4,1.1
eval_20260723_115807,Ministral-3-8B-Instruct-2512,jina,twostage,jina/twostage,631,SPD,5,-2.4664,-3.9925,-3.3102399999999994,0.589202783,1.5261,4.2,2.7,1.5
eval_20260723_115807,Ministral-3-8B-Instruct-2512,jina,twostage,jina/twostage,595,DIE LINKE,5,-2.391,-4.7474,-3.75694,0.9683116579999999,2.3564,1.2,1.3,0.10000000000000009
eval_20260723_115807,Ministral-3-8B-Instruct-2512,jina,twostage,jina/twostage,604,SPD,5,1.3733,-1.6139,-0.5155799999999999,1.2599249319999999,2.9871999999999996,3.2,2.7,0.5
eval_20260723_115807,Ministral-3-8B-Instruct-2512,jina,twostage,jina/twostage,802,SPD,5,8.1601,3.7616,5.45416,4.926686643,4.3985,5.8,2.7,3.0999999999999996
eval_20260723_115807,Ministral-3-8B-Instruct-2512,jina,twostage,jina/twostage,555,DIE LINKE,5,-0.2081,-2.4748,-1.02882,1.0138202870000002,2.2667,3.2,1.3,1.9000000000000001
eval_20260723_115807,Ministral-3-8B-Instruct-2512,jina,twostage,jina/twostage,806,SPD,5,1.3502,-1.2723,0.21402000000000002,1.1672399070000001,2.6225,3.2,2.7,0.5
eval_20260723_115807,Ministral-3-8B-Instruct-2512,jina,twostage,jina/twostage,46,CDU/CSU,5,-3.3092,-4.3703,-3.75522,0.25044639700000004,1.0611000000000002,5.8,4.7,1.0999999999999996
eval_20260723_115807,Ministral-3-8B-Instruct-2512,jina,twostage,jina/twostage,746,SPD,5,-1.2881,-4.1213,-3.02536,1.434799763,2.8331999999999997,2.1,2.7,0.6000000000000001
eval_20260723_115807,Ministral-3-8B-Instruct-2512,jina,twostage,jina/twostage,158,AfD,5,0.5545,-0.0023,0.32255999999999996,0.08549558300000001,0.5568,7.0,6.5,0.5
eval_20260723_115807,Ministral-3-8B-Instruct-2512,jina,twostage,jina/twostage,619,SPD,5,1.0952,-0.5564,0.37214,0.367289388,1.6516,4.5,2.7,1.7999999999999998
eval_20260723_115807,Ministral-3-8B-Instruct-2512,jina,twostage,jina/twostage,172,AfD,5,1.3255,-1.7085,-0.55152,1.7651702869999997,3.034,7.0,6.5,0.5
eval_20260723_115807,Ministral-3-8B-Instruct-2512,jina,twostage,jina/twostage,16,BÜNDNIS 90/DIE GRÜNEN,5,0.9391,-1.5793,-0.43536,1.094285503,2.5183999999999997,3.2,2.4,0.8000000000000003
eval_20260723_115807,Ministral-3-8B-Instruct-2512,jina,twostage,jina/twostage,512,DIE LINKE,5,1.0328,-0.4151,0.40463999999999983,0.312061433,1.4479,7.0,1.3,5.7
eval_20260723_115807,Ministral-3-8B-Instruct-2512,jina,twostage,jina/twostage,49,CDU/CSU,5,5.9117,4.5818,4.98678,0.2922969069999998,1.3298999999999994,4.2,4.7,0.5
eval_20260723_115807,Ministral-3-8B-Instruct-2512,jina,twostage,jina/twostage,795,SPD,5,1.6883,-0.5025,0.74994,0.700538763,2.1908,3.2,2.7,0.5
eval_20260723_115807,Ministral-3-8B-Instruct-2512,jina,twostage,jina/twostage,516,DIE LINKE,5,2.6346,1.0818,2.11426,0.41685084799999983,1.5527999999999997,1.2,1.3,0.10000000000000009
eval_20260723_115807,Ministral-3-8B-Instruct-2512,jina,twostage,jina/twostage,679,SPD,5,1.92,-1.2398,0.36062,1.935687052,3.1597999999999997,4.5,2.7,1.7999999999999998
eval_20260723_115807,Ministral-3-8B-Instruct-2512,jina,twostage,jina/twostage,481,DIE LINKE,5,2.2615,-1.8297,0.5254600000000001,4.607574593,4.0912,2.1,1.3,0.8
eval_20260723_115807,Ministral-3-8B-Instruct-2512,jina,twostage,jina/twostage,284,BÜNDNIS 90/DIE GRÜNEN,5,0.053,-2.3937,-1.4291399999999999,0.8568014779999998,2.4467,2.8,2.4,0.3999999999999999
eval_20260723_115807,Ministral-3-8B-Instruct-2512,jina,twostage,jina/twostage,549,DIE LINKE,5,0.1445,-2.0626,-0.9999800000000001,0.6212904870000001,2.2071,1.2,1.3,0.10000000000000009
eval_20260723_115807,Ministral-3-8B-Instruct-2512,jina,twostage,jina/twostage,226,BÜNDNIS 90/DIE GRÜNEN,5,3.8561,1.3091,2.27652,0.8895413920000002,2.547,3.2,2.4,0.8000000000000003
eval_20260723_115807,Ministral-3-8B-Instruct-2512,jina,twostage,jina/twostage,26,AfD,5,-2.4059,-4.287,-3.6297599999999997,0.644403168,1.8811,7.0,6.5,0.5
eval_20260723_115807,Ministral-3-8B-Instruct-2512,jina,twostage,jina/twostage,661,SPD,5,1.4753,-1.544,-0.48392,1.393018847,3.0193000000000003,3.2,2.7,0.5
eval_20260723_115807,Ministral-3-8B-Instruct-2512,jina,twostage,jina/twostage,438,DIE LINKE,5,-0.1906,-2.9254,-2.11802,1.287124442,2.7348,1.2,1.3,0.10000000000000009
eval_20260723_115807,Ministral-3-8B-Instruct-2512,jina,twostage,jina/twostage,365,FDP,5,-1.529,-5.9156,-4.32344,2.7554683730000002,4.3866000000000005,4.5,4.3,0.20000000000000018
eval_20260723_115807,Ministral-3-8B-Instruct-2512,jina,twostage,jina/twostage,230,BÜNDNIS 90/DIE GRÜNEN,5,0.7046,-1.31,-0.69496,0.6880978280000001,2.0146,4.5,2.4,2.1
eval_20260723_115807,Ministral-3-8B-Instruct-2512,jina,twostage,jina/twostage,37,AfD,5,5.245,3.4406,4.21746,0.686666368,1.8044000000000002,6.2,6.5,0.2999999999999998
eval_20260723_115807,Ministral-3-8B-Instruct-2512,jina,twostage,jina/twostage,790,SPD,5,-4.0139,-5.6004,-4.72536,0.5075419130000001,1.5865,3.2,2.7,0.5
eval_20260723_115807,Ministral-3-8B-Instruct-2512,jina,twostage,jina/twostage,375,FDP,5,2.7585,-2.8814,0.16967999999999997,4.482023497,5.639900000000001,3.2,4.3,1.0999999999999996
eval_20260723_115807,Ministral-3-8B-Instruct-2512,jina,twostage,jina/twostage,470,DIE LINKE,5,2.8122,-1.5062,0.19337999999999994,3.1213709619999994,4.3184,4.5,1.3,3.2
eval_20260723_115807,Ministral-3-8B-Instruct-2512,jina,twostage,jina/twostage,792,SPD,5,2.8763,0.9908,1.65408,0.5942651470000001,1.8855,2.1,2.7,0.6000000000000001
eval_20260723_115807,Ministral-3-8B-Instruct-2512,jina,twostage,jina/twostage,699,SPD,5,-1.1362,-2.2942,-1.5530599999999999,0.19369609799999998,1.158,7.0,2.7,4.3
eval_20260723_115807,Ministral-3-8B-Instruct-2512,jina,twostage,jina/twostage,606,SPD,5,-1.2017,-3.9793,-2.77752,1.766970142,2.7775999999999996,1.3,2.7,1.4000000000000001
eval_20260723_115807,Ministral-3-8B-Instruct-2512,jina,twostage,jina/twostage,195,AfD,5,1.7822,-1.5049,-0.38048,1.650148432,3.2870999999999997,7.0,6.5,0.5
eval_20260723_115807,Ministral-3-8B-Instruct-2512,jina,twostage,jina/twostage,815,SPD,5,0.0812,-3.8742,-2.2110399999999997,2.199831503,3.9554,2.1,2.7,0.6000000000000001
eval_20260723_115807,Ministral-3-8B-Instruct-2512,jina,twostage,jina/twostage,710,SPD,5,-2.8267,-4.1495,-3.5436199999999998,0.28383749199999986,1.3227999999999995,4.5,2.7,1.7999999999999998
eval_20260723_115807,Ministral-3-8B-Instruct-2512,jina,twostage,jina/twostage,504,DIE LINKE,5,0.0589,-3.7809,-1.87372,2.103747532,3.8398,4.5,1.3,3.2
eval_20260723_115807,Ministral-3-8B-Instruct-2512,jina,twostage,jina/twostage,794,SPD,5,-3.1792,-5.1886,-4.6436399999999995,0.7253596530000003,2.0094000000000003,4.5,2.7,1.7999999999999998
eval_20260723_115807,Ministral-3-8B-Instruct-2512,jina,twostage,jina/twostage,685,SPD,5,-1.0609,-3.2947,-2.4369400000000003,0.7998549030000002,2.2338000000000005,5.8,2.7,3.0999999999999996
eval_20260723_115807,Ministral-3-8B-Instruct-2512,jina,twostage,jina/twostage,793,SPD,5,-0.5902,-1.9454,-1.26672,0.24656839700000005,1.3552,3.2,2.7,0.5
eval_20260723_115807,Ministral-3-8B-Instruct-2512,jina,twostage,jina/twostage,163,AfD,5,7.6474,6.4637,6.9149,0.30993213500000005,1.1837,7.0,6.5,0.5
eval_20260723_115807,Ministral-3-8B-Instruct-2512,jina,twostage,jina/twostage,587,DIE LINKE,5,-4.5338,-5.8929,-5.49556,0.30191357799999996,1.3590999999999998,3.2,1.3,1.9000000000000001
eval_20260723_115807,Ministral-3-8B-Instruct-2512,jina,twostage,jina/twostage,153,AfD,5,7.214,1.5152,3.28118,6.220537052,5.6988,7.0,6.5,0.5
eval_20260723_115807,Ministral-3-8B-Instruct-2512,jina,twostage,jina/twostage,570,DIE LINKE,5,-3.2624,-4.978,-4.3135,0.4390148399999999,1.7155999999999998,1.5,1.3,0.19999999999999996
eval_20260723_115807,Ministral-3-8B-Instruct-2512,jina,twostage,jina/twostage,586,DIE LINKE,5,-4.1194,-5.4387,-4.98018,0.255924187,1.3193000000000001,6.5,1.3,5.2
eval_20260723_115807,Ministral-3-8B-Instruct-2512,jina,twostage,jina/twostage,627,SPD,5,-1.6861,-4.6636,-3.7127799999999995,1.4143182169999997,2.9775,3.2,2.7,0.5
eval_20260723_115807,Ministral-3-8B-Instruct-2512,jina,twostage,jina/twostage,112,BÜNDNIS 90/DIE GRÜNEN,5,0.5882,-1.9809,-1.1564999999999999,1.0160413650000002,2.5691,1.2,2.4,1.2
eval_20260723_115807,Ministral-3-8B-Instruct-2512,jina,twostage,jina/twostage,576,DIE LINKE,5,-0.3852,-3.9274,-2.26722,1.7858721620000002,3.5422000000000002,1.2,1.3,0.10000000000000009
eval_20260723_115807,Ministral-3-8B-Instruct-2512,jina,twostage,jina/twostage,104,DIE LINKE,5,0.1171,-3.0118,-1.23196,2.160675023,3.1289000000000002,1.2,1.3,0.10000000000000009
eval_20260723_115807,Ministral-3-8B-Instruct-2512,jina,twostage,jina/twostage,422,DIE LINKE,5,1.5667,0.4788,0.9475199999999999,0.17952360699999997,1.0878999999999999,1.2,1.3,0.10000000000000009
eval_20260723_115807,Ministral-3-8B-Instruct-2512,jina,twostage,jina/twostage,120,AfD,5,-1.9684,-4.4649,-3.21346,1.177952193,2.4965,7.0,6.5,0.5
eval_20260723_115807,Ministral-3-8B-Instruct-2512,jina,twostage,jina/twostage,54,BÜNDNIS 90/DIE GRÜNEN,5,4.8882,2.6569,3.5017399999999994,0.7380314230000002,2.2313000000000005,,2.4,
eval_20260723_115807,Ministral-3-8B-Instruct-2512,jina,twostage,jina/twostage,152,AfD,5,-3.98,-4.9851,-4.41778,0.13076287700000003,1.0051,7.0,6.5,0.5
eval_20260723_115807,Ministral-3-8B-Instruct-2512,jina,twostage,jina/twostage,404,FDP,5,-3.4921,-4.9986,-4.26556,0.5092179729999997,1.5064999999999995,6.5,4.3,2.2
eval_20260723_115807,Ministral-3-8B-Instruct-2512,jina,twostage,jina/twostage,774,SPD,5,2.5667,-1.7535,0.26703999999999983,4.142427253000001,4.3202,3.2,2.7,0.5
eval_20260723_115807,Ministral-3-8B-Instruct-2512,jina,twostage,jina/twostage,208,AfD,5,2.4059,0.2001,1.02236,1.008522108,2.2058,7.0,6.5,0.5
eval_20260723_115807,Ministral-3-8B-Instruct-2512,jina,twostage,jina/twostage,694,SPD,5,-0.9862,-2.7151,-1.86784,0.37409379300000006,1.7289,4.5,2.7,1.7999999999999998
eval_20260723_115807,Ministral-3-8B-Instruct-2512,jina,twostage,jina/twostage,645,SPD,5,2.3926,-0.6182,0.77152,1.165674477,3.0107999999999997,3.2,2.7,0.5
eval_20260723_115807,Ministral-3-8B-Instruct-2512,jina,twostage,jina/twostage,8,BÜNDNIS 90/DIE GRÜNEN,5,-0.9299,-2.7308,-2.10768,0.48651550200000004,1.8009,3.2,2.4,0.8000000000000003
eval_20260723_115807,Ministral-3-8B-Instruct-2512,jina,twostage,jina/twostage,667,SPD,5,4.6001,0.8505,1.9199800000000002,2.3966538170000007,3.7496,2.1,2.7,0.6000000000000001
eval_20260723_115807,Ministral-3-8B-Instruct-2512,jina,twostage,jina/twostage,36,AfD,5,1.4206,-2.2267,-0.94282,2.0938513920000004,3.6473000000000004,6.8,6.5,0.2999999999999998
eval_20260723_115807,Ministral-3-8B-Instruct-2512,jina,twostage,jina/twostage,453,DIE LINKE,5,2.2114,-2.2224,-0.4793800000000001,3.318412521999999,4.4338,1.2,1.3,0.10000000000000009
eval_20260723_115807,Ministral-3-8B-Instruct-2512,jina,twostage,jina/twostage,254,BÜNDNIS 90/DIE GRÜNEN,5,1.1772,-0.0986,0.61648,0.22443933200000002,1.2758,3.2,2.4,0.8000000000000003
eval_20260723_115807,Ministral-3-8B-Instruct-2512,jina,twostage,jina/twostage,304,BÜNDNIS 90/DIE GRÜNEN,5,0.8059,-1.676,-0.68628,1.1296437519999998,2.4819,7.0,2.4,4.6
eval_20260723_115807,Ministral-3-8B-Instruct-2512,jina,twostage,jina/twostage,659,SPD,5,1.2545,-1.5313,-0.042099999999999985,1.755837665,2.7858,3.2,2.7,0.5
eval_20260723_115807,Ministral-3-8B-Instruct-2512,jina,twostage,jina/twostage,572,DIE LINKE,5,-0.5656,-1.5622,-1.09958,0.22113753199999997,0.9966,3.2,1.3,1.9000000000000001
eval_20260723_115807,Ministral-3-8B-Instruct-2512,jina,twostage,jina/twostage,711,SPD,5,-1.4732,-2.1698,-1.80066,0.11559685299999997,0.6965999999999999,6.5,2.7,3.8
eval_20260723_115807,Ministral-3-8B-Instruct-2512,jina,twostage,jina/twostage,767,SPD,5,2.8249,-1.9819,-0.019840000000000035,3.817063748,4.8068,2.8,2.7,0.09999999999999964
eval_20260723_115807,Ministral-3-8B-Instruct-2512,jina,twostage,jina/twostage,263,BÜNDNIS 90/DIE GRÜNEN,5,3.6205,-1.3936,0.02534000000000001,4.211635868,5.0141,5.8,2.4,3.4
eval_20260723_115807,Ministral-3-8B-Instruct-2512,jina,twostage,jina/twostage,298,BÜNDNIS 90/DIE GRÜNEN,5,0.2556,-2.8391,-1.33902,1.362897067,3.0947,1.3,2.4,1.0999999999999999
eval_20260723_115807,Ministral-3-8B-Instruct-2512,jina,twostage,jina/twostage,415,DIE LINKE,5,1.7906,-0.8718,-0.08628000000000002,1.1874036069999998,2.6624,1.2,1.3,0.10000000000000009
eval_20260723_115807,Ministral-3-8B-Instruct-2512,jina,twostage,jina/twostage,151,AfD,5,-2.2628,-3.2801,-2.7688800000000002,0.2139634170000001,1.0173,1.2,6.5,5.3
eval_20260723_115807,Ministral-3-8B-Instruct-2512,jina,twostage,jina/twostage,652,SPD,5,-0.7705,-2.2044,-1.34012,0.421212487,1.4339000000000002,3.2,2.7,0.5
eval_20260723_115807,Ministral-3-8B-Instruct-2512,jina,twostage,jina/twostage,729,SPD,5,-1.777,-2.2674,-1.9805800000000002,0.03849347199999999,0.49039999999999995,3.2,2.7,0.5
eval_20260723_115807,Ministral-3-8B-Instruct-2512,jina,twostage,jina/twostage,551,DIE LINKE,5,-1.6948,-3.617,-2.8983600000000003,0.609854068,1.9222,1.2,1.3,0.10000000000000009
eval_20260723_115807,Ministral-3-8B-Instruct-2512,jina,twostage,jina/twostage,489,DIE LINKE,5,-1.9175,-3.6488,-3.08994,0.45411941299999997,1.7313,1.2,1.3,0.10000000000000009
eval_20260723_115807,Ministral-3-8B-Instruct-2512,jina,twostage,jina/twostage,148,AfD,5,-0.3685,-1.7631,-1.01762,0.32182690699999994,1.3945999999999998,7.0,6.5,0.5
eval_20260723_115807,Ministral-3-8B-Instruct-2512,jina,twostage,jina/twostage,602,SPD,5,1.1866,-0.895,-0.20173999999999997,0.7285897230000001,2.0816,4.5,2.7,1.7999999999999998
eval_20260723_115807,Ministral-3-8B-Instruct-2512,jina,twostage,jina/twostage,763,SPD,5,0.356,-0.9916,-0.35304,0.24476482300000002,1.3476,5.8,2.7,3.0999999999999996
eval_20260723_115807,Ministral-3-8B-Instruct-2512,jina,twostage,jina/twostage,813,SPD,5,-0.7366,-3.0652,-1.8526400000000003,0.934136748,2.3286,4.2,2.7,1.5
eval_20260723_115807,Ministral-3-8B-Instruct-2512,jina,twostage,jina/twostage,349,CSU,5,-4.3512,-5.8344,-5.32414,0.3635558979999997,1.4831999999999992,4.5,5.4,0.9000000000000004
eval_20260723_115807,Ministral-3-8B-Instruct-2512,jina,twostage,jina/twostage,464,DIE LINKE,5,-0.3984,-2.0322,-1.345,0.357721965,1.6338,1.2,1.3,0.10000000000000009
eval_20260723_115807,Ministral-3-8B-Instruct-2512,jina,twostage,jina/twostage,326,CDU,5,-3.5516,-5.4935,-4.74568,0.634563907,1.9419,7.0,4.7,2.3
eval_20260723_115807,Ministral-3-8B-Instruct-2512,jina,twostage,jina/twostage,187,AfD,5,1.9446,-2.0481,-0.8881599999999998,2.629110863,3.9927,7.0,6.5,0.5
eval_20260723_115807,Ministral-3-8B-Instruct-2512,jina,twostage,jina/twostage,124,AfD,5,1.0632,-0.1416,0.36483999999999994,0.290244093,1.2047999999999999,7.0,6.5,0.5
eval_20260723_115807,Ministral-3-8B-Instruct-2512,jina,twostage,jina/twostage,781,SPD,5,3.8317,1.9465,3.02502,0.46728729700000016,1.8852000000000002,4.5,2.7,1.7999999999999998
eval_20260723_115807,Ministral-3-8B-Instruct-2512,jina,twostage,jina/twostage,144,AfD,5,-1.1284,-2.8907,-2.12146,0.5346680229999998,1.7622999999999998,6.5,6.5,0.0
eval_20260723_115807,Ministral-3-8B-Instruct-2512,jina,twostage,jina/twostage,784,SPD,5,1.0985,-0.9494,-0.12135999999999995,0.9812194130000002,2.0479000000000003,3.2,2.7,0.5
eval_20260723_115807,Ministral-3-8B-Instruct-2512,jina,twostage,jina/twostage,198,AfD,5,-3.157,-5.4712,-4.302919999999999,1.0397616870000002,2.3141999999999996,7.0,6.5,0.5
eval_20260723_115807,Ministral-3-8B-Instruct-2512,jina,twostage,jina/twostage,280,BÜNDNIS 90/DIE GRÜNEN,5,-2.0451,-3.6444,-2.8821200000000005,0.35322685699999995,1.5993,7.0,2.4,4.6
eval_20260723_115807,Ministral-3-8B-Instruct-2512,jina,twostage,jina/twostage,294,BÜNDNIS 90/DIE GRÜNEN,5,1.6813,0.2604,0.7869400000000001,0.307320693,1.4209,1.2,2.4,1.2
eval_20260723_115807,Ministral-3-8B-Instruct-2512,jina,twostage,jina/twostage,401,FDP,5,-1.9939,-4.1822,-3.2054400000000003,0.741645133,2.1883,1.5,4.3,2.8
eval_20260723_115807,Ministral-3-8B-Instruct-2512,jina,twostage,jina/twostage,123,AfD,5,1.5832,-1.1199,0.3873399999999999,1.266012908,2.7031,6.8,6.5,0.2999999999999998
eval_20260723_115807,Ministral-3-8B-Instruct-2512,jina,twostage,jina/twostage,184,AfD,5,-4.5018,-4.9549,-4.74482,0.04249532200000007,0.45310000000000006,7.0,6.5,0.5
eval_20260723_115807,Ministral-3-8B-Instruct-2512,jina,twostage,jina/twostage,203,AfD,5,3.8357,-1.7668,0.3841200000000001,6.731055466999998,5.6025,7.0,6.5,0.5
eval_20260723_115807,Ministral-3-8B-Instruct-2512,jina,twostage,jina/twostage,439,DIE LINKE,5,3.7156,0.8882,2.4737799999999996,1.5707478369999999,2.8274,1.2,1.3,0.10000000000000009
eval_20260723_115807,Ministral-3-8B-Instruct-2512,jina,twostage,jina/twostage,247,BÜNDNIS 90/DIE GRÜNEN,5,-2.3517,-4.4485,-3.44634,0.610466533,2.0968,2.1,2.4,0.2999999999999998
eval_20260723_115807,Ministral-3-8B-Instruct-2512,jina,twostage,jina/twostage,416,DIE LINKE,5,4.1181,1.1672,2.0903599999999996,1.555125908,2.9509,1.2,1.3,0.10000000000000009
eval_20260723_115807,Ministral-3-8B-Instruct-2512,jina,twostage,jina/twostage,728,SPD,5,-2.7066,-4.54,-3.9043799999999997,0.650389152,1.8334000000000001,3.2,2.7,0.5
eval_20260723_115807,Ministral-3-8B-Instruct-2512,jina,twostage,jina/twostage,130,AfD,5,-2.5261,-3.579,-3.2742400000000003,0.18140155300000002,1.0529000000000002,6.8,6.5,0.2999999999999998
eval_20260723_115807,Ministral-3-8B-Instruct-2512,jina,twostage,jina/twostage,403,FDP,5,-0.4515,-2.3449,-1.5524,0.5119513900000001,1.8934,5.8,4.3,1.5
eval_20260723_115807,Ministral-3-8B-Instruct-2512,jina,twostage,jina/twostage,716,SPD,5,2.0292,0.6604,1.26824,0.29735272299999993,1.3687999999999998,3.2,2.7,0.5
eval_20260723_115807,Ministral-3-8B-Instruct-2512,jina,twostage,jina/twostage,638,SPD,5,1.2219,-1.2018,-0.22838000000000003,0.8648496669999999,2.4237,3.2,2.7,0.5
eval_20260723_115807,Ministral-3-8B-Instruct-2512,jina,twostage,jina/twostage,788,SPD,5,-0.2004,-1.3091,-0.9904,0.20320559,1.1087,5.8,2.7,3.0999999999999996
eval_20260723_115807,Ministral-3-8B-Instruct-2512,jina,twostage,jina/twostage,220,BÜNDNIS 90/DIE GRÜNEN,5,-2.2781,-2.6511,-2.4722,0.024459980000000017,0.3730000000000002,1.2,2.4,1.2
eval_20260723_115807,Ministral-3-8B-Instruct-2512,jina,twostage,jina/twostage,624,SPD,5,0.9194,-0.2246,0.25844,0.19911528300000003,1.144,7.0,2.7,4.3
eval_20260723_115807,Ministral-3-8B-Instruct-2512,jina,twostage,jina/twostage,753,SPD,5,-1.085,-4.4057,-3.25482,1.8933026020000003,3.3207000000000004,4.5,2.7,1.7999999999999998
eval_20260723_115807,Ministral-3-8B-Instruct-2512,jina,twostage,jina/twostage,691,SPD,5,0.4597,-1.125,-0.4906400000000001,0.649395033,1.5847,3.8,2.7,1.0999999999999996
eval_20260723_115807,Ministral-3-8B-Instruct-2512,jina,twostage,jina/twostage,632,SPD,5,-0.1401,-0.9373,-0.5944,0.13686051500000002,0.7972,1.2,2.7,1.5000000000000002
eval_20260723_115807,Ministral-3-8B-Instruct-2512,jina,twostage,jina/twostage,387,FDP,5,5.2603,3.5847,4.457000000000001,0.5710495099999999,1.6755999999999998,4.2,4.3,0.09999999999999964
eval_20260723_115807,Ministral-3-8B-Instruct-2512,jina,twostage,jina/twostage,796,SPD,5,-2.7015,-3.9468,-3.4394,0.22989272500000008,1.2453000000000003,6.5,2.7,3.8
eval_20260723_115807,Ministral-3-8B-Instruct-2512,jina,twostage,jina/twostage,510,DIE LINKE,5,-3.8503,-5.8272,-4.885820000000001,0.7903266370000006,1.9769000000000005,4.2,1.3,2.9000000000000004
eval_20260723_115807,Ministral-3-8B-Instruct-2512,jina,twostage,jina/twostage,268,BÜNDNIS 90/DIE GRÜNEN,5,2.2933,-1.0595,0.9044599999999999,1.9815784730000003,3.3528000000000002,2.1,2.4,0.2999999999999998
eval_20260723_115807,Ministral-3-8B-Instruct-2512,jina,twostage,jina/twostage,677,SPD,5,-1.9856,-4.4449,-3.4935,0.9740621349999997,2.4593,1.3,2.7,1.4000000000000001
eval_20260723_115807,Ministral-3-8B-Instruct-2512,jina,twostage,jina/twostage,442,DIE LINKE,5,0.9618,-0.7809,0.33516,0.502505133,1.7427000000000001,4.2,1.3,2.9000000000000004
eval_20260723_115807,Ministral-3-8B-Instruct-2512,jina,twostage,jina/twostage,497,DIE LINKE,5,-2.7914,-4.4418,-3.7935000000000003,0.4460651550000001,1.6503999999999999,6.8,1.3,5.5
eval_20260723_115807,Ministral-3-8B-Instruct-2512,jina,twostage,jina/twostage,113,BÜNDNIS 90/DIE GRÜNEN,5,3.4215,1.1399,1.8740400000000002,1.0080228880000002,2.2816,5.8,2.4,3.4
eval_20260723_115807,Ministral-3-8B-Instruct-2512,jina,twostage,jina/twostage,233,BÜNDNIS 90/DIE GRÜNEN,5,0.6378,-1.004,-0.19536,0.561453243,1.6418,2.1,2.4,0.2999999999999998
eval_20260723_115807,Ministral-3-8B-Instruct-2512,jina,twostage,jina/twostage,715,SPD,5,4.2666,-1.1083,0.44208,4.790308987000001,5.3749,2.1,2.7,0.6000000000000001
eval_20260723_115807,Ministral-3-8B-Instruct-2512,jina,twostage,jina/twostage,608,SPD,5,3.6632,0.5244,1.55756,1.658860893,3.1388,4.2,2.7,1.5
eval_20260723_115807,Ministral-3-8B-Instruct-2512,jina,twostage,jina/twostage,374,FDP,5,1.3986,-0.2013,0.22534,0.44796706300000005,1.5999,6.8,4.3,2.5
eval_20260723_115807,Ministral-3-8B-Instruct-2512,jina,twostage,jina/twostage,234,BÜNDNIS 90/DIE GRÜNEN,5,2.0879,-1.4518,0.281,1.6377980749999999,3.5397,2.1,2.4,0.2999999999999998
eval_20260723_115807,Ministral-3-8B-Instruct-2512,jina,twostage,jina/twostage,649,SPD,5,1.5317,-0.7592,0.20612000000000003,0.732032767,2.2909,,2.7,
eval_20260723_115807,Ministral-3-8B-Instruct-2512,jina,twostage,jina/twostage,318,BÜNDNIS 90/DIE GRÜNEN,5,4.1919,0.9966,2.0438,1.6383559650000006,3.1953000000000005,2.1,2.4,0.2999999999999998
eval_20260723_115807,Ministral-3-8B-Instruct-2512,jina,twostage,jina/twostage,411,FDP,5,1.7418,1.3401,1.6292199999999997,0.027159226999999984,0.40169999999999995,4.2,4.3,0.09999999999999964
eval_20260723_115807,Ministral-3-8B-Instruct-2512,jina,twostage,jina/twostage,737,SPD,5,2.9133,0.6013,1.7056999999999998,1.161092195,2.3120000000000003,5.8,2.7,3.0999999999999996
eval_20260723_115807,Ministral-3-8B-Instruct-2512,jina,twostage,jina/twostage,359,FDP,5,-1.1019,-3.2877,-2.5324600000000004,0.7068267079999999,2.1858,6.5,4.3,2.2
eval_20260723_115807,Ministral-3-8B-Instruct-2512,jina,twostage,jina/twostage,259,BÜNDNIS 90/DIE GRÜNEN,5,-3.0902,-4.6005,-3.77136,0.3920188430000001,1.5103000000000004,2.1,2.4,0.2999999999999998
eval_20260723_115807,Ministral-3-8B-Instruct-2512,jina,twostage,jina/twostage,628,SPD,5,1.6044,-0.8904,0.06182000000000001,1.124635907,2.4948,2.8,2.7,0.09999999999999964
eval_20260723_115807,Ministral-3-8B-Instruct-2512,jina,twostage,jina/twostage,633,SPD,5,7.0326,5.5353,6.31532,0.4860183269999999,1.4973,2.1,2.7,0.6000000000000001
eval_20260723_115807,Ministral-3-8B-Instruct-2512,jina,twostage,jina/twostage,283,BÜNDNIS 90/DIE GRÜNEN,5,-2.379,-4.346,-3.6499200000000003,0.8845081119999999,1.967,4.5,2.4,2.1
eval_20260723_115807,Ministral-3-8B-Instruct-2512,jina,twostage,jina/twostage,780,SPD,5,1.1349,-0.2787,0.40313999999999994,0.27293420300000004,1.4136,4.2,2.7,1.5
eval_20260723_115807,Ministral-3-8B-Instruct-2512,jina,twostage,jina/twostage,673,SPD,5,5.1617,0.6638,2.05556,3.3327449629999992,4.4979,6.8,2.7,4.1
eval_20260723_115807,Ministral-3-8B-Instruct-2512,jina,twostage,jina/twostage,473,DIE LINKE,5,1.9148,-0.6692,0.69242,0.912218432,2.584,1.2,1.3,0.10000000000000009
eval_20260723_115807,Ministral-3-8B-Instruct-2512,jina,twostage,jina/twostage,348,CSU,5,-1.5701,-3.8673,-3.1389199999999997,0.8679656269999999,2.2972,2.1,5.4,3.3000000000000003
eval_20260723_115807,Ministral-3-8B-Instruct-2512,jina,twostage,jina/twostage,506,DIE LINKE,5,2.2225,1.1381,1.5774199999999998,0.17768352700000006,1.0844000000000003,3.2,1.3,1.9000000000000001
eval_20260723_115807,Ministral-3-8B-Instruct-2512,jina,twostage,jina/twostage,640,SPD,5,-1.7558,-4.1505,-3.2833600000000005,0.929924168,2.3947000000000003,6.5,2.7,3.8
eval_20260723_115807,Ministral-3-8B-Instruct-2512,jina,twostage,jina/twostage,809,SPD,5,1.1634,-0.9363,-0.40002000000000004,0.7792571970000001,2.0997,2.1,2.7,0.6000000000000001
eval_20260723_115807,Ministral-3-8B-Instruct-2512,jina,twostage,jina/twostage,761,SPD,5,-2.0542,-3.6904,-2.99164,0.518332628,1.6362,7.0,2.7,4.3
eval_20260723_115807,Ministral-3-8B-Instruct-2512,jina,twostage,jina/twostage,742,SPD,5,1.2692,-2.4913,-1.12066,3.315103533,3.7605,1.2,2.7,1.5000000000000002
eval_20260723_115807,Ministral-3-8B-Instruct-2512,jina,twostage,jina/twostage,620,SPD,5,-2.1188,-4.1561,-3.5400000000000005,0.6664749900000002,2.0373000000000006,6.8,2.7,4.1
eval_20260723_115807,Ministral-3-8B-Instruct-2512,jina,twostage,jina/twostage,733,SPD,5,-0.4672,-2.4271,-1.47862,0.5355932869999999,1.9598999999999998,6.5,2.7,3.8
eval_20260723_115807,Ministral-3-8B-Instruct-2512,jina,twostage,jina/twostage,646,SPD,5,0.8628,-1.3079,-0.015520000000000023,0.629043902,2.1707,3.2,2.7,0.5
eval_20260723_115807,Ministral-3-8B-Instruct-2512,jina,twostage,jina/twostage,695,SPD,5,-0.3514,-3.1516,-1.6455600000000001,1.6866930930000001,2.8002000000000002,3.2,2.7,0.5
eval_20260723_115807,Ministral-3-8B-Instruct-2512,jina,twostage,jina/twostage,557,DIE LINKE,5,-0.9001,-3.3054,-2.29472,1.590168572,2.4053,2.1,1.3,0.8
eval_20260723_115807,Ministral-3-8B-Instruct-2512,jina,twostage,jina/twostage,578,DIE LINKE,5,-2.2803,-4.4578,-3.49018,1.058014577,2.1774999999999998,1.2,1.3,0.10000000000000009
eval_20260723_115807,Ministral-3-8B-Instruct-2512,jina,twostage,jina/twostage,86,BÜNDNIS 90/DIE GRÜNEN,5,-3.6685,-5.4759,-4.663959999999999,0.8223059280000002,1.8074000000000003,3.5,2.4,1.1
eval_20260723_115807,Ministral-3-8B-Instruct-2512,jina,twostage,jina/twostage,243,BÜNDNIS 90/DIE GRÜNEN,5,0.4516,-0.5054,-0.04143999999999998,0.19211050799999999,0.957,1.5,2.4,0.8999999999999999
eval_20260723_115807,Ministral-3-8B-Instruct-2512,jina,twostage,jina/twostage,160,AfD,5,2.3333,-2.2708,-0.5454600000000001,3.2275834129999996,4.6041,7.0,6.5,0.5
eval_20260723_115807,Ministral-3-8B-Instruct-2512,jina,twostage,jina/twostage,525,DIE LINKE,5,0.972,-0.5089,0.25715999999999994,0.34761176299999996,1.4809,7.0,1.3,5.7
eval_20260723_115807,Ministral-3-8B-Instruct-2512,jina,twostage,jina/twostage,35,AfD,5,2.5325,1.3168,1.9424000000000003,0.22626161000000006,1.2157000000000002,7.0,6.5,0.5
eval_20260723_115807,Ministral-3-8B-Instruct-2512,jina,twostage,jina/twostage,541,DIE LINKE,5,1.8374,-2.3745,-0.65404,3.5516696729999997,4.2119,1.5,1.3,0.19999999999999996
eval_20260723_115807,Ministral-3-8B-Instruct-2512,jina,twostage,jina/twostage,171,AfD,5,1.8846,-0.5728,0.6498,1.2802145349999998,2.4574,5.8,6.5,0.7000000000000002
eval_20260723_115807,Ministral-3-8B-Instruct-2512,jina,twostage,jina/twostage,655,SPD,5,4.3801,1.3479,2.5239,1.3168619399999997,3.0321999999999996,3.2,2.7,0.5
eval_20260723_115807,Ministral-3-8B-Instruct-2512,jina,twostage,jina/twostage,704,SPD,5,-2.9925,-3.4431,-3.19874,0.046731202999999985,0.45059999999999967,5.8,2.7,3.0999999999999996
eval_20260723_115807,Ministral-3-8B-Instruct-2512,jina,twostage,jina/twostage,696,SPD,5,-3.2888,-4.9335,-4.31896,0.40840217300000015,1.6447000000000003,6.8,2.7,4.1
eval_20260723_115807,Ministral-3-8B-Instruct-2512,jina,twostage,jina/twostage,773,SPD,5,-0.4595,-2.4043,-1.39896,0.49259828800000005,1.9448,3.8,2.7,1.0999999999999996
eval_20260723_115807,Ministral-3-8B-Instruct-2512,jina,twostage,jina/twostage,96,CDU/CSU,5,0.9954,0.1173,0.4464600000000001,0.11290500799999999,0.8781,,4.7,
eval_20260723_115807,Ministral-3-8B-Instruct-2512,jina,twostage,jina/twostage,564,DIE LINKE,5,-0.1659,-1.2034,-0.7283,0.17889966500000004,1.0375,2.8,1.3,1.4999999999999998
eval_20260723_115807,Ministral-3-8B-Instruct-2512,jina,twostage,jina/twostage,241,BÜNDNIS 90/DIE GRÜNEN,5,1.3702,-0.8114,-0.015739999999999997,0.7263689480000002,2.1816,,2.4,
eval_20260723_115807,Ministral-3-8B-Instruct-2512,jina,twostage,jina/twostage,575,DIE LINKE,5,-2.0888,-4.3973,-3.8183999999999996,0.9686731550000001,2.3085000000000004,3.2,1.3,1.9000000000000001
eval_20260723_115807,Ministral-3-8B-Instruct-2512,jina,twostage,jina/twostage,461,DIE LINKE,5,-1.2544,-3.1519,-2.3037,0.46949317999999995,1.8975,1.2,1.3,0.10000000000000009
eval_20260723_115807,Ministral-3-8B-Instruct-2512,jina,twostage,jina/twostage,554,DIE LINKE,5,-3.9873,-5.6443,-4.86318,0.4925641070000002,1.6570000000000005,2.1,1.3,0.8
eval_20260723_115807,Ministral-3-8B-Instruct-2512,jina,twostage,jina/twostage,721,SPD,5,8.6737,3.9855,6.5564800000000005,3.5497326520000003,4.6882,2.1,2.7,0.6000000000000001
eval_20260723_115807,Ministral-3-8B-Instruct-2512,jina,twostage,jina/twostage,207,AfD,5,-1.6962,-3.4513,-2.49058,0.537552607,1.7550999999999999,7.0,6.5,0.5
eval_20260723_115807,Ministral-3-8B-Instruct-2512,jina,twostage,jina/twostage,393,FDP,5,0.836,-1.003,-0.55722,0.6117447519999998,1.839,3.5,4.3,0.7999999999999998
eval_20260723_115807,Ministral-3-8B-Instruct-2512,jina,twostage,jina/twostage,398,FDP,5,2.5715,-0.7124,0.58026,1.8274626280000001,3.2839,4.5,4.3,0.20000000000000018
eval_20260723_115807,Ministral-3-8B-Instruct-2512,jina,twostage,jina/twostage,697,SPD,5,-2.5417,-4.0267,-3.5112200000000002,0.33558454699999996,1.4849999999999999,4.5,2.7,1.7999999999999998
eval_20260723_115807,Ministral-3-8B-Instruct-2512,jina,twostage,jina/twostage,218,BÜNDNIS 90/DIE GRÜNEN,5,-1.0981,-3.4044,-2.3160200000000004,0.7183148269999998,2.3063,2.8,2.4,0.3999999999999999
eval_20260723_115807,Ministral-3-8B-Instruct-2512,jina,twostage,jina/twostage,4,CDU/CSU,5,5.1446,2.8295,4.21442,0.7791346969999999,2.3150999999999997,3.2,4.7,1.5
eval_20260723_115807,Ministral-3-8B-Instruct-2512,jina,twostage,jina/twostage,643,SPD,5,1.287,-0.5479,0.41880000000000006,0.541450765,1.8349,3.2,2.7,0.5
eval_20260723_115807,Ministral-3-8B-Instruct-2512,jina,twostage,jina/twostage,736,SPD,5,0.5667,-0.984,-0.36972,0.473239277,1.5507,3.2,2.7,0.5
eval_20260723_115807,Ministral-3-8B-Instruct-2512,jina,twostage,jina/twostage,613,SPD,5,-2.6527,-4.4725,-3.76158,0.650626092,1.8198000000000003,1.2,2.7,1.5000000000000002
eval_20260723_115807,Ministral-3-8B-Instruct-2512,jina,twostage,jina/twostage,547,DIE LINKE,5,2.0441,-2.386,-0.6887400000000001,3.6006262930000004,4.4300999999999995,2.1,1.3,0.8
eval_20260723_115807,Ministral-3-8B-Instruct-2512,jina,twostage,jina/twostage,684,SPD,5,4.5221,-1.1147,1.0556999999999999,5.554539485,5.6368,3.2,2.7,0.5
eval_20260723_115807,Ministral-3-8B-Instruct-2512,jina,twostage,jina/twostage,99,BÜNDNIS 90/DIE GRÜNEN,5,5.836,-2.5548,-0.23754,11.998409568000003,8.3908,3.2,2.4,0.8000000000000003
eval_20260723_115807,Ministral-3-8B-Instruct-2512,jina,twostage,jina/twostage,574,DIE LINKE,5,0.6447,-2.4455,-0.6536799999999999,2.2607034219999997,3.0902000000000003,2.1,1.3,0.8
eval_20260723_115807,Ministral-3-8B-Instruct-2512,jina,twostage,jina/twostage,407,FDP,5,1.4992,-2.1556,-0.7295,1.8265363949999998,3.6548000000000003,5.2,4.3,0.9000000000000004
eval_20260723_115807,Ministral-3-8B-Instruct-2512,jina,twostage,jina/twostage,503,DIE LINKE,5,-3.424,-4.7654,-4.0439,0.3215482299999999,1.3413999999999997,6.8,1.3,5.5
eval_20260723_115807,Ministral-3-8B-Instruct-2512,jina,twostage,jina/twostage,48,CDU/CSU,5,2.3259,-1.3326,-0.20240000000000005,2.2041953949999997,3.6585,4.2,4.7,0.5
eval_20260723_115807,Ministral-3-8B-Instruct-2512,jina,twostage,jina/twostage,32,AfD,5,0.7013,-2.3688,-0.9198999999999998,1.683040305,3.0701,7.0,6.5,0.5
eval_20260723_115807,Ministral-3-8B-Instruct-2512,jina,twostage,jina/twostage,201,AfD,5,0.5265,-1.0386,-0.18742,0.38874112699999996,1.5651,3.2,6.5,3.3
eval_20260723_115807,Ministral-3-8B-Instruct-2512,jina,twostage,jina/twostage,135,AfD,5,5.2283,1.9126,3.0429,1.930805795,3.3156999999999996,7.0,6.5,0.5
eval_20260723_115807,Ministral-3-8B-Instruct-2512,jina,twostage,jina/twostage,27,AfD,5,3.0608,-0.9208,0.23689999999999997,2.8648389599999997,3.9816,6.8,6.5,0.2999999999999998
eval_20260723_115807,Ministral-3-8B-Instruct-2512,jina,twostage,jina/twostage,723,SPD,5,-3.3711,-4.7376,-4.3607,0.3153481699999997,1.3664999999999994,7.0,2.7,4.3
eval_20260723_115807,Ministral-3-8B-Instruct-2512,jina,twostage,jina/twostage,231,BÜNDNIS 90/DIE GRÜNEN,5,7.4006,3.914,4.8107,2.2673578699999997,3.4865999999999997,2.8,2.4,0.3999999999999999
eval_20260723_115807,Ministral-3-8B-Instruct-2512,jina,twostage,jina/twostage,490,DIE LINKE,5,0.8551,-2.1966,-0.75904,1.908592943,3.0517000000000003,1.1,1.3,0.19999999999999996
eval_20260723_115807,Ministral-3-8B-Instruct-2512,jina,twostage,jina/twostage,379,FDP,5,2.6676,-0.6406,0.5937400000000002,1.813173608,3.3082000000000003,3.2,4.3,1.0999999999999996
eval_20260723_115807,Ministral-3-8B-Instruct-2512,jina,twostage,jina/twostage,289,BÜNDNIS 90/DIE GRÜNEN,5,0.6097,-1.0786,-0.27396000000000004,0.555308863,1.6883,5.8,2.4,3.4
eval_20260723_115807,Ministral-3-8B-Instruct-2512,jina,twostage,jina/twostage,419,DIE LINKE,5,-0.8344,-1.6617,-1.10876,0.13797733299999998,0.8272999999999999,1.3,1.3,0.0
eval_20260723_115807,Ministral-3-8B-Instruct-2512,jina,twostage,jina/twostage,675,SPD,5,0.5624,-1.0752,-0.14597999999999997,0.3461416219999999,1.6376,7.0,2.7,4.3
eval_20260723_115807,Ministral-3-8B-Instruct-2512,jina,twostage,jina/twostage,392,FDP,5,-1.8458,-3.729,-3.01592,0.5798450319999999,1.8832,4.5,4.3,0.20000000000000018
eval_20260723_115807,Ministral-3-8B-Instruct-2512,jina,twostage,jina/twostage,593,DIE LINKE,5,-2.162,-3.8496,-2.94084,0.589465248,1.6876000000000002,1.2,1.3,0.10000000000000009
eval_20260723_115807,Ministral-3-8B-Instruct-2512,jina,twostage,jina/twostage,499,DIE LINKE,5,0.8099,-0.3464,0.22456,0.22236244300000002,1.1562999999999999,1.1,1.3,0.19999999999999996
eval_20260723_115807,Ministral-3-8B-Instruct-2512,jina,twostage,jina/twostage,139,AfD,5,5.192,-2.5622,-0.051919999999999966,10.033031076999999,7.7542,7.0,6.5,0.5
eval_20260723_115807,Ministral-3-8B-Instruct-2512,jina,twostage,jina/twostage,63,BÜNDNIS 90/DIE GRÜNEN,5,-3.2516,-3.9753,-3.52756,0.10401674800000002,0.7237,4.2,2.4,1.8000000000000003
eval_20260723_115807,Ministral-3-8B-Instruct-2512,jina,twostage,jina/twostage,472,DIE LINKE,5,1.4035,0.4213,0.77254,0.141777503,0.9822,5.8,1.3,4.5
eval_20260723_115807,Ministral-3-8B-Instruct-2512,jina,twostage,jina/twostage,648,SPD,5,1.7906,-0.4947,0.67864,0.7162904929999999,2.2853,4.5,2.7,1.7999999999999998
eval_20260723_115807,Ministral-3-8B-Instruct-2512,jina,twostage,jina/twostage,129,AfD,5,1.8484,-2.466,-1.0823399999999999,3.124580308,4.3144,7.0,6.5,0.5
eval_20260723_115807,Ministral-3-8B-Instruct-2512,jina,twostage,jina/twostage,799,SPD,5,-2.0804,-5.6475,-3.8342599999999996,1.5919691879999998,3.5671,5.8,2.7,3.0999999999999996
eval_20260723_115807,Ministral-3-8B-Instruct-2512,jina,twostage,jina/twostage,521,DIE LINKE,5,-3.3381,-4.9767,-4.452540000000001,0.5209144130000002,1.6386000000000003,1.2,1.3,0.10000000000000009
eval_20260723_115807,Ministral-3-8B-Instruct-2512,jina,twostage,jina/twostage,65,BÜNDNIS 90/DIE GRÜNEN,5,-0.0521,-2.1455,-1.2795400000000001,0.8206918280000001,2.0934000000000004,4.2,2.4,1.8000000000000003
eval_20260723_115807,Ministral-3-8B-Instruct-2512,jina,twostage,jina/twostage,14,BÜNDNIS 90/DIE GRÜNEN,5,-1.8274,-2.8867,-2.55278,0.18444955700000004,1.0593,4.7,2.4,2.3000000000000003
eval_20260723_115807,Ministral-3-8B-Instruct-2512,jina,twostage,jina/twostage,157,AfD,5,-3.3717,-4.566,-4.0523,0.23484474499999997,1.1942999999999997,6.8,6.5,0.2999999999999998
eval_20260723_115807,Ministral-3-8B-Instruct-2512,jina,twostage,jina/twostage,40,AfD,5,4.4885,3.3504,3.6978999999999997,0.20781233500000004,1.1381000000000001,6.8,6.5,0.2999999999999998
eval_20260723_115807,Ministral-3-8B-Instruct-2512,jina,twostage,jina/twostage,493,DIE LINKE,5,-0.9777,-2.368,-1.50028,0.4223435469999999,1.3902999999999999,1.2,1.3,0.10000000000000009
eval_20260723_115807,Ministral-3-8B-Instruct-2512,jina,twostage,jina/twostage,380,FDP,5,-0.6836,-2.5683,-1.7246000000000001,0.584537315,1.8846999999999998,6.8,4.3,2.5
eval_20260723_115807,Ministral-3-8B-Instruct-2512,jina,twostage,jina/twostage,188,AfD,5,-2.6571,-3.4334,-3.1770199999999997,0.11094925700000005,0.7763,7.0,6.5,0.5
eval_20260723_115807,Ministral-3-8B-Instruct-2512,jina,twostage,jina/twostage,217,BÜNDNIS 90/DIE GRÜNEN,5,-5.1504,-5.8671,-5.55076,0.07939932299999987,0.7166999999999994,5.8,2.4,3.4
eval_20260723_115807,Ministral-3-8B-Instruct-2512,jina,twostage,jina/twostage,53,BÜNDNIS 90/DIE GRÜNEN,5,-1.0053,-3.3424,-2.16494,1.1060832879999998,2.3371,6.8,2.4,4.4
eval_20260723_115807,Ministral-3-8B-Instruct-2512,jina,twostage,jina/twostage,338,CDU,5,-1.3302,-3.8817,-2.7984400000000003,0.998616763,2.5515,3.2,4.7,1.5
eval_20260723_115807,Ministral-3-8B-Instruct-2512,jina,twostage,jina/twostage,720,SPD,5,-0.321,-2.0709,-1.1115,0.597368295,1.7499,6.8,2.7,4.1
eval_20260723_115807,Ministral-3-8B-Instruct-2512,jina,twostage,jina/twostage,725,SPD,5,4.7091,0.2866,1.4899200000000001,3.424633667,4.4225,4.2,2.7,1.5
eval_20260723_115807,Ministral-3-8B-Instruct-2512,jina,twostage,jina/twostage,296,BÜNDNIS 90/DIE GRÜNEN,5,0.6812,-1.8098,-0.7555,0.9171976300000001,2.491,3.2,2.4,0.8000000000000003
eval_20260723_115807,Ministral-3-8B-Instruct-2512,jina,twostage,jina/twostage,702,SPD,5,-1.1499,-2.5519,-1.99908,0.274683912,1.402,4.2,2.7,1.5
eval_20260723_115807,Ministral-3-8B-Instruct-2512,jina,twostage,jina/twostage,252,BÜNDNIS 90/DIE GRÜNEN,5,-2.4684,-4.7064,-3.9080600000000003,0.8255943480000001,2.2380000000000004,3.2,2.4,0.8000000000000003
eval_20260723_115807,Ministral-3-8B-Instruct-2512,jina,twostage,jina/twostage,727,SPD,5,0.0731,-2.7473,-1.5827399999999998,1.890673483,2.8204000000000002,3.8,2.7,1.0999999999999996
eval_20260723_115807,Ministral-3-8B-Instruct-2512,jina,twostage,jina/twostage,462,DIE LINKE,5,1.5298,-0.4309,0.58754,0.5682473530000001,1.9607,6.5,1.3,5.2
eval_20260723_115807,Ministral-3-8B-Instruct-2512,jina,twostage,jina/twostage,456,DIE LINKE,5,-1.1046,-2.8994,-2.0351,0.67690837,1.7948,6.5,1.3,5.2
eval_20260723_115807,Ministral-3-8B-Instruct-2512,jina,twostage,jina/twostage,270,BÜNDNIS 90/DIE GRÜNEN,5,3.3544,-0.7422,0.56836,2.655047933,4.0966000000000005,,2.4,
eval_20260723_115807,Ministral-3-8B-Instruct-2512,jina,twostage,jina/twostage,202,AfD,5,-4.0305,-5.3468,-4.53806,0.26121736300000004,1.3163,1.2,6.5,5.3
eval_20260723_115807,Ministral-3-8B-Instruct-2512,jina,twostage,jina/twostage,556,DIE LINKE,5,-0.9705,-2.8872,-2.06672,0.4998052870000001,1.9167,7.0,1.3,5.7
eval_20260723_115807,Ministral-3-8B-Instruct-2512,jina,twostage,jina/twostage,730,SPD,5,-4.1137,-5.6726,-4.94454,0.3876527930000002,1.5589000000000004,4.2,2.7,1.5
eval_20260723_115807,Ministral-3-8B-Instruct-2512,jina,twostage,jina/twostage,402,FDP,5,0.1807,-1.9871,-1.0952,0.79010672,2.1678,3.2,4.3,1.0999999999999996
eval_20260723_115807,Ministral-3-8B-Instruct-2512,jina,twostage,jina/twostage,703,SPD,5,-2.6679,-4.3091,-3.6553000000000004,0.49839844,1.6412,4.5,2.7,1.7999999999999998
eval_20260723_115807,Ministral-3-8B-Instruct-2512,jina,twostage,jina/twostage,477,DIE LINKE,5,-0.9572,-3.0241,-2.05908,0.5762416519999999,2.0668999999999995,2.1,1.3,0.8
eval_20260723_115807,Ministral-3-8B-Instruct-2512,jina,twostage,jina/twostage,106,BÜNDNIS 90/DIE GRÜNEN,5,-4.1896,-5.4718,-4.8655,0.28448894,1.2821999999999996,,2.4,
eval_20260723_115807,Ministral-3-8B-Instruct-2512,jina,twostage,jina/twostage,566,DIE LINKE,5,3.3275,-1.5157,0.7941800000000001,3.9657387170000002,4.8432,1.2,1.3,0.10000000000000009
eval_20260723_115807,Ministral-3-8B-Instruct-2512,jina,twostage,jina/twostage,390,FDP,5,-0.0374,-1.6759,-0.9993400000000001,0.6207161630000001,1.6384999999999998,2.1,4.3,2.1999999999999997
eval_20260723_115807,Ministral-3-8B-Instruct-2512,jina,twostage,jina/twostage,1,CDU/CSU,5,2.3869,-1.6695,-0.3765,2.667157015,4.0564,4.7,4.7,0.0
eval_20260723_115807,Ministral-3-8B-Instruct-2512,jina,twostage,jina/twostage,768,SPD,5,3.9827,0.1247,1.4144,2.45641448,3.858,4.2,2.7,1.5
eval_20260723_115807,Ministral-3-8B-Instruct-2512,jina,twostage,jina/twostage,562,DIE LINKE,5,-3.2945,-5.3888,-4.41486,1.005772033,2.0942999999999996,1.2,1.3,0.10000000000000009
eval_20260723_115807,Ministral-3-8B-Instruct-2512,jina,twostage,jina/twostage,81,BÜNDNIS 90/DIE GRÜNEN,5,2.0429,0.0835,0.9652199999999999,0.6848579319999999,1.9594,4.5,2.4,2.1
eval_20260723_115807,Ministral-3-8B-Instruct-2512,jina,twostage,jina/twostage,206,AfD,5,-1.0892,-3.5989,-2.74496,1.000413213,2.5097,7.0,6.5,0.5
eval_20260723_115807,Ministral-3-8B-Instruct-2512,jina,twostage,jina/twostage,34,AfD,5,0.7437,-3.4787,-2.33348,3.057556432,4.2224,7.0,6.5,0.5
eval_20260723_115807,Ministral-3-8B-Instruct-2512,jina,twostage,jina/twostage,509,DIE LINKE,5,2.2044,-0.605,0.80094,1.6909623580000002,2.8094,5.2,1.3,3.9000000000000004
eval_20260723_115807,Ministral-3-8B-Instruct-2512,jina,twostage,jina/twostage,428,DIE LINKE,5,-0.1135,-3.7254,-2.6758800000000003,2.1800937069999997,3.6119,1.2,1.3,0.10000000000000009
eval_20260723_115807,Ministral-3-8B-Instruct-2512,jina,twostage,jina/twostage,455,DIE LINKE,5,-0.6868,-4.0025,-2.1109,1.9493559900000004,3.3157000000000005,3.2,1.3,1.9000000000000001
eval_20260723_115807,Ministral-3-8B-Instruct-2512,jina,twostage,jina/twostage,367,FDP,5,-1.1478,-3.7222,-2.53156,1.5071909630000002,2.5744,4.5,4.3,0.20000000000000018
eval_20260723_115807,Ministral-3-8B-Instruct-2512,jina,twostage,jina/twostage,92,AfD,5,0.3639,-1.9755,-0.8825000000000001,0.7691462149999999,2.3394,6.8,6.5,0.2999999999999998
eval_20260723_115807,Ministral-3-8B-Instruct-2512,jina,twostage,jina/twostage,340,CDU,5,-1.868,-2.732,-2.41488,0.128809552,0.8640000000000001,4.2,4.7,0.5
eval_20260723_115807,Ministral-3-8B-Instruct-2512,jina,twostage,jina/twostage,565,DIE LINKE,5,0.7275,-1.5243,-0.7253000000000001,0.845046695,2.2518000000000002,1.2,1.3,0.10000000000000009
eval_20260723_115807,Ministral-3-8B-Instruct-2512,jina,twostage,jina/twostage,346,CSU,5,0.2703,-2.8178,-2.04648,1.7577632319999998,3.0881,4.2,5.4,1.2000000000000002
eval_20260723_115807,Ministral-3-8B-Instruct-2512,jina,twostage,jina/twostage,242,BÜNDNIS 90/DIE GRÜNEN,5,-2.4242,-3.6018,-2.9854,0.21633026499999997,1.1776,4.5,2.4,2.1
eval_20260723_115807,Ministral-3-8B-Instruct-2512,jina,twostage,jina/twostage,13,BÜNDNIS 90/DIE GRÜNEN,5,1.5596,1.2751,1.38682,0.013413792000000018,0.2845000000000002,3.2,2.4,0.8000000000000003
eval_20260723_115807,Ministral-3-8B-Instruct-2512,jina,twostage,jina/twostage,316,BÜNDNIS 90/DIE GRÜNEN,5,-2.3563,-4.6878,-3.5624199999999995,1.027603917,2.3315,4.5,2.4,2.1
eval_20260723_115807,Ministral-3-8B-Instruct-2512,jina,twostage,jina/twostage,388,FDP,5,0.2293,-0.7404,-0.19954,0.19866599299999999,0.9697,7.0,4.3,2.7
eval_20260723_115807,Ministral-3-8B-Instruct-2512,jina,twostage,jina/twostage,274,BÜNDNIS 90/DIE GRÜNEN,5,5.8594,2.6609,3.8836799999999996,1.497389437,3.1985,3.2,2.4,0.8000000000000003
eval_20260723_115807,Ministral-3-8B-Instruct-2512,jina,twostage,jina/twostage,167,AfD,5,-3.1844,-4.5584,-4.02632,0.462675737,1.3739999999999997,7.0,6.5,0.5
eval_20260723_115807,Ministral-3-8B-Instruct-2512,jina,twostage,jina/twostage,814,SPD,5,-2.6765,-4.6916,-3.3220199999999998,0.6199422070000002,2.0151000000000003,4.5,2.7,1.7999999999999998
eval_20260723_115807,Ministral-3-8B-Instruct-2512,jina,twostage,jina/twostage,647,SPD,5,-0.6462,-2.3381,-1.5586799999999998,0.5220413869999999,1.6919,6.8,2.7,4.1
eval_20260723_115807,Ministral-3-8B-Instruct-2512,jina,twostage,jina/twostage,485,DIE LINKE,5,-3.3765,-4.7079,-4.0967,0.2832996350000001,1.3314000000000004,4.2,1.3,2.9000000000000004
eval_20260723_115807,Ministral-3-8B-Instruct-2512,jina,twostage,jina/twostage,803,SPD,5,2.0483,-2.4886,-0.91516,4.099402637999999,4.536899999999999,4.2,2.7,1.5
eval_20260723_115807,Ministral-3-8B-Instruct-2512,jina,twostage,jina/twostage,505,DIE LINKE,5,-0.809,-1.8767,-1.3005600000000002,0.21199259299999998,1.0676999999999999,6.5,1.3,5.2
eval_20260723_115807,Ministral-3-8B-Instruct-2512,jina,twostage,jina/twostage,244,BÜNDNIS 90/DIE GRÜNEN,5,3.7619,2.4342,3.05912,0.24764946699999985,1.3276999999999997,2.1,2.4,0.2999999999999998
eval_20260723_115807,Ministral-3-8B-Instruct-2512,jina,twostage,jina/twostage,567,DIE LINKE,5,-2.4886,-3.0396,-2.8243400000000003,0.055319428000000004,0.5510000000000002,4.2,1.3,2.9000000000000004
eval_20260723_115807,Ministral-3-8B-Instruct-2512,jina,twostage,jina/twostage,563,DIE LINKE,5,-1.581,-4.235,-2.59696,1.0149825730000002,2.6540000000000004,1.1,1.3,0.19999999999999996
eval_20260723_115807,Ministral-3-8B-Instruct-2512,jina,twostage,jina/twostage,687,SPD,5,-4.7754,-5.3078,-4.95514,0.044214598000000035,0.5324,4.5,2.7,1.7999999999999998
eval_20260723_115807,Ministral-3-8B-Instruct-2512,jina,twostage,jina/twostage,190,AfD,5,0.1015,-2.729,-1.63474,1.3496698930000002,2.8305000000000002,6.8,6.5,0.2999999999999998
eval_20260723_115807,Ministral-3-8B-Instruct-2512,jina,twostage,jina/twostage,700,SPD,5,-2.0463,-3.7949,-3.12286,0.44041780300000016,1.7486000000000002,5.8,2.7,3.0999999999999996
eval_20260723_115807,Ministral-3-8B-Instruct-2512,jina,twostage,jina/twostage,476,DIE LINKE,5,-0.2768,-1.8133,-1.23902,0.498310897,1.5365,4.5,1.3,3.2
eval_20260723_115807,Ministral-3-8B-Instruct-2512,jina,twostage,jina/twostage,682,SPD,5,-2.9063,-5.2566,-4.498279999999999,0.8477683870000001,2.3503,4.5,2.7,1.7999999999999998
eval_20260723_115807,Ministral-3-8B-Instruct-2512,jina,twostage,jina/twostage,511,DIE LINKE,5,1.1403,-1.1675,0.025959999999999983,1.0384779480000002,2.3078000000000003,1.2,1.3,0.10000000000000009
eval_20260723_115807,Ministral-3-8B-Instruct-2512,jina,twostage,jina/twostage,59,BÜNDNIS 90/DIE GRÜNEN,5,1.6439,0.0545,0.7468199999999999,0.418609597,1.5894,3.8,2.4,1.4
eval_20260723_115807,Ministral-3-8B-Instruct-2512,jina,twostage,jina/twostage,475,DIE LINKE,5,-2.7769,-3.9092,-3.42096,0.24564159799999996,1.1322999999999999,5.8,1.3,4.5
eval_20260723_115807,Ministral-3-8B-Instruct-2512,jina,twostage,jina/twostage,561,DIE LINKE,5,3.2557,0.5854,1.2921799999999999,1.226571562,2.6703,1.2,1.3,0.10000000000000009
eval_20260723_115807,Ministral-3-8B-Instruct-2512,jina,twostage,jina/twostage,748,SPD,5,-1.8904,-3.1311,-2.5756799999999997,0.359901947,1.2407,2.1,2.7,0.6000000000000001
eval_20260723_115807,Ministral-3-8B-Instruct-2512,jina,twostage,jina/twostage,253,BÜNDNIS 90/DIE GRÜNEN,5,1.2525,-0.225,0.4395199999999999,0.439973677,1.4775,2.1,2.4,0.2999999999999998
eval_20260723_115807,Ministral-3-8B-Instruct-2512,jina,twostage,jina/twostage,21,BÜNDNIS 90/DIE GRÜNEN,5,-3.4347,-5.4643,-4.55162,0.539154497,2.0296,7.0,2.4,4.6
eval_20260723_115807,Ministral-3-8B-Instruct-2512,jina,twostage,jina/twostage,314,BÜNDNIS 90/DIE GRÜNEN,5,2.2925,-0.8754,0.4765,1.8575446249999998,3.1679,5.8,2.4,3.4
eval_20260723_115807,Ministral-3-8B-Instruct-2512,jina,twostage,jina/twostage,460,DIE LINKE,5,4.1764,2.5453,3.13142,0.378499452,1.6311,1.2,1.3,0.10000000000000009
eval_20260723_115807,Ministral-3-8B-Instruct-2512,jina,twostage,jina/twostage,161,AfD,5,-1.5799,-3.263,-2.70836,0.47439671799999994,1.6830999999999998,5.8,6.5,0.7000000000000002
eval_20260723_115807,Ministral-3-8B-Instruct-2512,jina,twostage,jina/twostage,277,BÜNDNIS 90/DIE GRÜNEN,5,-2.7544,-3.9209,-3.6071199999999997,0.23214540200000006,1.1665,4.5,2.4,2.1
eval_20260723_115807,Ministral-3-8B-Instruct-2512,jina,twostage,jina/twostage,192,AfD,5,5.7362,0.5177,2.2611599999999994,4.453835458,5.218500000000001,7.0,6.5,0.5
eval_20260723_115807,Ministral-3-8B-Instruct-2512,jina,twostage,jina/twostage,386,FDP,5,3.5994,1.3391,2.67288,0.768121987,2.2603,3.2,4.3,1.0999999999999996
eval_20260723_115807,Ministral-3-8B-Instruct-2512,jina,twostage,jina/twostage,414,FDP,5,-0.7381,-2.4416,-1.61782,0.5276681470000001,1.7035000000000002,4.2,4.3,0.09999999999999964
eval_20260723_115807,Ministral-3-8B-Instruct-2512,jina,twostage,jina/twostage,492,DIE LINKE,5,-1.4977,-3.686,-2.80086,0.690594973,2.1883,3.8,1.3,2.5
eval_20260723_115807,Ministral-3-8B-Instruct-2512,jina,twostage,jina/twostage,344,CSU,5,-1.7584,-3.8469,-2.7808,0.9914318850000001,2.0885000000000002,5.8,5.4,0.39999999999999947
eval_20260723_115807,Ministral-3-8B-Instruct-2512,jina,twostage,jina/twostage,770,SPD,5,-3.9247,-5.677,-5.02588,0.5048106169999999,1.7522999999999995,3.8,2.7,1.0999999999999996
eval_20260723_115807,Ministral-3-8B-Instruct-2512,jina,twostage,jina/twostage,309,BÜNDNIS 90/DIE GRÜNEN,5,0.2938,-1.941,-0.7427400000000001,0.885391158,2.2348,4.5,2.4,2.1
eval_20260723_115807,Ministral-3-8B-Instruct-2512,jina,twostage,jina/twostage,662,SPD,5,-1.4458,-3.823,-2.9276400000000002,0.9473413330000001,2.3772,1.2,2.7,1.5000000000000002
eval_20260723_115807,Ministral-3-8B-Instruct-2512,jina,twostage,jina/twostage,131,AfD,5,-1.6461,-3.5557,-2.6679199999999996,0.664701532,1.9096,7.0,6.5,0.5
eval_20260723_115807,Ministral-3-8B-Instruct-2512,jina,twostage,jina/twostage,664,SPD,5,0.3457,-1.3162,-0.60578,0.549062987,1.6619000000000002,2.1,2.7,0.6000000000000001
eval_20260723_115807,Ministral-3-8B-Instruct-2512,jina,twostage,jina/twostage,373,FDP,5,-3.6207,-5.8628,-4.83842,0.7593888469999999,2.2421,4.5,4.3,0.20000000000000018
eval_20260723_115807,Ministral-3-8B-Instruct-2512,jina,twostage,jina/twostage,88,BÜNDNIS 90/DIE GRÜNEN,5,1.6919,-1.2436,-0.5201399999999999,1.539577973,2.9355,3.2,2.4,0.8000000000000003
eval_20260723_115807,Ministral-3-8B-Instruct-2512,jina,twostage,jina/twostage,459,DIE LINKE,5,-4.2402,-5.0763,-4.67404,0.11245055299999995,0.8361000000000001,2.2,1.3,0.9000000000000001
eval_20260723_115807,Ministral-3-8B-Instruct-2512,jina,twostage,jina/twostage,331,CDU,5,0.568,-1.1622,-0.6551199999999999,0.48177847699999987,1.7302,3.2,4.7,1.5
eval_20260723_115807,Ministral-3-8B-Instruct-2512,jina,twostage,jina/twostage,467,DIE LINKE,5,-1.3878,-3.1123,-2.3445199999999997,0.538549702,1.7245,1.1,1.3,0.19999999999999996
eval_20260723_115807,Ministral-3-8B-Instruct-2512,jina,twostage,jina/twostage,122,AfD,5,1.292,-0.9327,0.04261999999999999,0.7881692969999999,2.2247,7.0,6.5,0.5
eval_20260723_115807,Ministral-3-8B-Instruct-2512,jina,twostage,jina/twostage,615,SPD,5,2.7522,-0.3135,1.1973999999999998,1.3821174750000003,3.0657,2.8,2.7,0.09999999999999964
eval_20260723_115807,Ministral-3-8B-Instruct-2512,jina,twostage,jina/twostage,20,BÜNDNIS 90/DIE GRÜNEN,5,-1.9855,-2.8259,-2.5088999999999997,0.14497982499999998,0.8403999999999998,2.1,2.4,0.2999999999999998
eval_20260723_115807,Ministral-3-8B-Instruct-2512,jina,twostage,jina/twostage,701,SPD,5,-2.1717,-3.5016,-3.1422,0.321347405,1.3298999999999999,6.8,2.7,4.1
eval_20260723_115807,Ministral-3-8B-Instruct-2512,jina,twostage,jina/twostage,107,CDU/CSU,5,-1.5945,-3.1636,-2.52116,0.436408873,1.5691000000000002,1.2,4.7,3.5
eval_20260723_115807,Ministral-3-8B-Instruct-2512,jina,twostage,jina/twostage,271,BÜNDNIS 90/DIE GRÜNEN,5,-1.5564,-3.1428,-2.4733799999999997,0.36851446699999996,1.5863999999999998,2.1,2.4,0.2999999999999998
eval_20260723_115807,Ministral-3-8B-Instruct-2512,jina,twostage,jina/twostage,436,DIE LINKE,5,-3.628,-5.4135,-4.72138,0.5287587770000001,1.7854999999999999,3.2,1.3,1.9000000000000001
eval_20260723_115807,Ministral-3-8B-Instruct-2512,jina,twostage,jina/twostage,103,BÜNDNIS 90/DIE GRÜNEN,5,-0.5974,-3.0013,-1.98824,0.9272425530000001,2.4039,5.8,2.4,3.4
